:020000040800F2
:10000000802900209D01000895540008814C0008BB
:10001000A9510008FD1200081D9F00080000000003
:10002000000000000000000000000000C9590008A6
:100030004D150008000000009D580008415B0008B5
:10004000B7010008B7010008B7010008B7010008B0
:10005000B7010008B7010008B7010008B7010008A0
:10006000B7010008B7010008B7010008B701000890
:10007000B7010008B7010008B7010008B701000880
:10008000B7010008B7010008B7010008B701000870
:10009000B7010008B7010008B7010008B701000860
:1000A000B7010008B7010008B7010008B701000850
:1000B000195C0008B7010008B7010008B701000883
:1000C000B7010008B7010008B7010008B701000830
:1000D000B701000831640008B7010008B701000843
:1000E000B7010008B7010008B7010008B701000810
:1000F000B7010008B7010008B7010008B701000800
:10010000B7010008B7010008B7010008B7010008EF
:10011000B7010008B7010008B7010008B7010008DF
:10012000B7010008B7010008B7010008B7010008CF
:10013000B7010008B7010008B7010008B7010008BF
:10014000B7010008B7010008B7010008055500080D
:10015000B7010008B7010008B7010008B70100089F
:10016000B7010008B7010008B7010008B70100088F
:10017000B7010008B7010008B7010008000000003F
:10018000B7010008B7010008DFF80CD000F010FE3E
:1001900000480047F99F0008802900200648804752
:1001A00006480047FEE7FEE7FEE7FEE7FEE7FEE75C
:1001B000FEE7FEE7FEE7FEE7055C000889010008B0
:1001C0002DE9F05F0546002092469B46884606468C
:1001D000814640241BE0284641464746224600F01F
:1001E0007AF853465A46C01A914110D31146184620
:1001F000224600F061F82D1A67EB01084F462246AF
:100200000120002100F058F817EB00094E41201E94
:10021000A4F10104DFDC484631462A464346BDE8E6
:10022000F09FD2B201E000F8012B491EFBD27047CB
:100230000022F6E710B513460A4604461946FFF7B2
:10024000F0FF204610BD421C10F8011B0029FBD115
:10025000801A70470FB400B58DB010A909900B90AB
:1002600000914FF0FF300A9000200C900548069056
:10027000054807906A4609A80F9900F0B3FB0DB036
:100280005DF814FB010A00081F0A000830B50B4690
:10029000014600202022012409E021FA02F59D42B6
:1002A00005D303FA02F5491B04FA02F52844151E8A
:1002B000A2F10102F1DC30BD202A04DB203A00FA71
:1002C00002F1002070479140C2F1200320FA03F3AD
:1002D000194390407047202A04DB203A21FA02F0AB
:1002E0000021704721FA02F3D040C2F12002914070
:1002F0000843194670472DE9FF4F1C4681B0002185
:10030000D4E9016791464FF0FF358A468846A169D6
:100310006D1C02988847216A834688470028F6D1D9
:10032000BBF1FF3F0CD026F4C066002F1ADD70062B
:1003300015D5BBF12B0F0AD0BBF12D0F0FD104E067
:100340004FF0FF3005B0BDE8F08F46F48066A1693C
:100350006D1C029888477F1E8346002F02DDBBF18B
:10036000300F03D0B9F1000F2AD025E0A1696D1C30
:1003700046F400767F1E029888478346002F05DDED
:10038000BBF1780F06D0BBF1580F03D0B9F1000FC5
:1003900010D011E0B9F1000F02D0B9F1100F0BD15C
:1003A000A1696D1C26F400767F1E0298884783465B
:1003B000102000E0082081464FEAE970009017E025
:1003C0000A20F8E74346AAFB092803FB0980DDF869
:1003D00000C07F1E0AFB0C0112EB0B0A41EBEB780D
:1003E000A16946F4007605F1010502988847834625
:1003F000002F06DD4946584600F009FD5FEA000B74
:10040000E0D5E16902988847B00502D46FF0010099
:1004100098E7F00718D1700610D57005514605D53C
:100420000023D1EB030163EB080200E042462068A1
:10043000031D23600068C0E9001205E02068011D6B
:1004400021600068C0E900A828467BE72DE9FF5F2E
:100450001D464FF0FF3BD5E9014691465F464FF000
:100460000008A9697F1C01988847296A8246884745
:100470000028F6D1BAF1FF3F0CD024F4C064002E5E
:1004800019DD600614D5BAF12B0F09D0BAF12D0F82
:100490000ED103E0584604B0BDE8F09F44F48064F8
:1004A000A9697F1C01988847761E8246002E02DDCE
:1004B000BAF1300F03D0B9F1000F26D032E0A969AC
:1004C000761E44F400747F1C019888478246002EF3
:1004D00005DDBAF1780F06D0BAF1580F03D0B9F1A3
:1004E000000F10D01EE0B9F1000F02D0B9F1100FCB
:1004F00018D1A969761E24F400747F1C01988847DE
:100500008246102002E0082000E00A20814609E02F
:1005100008FB0908A969761E44F400747F1C019841
:1005200088478246002E05DD4946504600F06FFCA4
:100530000028EDDAE96901988847A00502D46FF038
:100540000100A8E7E00725D1600613D5600502D5B4
:10055000C8F1000000E0404629680A1D2A600968C9
:10056000220501D5087015E0220701D5088011E0A9
:1005700008600FE02868011D29600068210502D588
:1005800080F8008006E0210702D5A0F8008001E095
:10059000C0F8008038467EE72DE9FF5FD2E901A769
:1005A0004FF00008916999461446DDF838B0464688
:1005B00001988847054659EA0B0005D009E0A16972
:1005C000761C019888470546216A284688470028F6
:1005D000F5D1681C03D05FEACA7005D015E04FF072
:1005E000FF3004B0BDE8F09F2068011D2160D0F805
:1005F00000800AE05FEACA7001D108F8015BA169D6
:10060000761C7F1E019888470546002F1ADD681C5E
:1006100018D0B9F1000F0DD0E81705EBD0604211EA
:1006200020F01F0059F822102A1A012090400142A0
:10063000E0D107E0BBF1000FDCD1216A28468847F2
:100640000028D7D0E16901988847BBF1000F07D196
:10065000002E05DD5FEACA7002D1002188F8001083
:10066000A068B84203DDBBF1000F03D017B16FF0F3
:100670000100B6E73046B4E72DE9FF4F087883B0B4
:100680009946FF2805D0491C2D2804D000240020BD
:1006900008E000200BE00124F9E700EB800003EB09
:1006A0004000491C0B78FF2BF7D104B140420023D6
:1006B0000293147819461D462D2C01D02B2C04D101
:1006C000521C2D2C13D000240294AA461478FF2C1F
:1006D0000FD00A25A3FB057801FB05814FF0000C24
:1006E00003FB0C11521CE3194AEB0101EEE7012454
:1006F000EAE7814453EA010002D019F5C87F06DA1F
:1007000003980021C0E9001107B0BDE8F08F002573
:10071000AE4E2F46DFF8B882184600F07AFDCDE9DC
:100720000001B9F1000002DAC9F1000400E004465A
:100730000023A74A1AEB030B42EB045A12E0E0072E
:1007400007D02A4633463846414600F020FA07468D
:1007500088462A4633461046194600F018FA0546E0
:100760000E466410002CEAD1DDE90001B9F1000F5A
:100770005A46534606DA00F07CFA3A46434600F001
:1007800078FA05E000F003FA3A46434600F0FFF934
:10079000029A0AB181F00041039AC2E90001B3E76D
:1007A0002DE9FF4F1F468DB0D7E901464FF0FF38C6
:1007B0002E2045464FF000090B90B9696D1C0E982C
:1007C0008847396A824688470028F6D1BAF1FF3F48
:1007D0000AD024F4D064002E11DDBAF12B0F08D01A
:1007E000BAF12D0F0BD102E0404611B08DE744F471
:1007F0008064B9696D1C0E9888478246761E6946EA
:10080000600501D52D2000E02B208DF8000001F1BE
:10081000010B0DF1200809E0B9696D1C0E9888479D
:1008200082460F9844F40074761E0560002E02DDA7
:10083000BAF1300FF0D00B998A453ED144F08004D4
:1008400006E00F99681CA9F1010944F400740860DE
:10085000B9696D1C761E0E98884782463028F0D004
:100860002BE00B998A4505D1200603D444F080047F
:10087000761E18E0504609F0EBFC08B30DF11302A8
:10088000761EAAF1300044F40074934506D20BF8AA
:10089000010B200607D5A9F1010003E0200602D4D0
:1008A00009F101008146A00502D50F99681C086076
:1008B000B9696D1C0E9888478246002ED1DC53E042
:1008C000002E51DDBAF1650F02D0BAF1450F4BD1C0
:1008D000A00549D5B9696D1C24F44074761E0E98A4
:1008E00088478246002E0CDD2B2804D0BAF12D0F4C
:1008F00007D144F48074B9696D1C0E98884782460C
:10090000761EE00501D52D2100E02B2108F8011B02
:10091000CDF82C8021E00DF12901761E44F40074FD
:1009200088450CD2AAF1300010F0FF0088F80000D2
:1009300002D10B99884509D908F1010806E0E005C4
:1009400001D5244801E042F20F708146B9696D1C5F
:100950000E98884782460F980560002E04DD5046A9
:1009600009F076FC0028D6D1F9690E988847FF2057
:100970008BF8000088F800000020069007904B4696
:100980006A4608A906A8FFF777FEA00502D46FF013
:1009900001002AE714F0240F0AD0E00714D1DDE9A2
:1009A00006123868031D3B600068C0E900120BE0C6
:1009B000DDE9060100F039FC0146E00704D13868A2
:1009C000021D3A600068016028460EE700001440EE
:1009D0000000F03FF1D8FFFF026811441378016076
:1009E00018467047D16004495161044911620021E1
:1009F0001161114600F01ABAD9090008050E000865
:100A0000426842B1016811F8013B23B1521EC0E9AE
:100A10000012184670470121C160881E7047426865
:100A20005AB1C368016843B983688B4205D0491E37
:100A3000521CC0E90012002070474FF0FF30704791
:100A40002DE9FE4F804681EA0300C00F0C4600905E
:100A500021F0004123F00045B8EB0200A94105D286
:100A60004046214690461C460B46024623F0004075
:100A7000104347D0270DC7F30A00C3F30A51029071
:100A8000401A019040286BDAC3F3130040F4801B36
:100A90000098924620B10023D2EB030A63EB0B0BC4
:100AA00001985946C0F140025046FFF705FC064642
:100AB0000D4650465946019A00F092F910EB080095
:100AC0006141002487EA115284EAE7731A4340D057
:100AD000009A62B3019A012A4FEA075215DC001B03
:100AE00061EB02014FF0004202EA0752CDE90042F9
:100AF000001C41F5801132462B4600F03CFB03B050
:100B0000BDE8F08F40462146F9E7001B61EB02018A
:100B1000001C41F5801300185B412018A2F5001756
:100B200047EB030140EAD570B6196D4111E06D083D
:100B30004FEA360645EAC0754FEA0752001B61EBE3
:100B40000201001C41F5801149084FEA30000019EC
:100B5000514132462B4603B0BDE8F04F00F0FCBADD
:100B60000098012240000023D0EB020263EBE07307
:100B7000009821464FEAE074B8EB000061EB0401F5
:100B8000E9E783F000435BE781F0004158E72DE996
:100B9000FE4F81EA030404F0004421F00041009478
:100BA0004FF0000B23F0004350EA01045ED052EAFC
:100BB00003045BD0C3F30A54C1F30A552C44A4F2D6
:100BC000F3340194A0FB0254C1F3130141F48011EA
:100BD000C3F3130343F4801301FB024400FB034EF1
:100BE000840A970A44EA815447EA8357A4FB0768BA
:100BF00002958D0A05FB07854FEA932C04FB0C54E4
:100C00002705029D4FEA065847EA1637B5EB080557
:100C10006EEB070C870E920E47EA811742EA8312A9
:100C2000A7FB0201B6EB0B0164EB00042B0D43EABA
:100C30000C335E1844EB1C50DA465146E7FB0201C8
:100C4000C5F313044FEA0B3343EA14534FEA04325B
:100C5000019C43EA0603A4F10C040294009CCDE934
:100C600000B400F088FA03B0BDE8F08F0020014620
:100C7000F9E72DE9F04D81EA030404F0004B21F07F
:100C8000004514464FF0000A23F0004150EA0502E7
:100C900020D054EA01021DD0C5F30A570246C5F31D
:100CA0001303C1F31300C1F30A5640F4801543F453
:100CB0008013A7EB0608101BD64608F2FD3873EB2D
:100CC000050002D308F1010801E092185B41B8F178
:100CD000000F03DA00200146BDE8F08D00204FF43C
:100CE0008011064684460EE0171B73EB050705D3FB
:100CF000121B63EB050306434CEA010C49084FEA5B
:100D0000300092185B4150EA0107EDD152EA03002E
:100D100012D082EA040083EA0501084305D0101BC3
:100D2000AB4106D20122002306E000224FF000432F
:100D300002E06FF0010253101AEB06004CEB085171
:100D400010EB0A0041EB0B01BDE8F04D00F004BAD6
:100D5000C1F30A52C1F3130140F2FF3341F4801191
:100D60009A4202DA00200146704740F233439A4229
:100D7000A2F2334202DC5242FFF7ADBAFFF79CBA4F
:100D800030B5041E71F1000404DB4FF00044404212
:100D900064EB0101141E73F1000405DB1C464FF0E7
:100DA0000043524263EB0403994208BF904230BDB6
:100DB0001CB509480090094801900546009C06E0D2
:100DC000E06840F0010394E8070098471034AC4213
:100DD000F6D3FFF7DDF9000068AA000888AA00082A
:100DE000202A06DBCB17203A41FA02F043EAE073EF
:100DF00006E041FA02F3D040C2F1200291400843DC
:100E000019467047C0B24FF4F05100F02BBA3A289F
:100E100000D2303820F02002412A01D3A2F137005D
:100E2000884201D34FF0FF30704700002DE9F34FA7
:100E30008BB04FF0000801F10C000C464FF0010B95
:100E400046460DF1080A0190626901210198904718
:100E5000051E2DD0252D2CD0216A8847C0B162698E
:100E6000012101989047216A88470028F7D1411E47
:100E700062690198904700E0761CA1690B98884749
:100E8000216A88470028F7D1E1690B988847DBE79A
:100E9000A1690B9888470746A84201D1761CD3E781
:100EA000E1690B9888477F1C02D1B8F1000F6FD021
:100EB00046E1002762693D463946019890472A2855
:100EC00004D162690121019890470125DFF88492DD
:100ED0006269012101989047A0F130010A290AD2E4
:100EE0004F45E5DC07EB870100EB4107303FDFD4DE
:100EF00045F01005ECE7E90601D46FF000476C28D7
:100F00000AD04C2814D0682815D06A280DD074282F
:100F10001CD07A281AD01DE06269012101989047FF
:100F20006C2802D045F0040514E045F002050DE000
:100F300045F020050AE06269012101989047682880
:100F400002D045F0080505E045F40065626901211D
:100F500001989047C4E9015765283DD019DC58280D
:100F60007AD00CDC452837D004DC252826D041284F
:100F700031D131E046282FD047282CD12CE05B28F6
:100F800077D0612828D063287CD0642823D15AE008
:100F9000D0E06F2848D008DC66281DD067281BD019
:100FA000692821D06E2816D127E0702845D07328F3
:100FB00068D0752847D078280DD14DE0A1690B98ED
:100FC0008847054625283FF469AFE1690B988847B3
:100FD0006D1C3FF46AAFB3E023466A466FF0010030
:100FE0000B99FFF7DDFB9EE045F040006060A8072D
:100FF00023464FF0000236D43EE0E8077FF447AFC7
:101000002068011D21600068290501D506701BE7D5
:10101000290701D5068017E7A90703D5F117C0E90D
:10102000006111E706600FE745F040006060A80727
:1010300023464FF0080216D41EE040F60E0125EAC2
:101040000100606016E045F040006060A80723469C
:101050004FF00A0207D40FE045F040006060A80797
:1010600008D5234610226FF001000B99FFF743F9D2
:1010700059E007E0234610226FF001000B99FFF7BB
:10108000E5F950E04FF000094F464B46632802D087
:101090005B2806D040E0E80601D40120A0600127CB
:1010A0003AE062690121019890475E2805D14FF02E
:1010B00001096269494601989047216939B90021BF
:1010C0000A46534643F82120491C0829FADBB0B3ED
:1010D000216969B9C11700EBD16253110AEB830191
:1010E00022F01F02821A01200B68904003430B601C
:1010F00062690121019890475D28E8D1B9F1000F9C
:1011000009D00020514651F82020D24341F8202038
:10111000401C0828F7DB02AB224600976FF0010065
:101120000B99FFF739FA00280CDA401C08D1BBF103
:10113000000F05D04FF0FF300DB0BDE8F08FFFE796
:101140004046F9E7E90701D108F1010806444FF0EC
:10115000000B79E6CCCCCC0C10B5141E73F1000456
:1011600008DA401C41F1000192185B411A4301D199
:1011700020F0010010BD2DE9F04D92469B4611B1C3
:10118000B1FA81F202E0B0FA80F220329046FFF725
:1011900093F804460F4640EA0A0041EA0B01534621
:1011A0005A46084313D0114653EA010019D0C8F13A
:1011B00040025046FFF78FF805460E465046594606
:1011C0004246FFF779F8084305D0012004E02046A5
:1011D0003946BDE8F08D0020054346EAE0762C4311
:1011E00037430A986305E40AA0EB08000022FD0AD1
:1011F00044EA47540A3002D500200146E9E70105D8
:1012000010196941DDE9084500196941BDE8F04D53
:10121000A2E70EB540F2334202920022CDE900224D
:101220001346FFF7A8FF03B000BD01F0004330B440
:1012300021F0004150EA010206D00A0DA2F56072C9
:10124000C1F31301002A02DC30BC00207047440FB8
:1012500044EAC104C100E01830BC00EBC25000F009
:1012600015B800007F2801D9002208E0064A02EBE9
:101270005002C007127800D1120902F00F020120BB
:1012800090400840704700008EA900080029A8BFC0
:101290007047401C490008BF20F00100704710B49F
:1012A000B0FA80FC00FA0CF050EA010404BF10BC54
:1012B000704749B1CCF1200421FA04F411FA0CF181
:1012C00018BF012121430843A3EB0C01CB1D4FEABA
:1012D00000614FEA102042BF002010BC704700EBB5
:1012E000C35010440029A4BF10BC7047401C4900E3
:1012F00008BF20F0010010BC70470000FFE7FEE7C8
:1013000084B08DF80F000291ADF806209DF80F0013
:101310000146009123281DD80099DFE801F012133F
:101320001415161B1B1B1B1B1B1B1B1B1B1B1B1B1F
:101330001B1B1B1B1B1B1B1B1B1B1B1B1B1B171804
:10134000191A08E007E006E005E004E003E002E027
:1013500001E000E0FFE7002004B070470020704784
:1013600080B582B041F2B050C2F20000009040F669
:101370006C51C2F200010022019205F0FBFB0098C3
:1013800040F26C51C2F2000105F0D6FB019802B0A8
:1013900080BD000080B584B00390029100200190D0
:1013A000FFE701980299096888420AD2FFE703988B
:1013B0000199405C00F08EF8FFE701980130019040
:1013C000EFE7039941F2B050C2F20000009005F03F
:1013D000B3FB009805F056FB002004B080BD000070
:1013E00083B0029001918DF8032000208DF8020057
:1013F0009DF9020003B0704780B586B00490ADF847
:101400000E1000208DF80D0041F2B050C2F2000025
:10141000D0F8BC0202900298D0F8140220B1FFE785
:1014200001208DF8170013E00499BDF80E2041F259
:10143000B050C2F20000019005F09CFB019805F04D
:10144000A3FC8DF80D009DF80D008DF81700FFE747
:101450009DF8170006B080BD80B58AB00990099844
:101460006A4605A9516006A911604AF65C21C0F6DA
:1014700000010DF1230207ABFEF7ECFE04281FD19B
:10148000FFE79DF823008DF8110007980290069859
:10149000039005988DF8100002A804F033FA38B9CB
:1014A000FFE74AF64F20C0F6000003F029FC06E0F3
:1014B0004AF63C20C0F6000003F022FCFFE706E0FD
:1014C0004AF64120C0F6000003F01AFCFFE70AB01C
:1014D00080BD000080B584B08DF80F009DF80F002E
:1014E0000A2805D0FFE79DF80F000D2813D1FFE76C
:1014F00041F2AC50C2F200000190027841F26C500F
:10150000C2F20000002102918154FFF7A5FF01996A
:101510000298087017E041F2AC50C2F20000007867
:101520003E280FDCFFE79DF80F0041F2AC53C2F2FA
:1015300000031A78511C197041F26C51C2F200017B
:101540008854FFE7FFE704B080BD0000704700004B
:1015500072B6FFE7FEE7000080B584B047F61020C2
:10156000C1F6FF700068039047F61420C1F6FF70C3
:101570000068029047F61820C1F6FF7000680190DD
:101580000199039808440390039888B1FFE70398F2
:1015900040F2DC01C2F2000100910231082203F0A6
:1015A00071FB009902981231042203F06BFBFFE7F4
:1015B00004B080BD80B584B00290029820B9FFE7E6
:1015C00001208DF80F00E0E0029890F8200020B98B
:1015D000FFE7029800F0DEF8FFE70298016808686C
:1015E00040F00100086000F0CBFB0190FFE702989B
:1015F00000684068C007A8B9FFE700F0C1FB019987
:10160000401A0B280DD3FFE70299486A40F40030D6
:1016100048620299052081F8200001208DF80F0012
:10162000B3E0E4E702980168086820F0020008606F
:1016300000F0A6FB0190FFE7029800684068800771
:10164000002815D5FFE700F09BFB0199401A0B28F5
:101650000DD3FFE70299486A40F4003048620299CE
:10166000052081F8200001208DF80F008DE0E3E7D0
:101670000298007E012807D1FFE7029801680868F8
:1016800040F08000086006E002980168086820F0D9
:1016900080000860FFE70298407E012807D1FFE73D
:1016A00002980168086840F04000086006E002986F
:1016B0000168086820F040000860FFE70298807E1B
:1016C000012807D1FFE702980168086840F0200070
:1016D000086006E002980168086820F020000860B1
:1016E000FFE70298C07E012807D1FFE70298016852
:1016F000086820F01000086006E002980168086899
:1017000040F010000860FFE70298007F012807D131
:10171000FFE702980168086840F00800086006E0EA
:1017200002980168086820F008000860FFE7029846
:10173000407F012807D1FFE702980168086840F060
:101740000400086006E002980168086820F00400C0
:101750000860FFE7029B19685A689868D3F80CC0C4
:1017600040EA0C00D3F810C040EA0C005B69184353
:10177000013A1043C861029900204862029A01218F
:1017800082F820108DF80F00FFE79DF80F0004B0DD
:1017900080BD000080B588B00790002006900590BD
:1017A0000490039002900798006846F20041C4F24A
:1017B0000001884233D1FFE7FFE70020019043F6A4
:1017C0004000C4F20200016841F00071016000684D
:1017D00000F0007001900198FFE7FFE70020009003
:1017E00043F63000C4F20200016841F008010160D4
:1017F000006800F0080000900098FFE703200290C6
:10180000022103910021049105900920069040F6E1
:101810000040C4F2020002A900F0BEF8FFE708B0E1
:1018200080BD000080B584B002900298806D019068
:1018300000F0A6FA0090029890F8350002280DD02A
:10184000FFE7029980204865FFE70299002081F8B0
:101850003400FFE701208DF80F0055E00298016881
:10186000086820F01600086002980168486920F0B6
:10187000800048610298006C20B9FFE70298806CF4
:1018800038B1FFE702980168086820F00800086096
:10189000FFE702980168086820F001000860FFE790
:1018A000029800680068C007C8B1FFE700F068FA56
:1018B0000099401A062811D3FFE7029920204865B5
:1018C0000299032081F83500FFE70299002081F892
:1018D0003400FFE703208DF80F0015E0E0E70298E1
:1018E000C16D3F208840019988600299012081F8EC
:1018F0003500FFE70299002081F83400FFE7FFE799
:1019000000208DF80F00FFE79DF80F0004B080BDA8
:1019100082B00090009890F83500022807D0FFE7C9
:1019200000998020486501208DF807000EE000999D
:10193000052081F8350000980168086820F0010052
:101940000860FFE700208DF80700FFE79DF807001B
:1019500002B0704780B584B0039000F011FA029095
:10196000039801900198013048B1FFE740F2F6007A
:10197000C2F200000178019808440190FFE7FFE7F8
:1019800000F0FEF90299401A0199884201D2FFE75E
:10199000F6E704B080BD00008EB00D900C910020E1
:1019A0000A90099008900B90FFE70B980F2800F21F
:1019B000CC81FFE70B99012088400A900C980068C1
:1019C0000A990840099009980A99884240F0B8811C
:1019D000FFE70C98406800F00300012807D0FFE7FC
:1019E0000C98406800F0030002282FD1FFE70D9803
:1019F000806808900B984100032000FA01F10898D4
:101A0000884308900C98C0680B99490000FA01F1CE
:101A100008980843089008980D9988600D984068C8
:101A200008900B99012000FA01F10898884308906A
:101A30000C984068C0F300100B9900FA01F1089867
:101A40000843089008980D994860FFE70C98406893
:101A500000F00300032818D0FFE70D98C068089035
:101A60000B984100032000FA01F108988843089080
:101A70000C9880680B99490000FA01F10898084316
:101A8000089008980D99C860FFE70C98406800F02E
:101A90000300022826D1FFE70D980B996FF003028F
:101AA00002EA51010844006A08900B9800F0070010
:101AB00081000F2000FA01F10898884308900C98E3
:101AC00000690B9901F00701890000FA01F10898FB
:101AD0000843089008980D990B9B02EA53021144A1
:101AE0000862FFE70D98006808900B9841000320FA
:101AF00000FA01F10898884308900C98406800F0BB
:101B000003000B99490000FA01F108980843089076
:101B100008980D9908600C9880798007002800F0DB
:101B20000E81FFE7FFE70020079043F64400C4F270
:101B30000200016841F480410160006800F48040C7
:101B400007900798FFE70B9820F0030043F6080181
:101B5000C4F20101405808900B9800F00300810086
:101B60000F2000FA01F10898884308900D98002191
:101B7000C4F20201884203D1FFE7002006905EE034
:101B80000D9840F20041C4F20201884203D1FFE700
:101B90000120059050E00D9840F60001C4F20201CA
:101BA000884203D1FFE70220049042E00D9840F6FE
:101BB0000041C4F20201884203D1FFE703200390F1
:101BC00034E00D9841F20001C4F20201884203D1D1
:101BD000FFE70420029026E00D9841F20041C4F294
:101BE0000201884203D1FFE70520019018E00D981B
:101BF00041F60001C4F20201884203D1FFE706204A
:101C000000900AE00D9941F60042C4F20202082059
:101C1000914208BF07200090FFE700980190FFE77E
:101C200001980290FFE702980390FFE70398049061
:101C3000FFE704980590FFE705980690FFE70698F0
:101C4000C0B20B9901F00301890000FA01F1089874
:101C50000843089008980B9921F0030143F6080205
:101C6000C4F20102885043F60840C4F20100006843
:101C7000089009990898884308900C988079C006C4
:101C8000002805D5FFE70999089808430890FFE761
:101C9000089843F60841C4F20101086043F60C407D
:101CA000C4F20100006808900999089888430890D8
:101CB0000C9880798006002805D5FFE709990898D7
:101CC00008430890FFE7089843F60C41C4F201016D
:101CD000086043F60440C4F20100006808900999C6
:101CE0000898884308900C9880798007002805D5CB
:101CF000FFE70999089808430890FFE7089843F61A
:101D00000441C4F20101086043F60040C4F201003E
:101D10000068089009990898884308900C98807981
:101D2000C00728B1FFE70999089808430890FFE722
:101D3000089843F60041C4F201010860FFE7FFE79D
:101D4000FFE70B9801300B902FE60EB070470000B4
:101D500082B00190ADF802108DF801209DF80100CD
:101D600028B1FFE7BDF802000199886105E0BDF8E0
:101D70000200000401998861FFE702B0704700008B
:101D800042F27C30C2F200000068704740F2F60078
:101D9000C2F20000027842F27C31C2F2000108680F
:101DA000104408607047000080B543F60041C4F25B
:101DB0000201086840F400700860086840F4806020
:101DC0000860086840F480700860032000F08AF81A
:101DD0000F2000F005F800F03BF8002080BD000067
:101DE00080B582B0009040F22400C2F2000000688A
:101DF00040F2F601C2F200010A784FF47A71B1FBA9
:101E0000F2F1B0FBF1F002F073F820B1FFE701202E
:101E10008DF8070018E000980F280DD8FFE700990B
:101E20004FF0FF30002200F043F8009840F2F80134
:101E3000C2F20001086003E001208DF8070003E012
:101E400000208DF80700FFE79DF8070002B080BD75
:101E500082B0FFE70020019043F64400C4F2020084
:101E6000016841F480410160006800F48040019005
:101E70000198FFE7FFE70020009043F64000C4F21E
:101E80000200016841F080510160006800F080505C
:101E900000900098FFE702B07047000080B582B064
:101EA0008DF807009DF9070008F03AF802B080BDF0
:101EB00080B586B08DF8170004910392002002903F
:101EC00008F046F802909DF91700019002980499D5
:101ED000039A03F0E1FA0146019808F041F806B0D0
:101EE00080BD000080B582B00190019808F05AF8DA
:101EF00002B080BD82B001908DF8031002B070472F
:101F000082B00190ADF80210BDF802000199096895
:101F10004862002002B0704784B003908DF80B1027
:101F2000ADF8082003980068406A00909DF80B0007
:101F300048B9FFE7BDF80810009840EA014003994E
:101F40000968886233E003980068816A009800EBB2
:101F50001140009000208DF80700FFE79DF8070072
:101F60009DF80B100139884213D2FFE703980068EF
:101F70009DF8071000EB8100D0F80411009800EBE9
:101F800011400090FFE79DF8070001308DF8070031
:101F9000E4E7BDF80810009840EA01400399096899
:101FA0009DF80B2001EB8201C1F80001FFE7002042
:101FB00004B0704780B582B001900198D0F8080550
:101FC00005F07CFD02B080BD80B582B001908DF837
:101FD0000310019AD2F808059DF8031001EBC10324
:101FE00002EB8302D26C05F0C5FB02B080BD00009D
:101FF00080B582B001908DF80310019AD2F80805DF
:102000009DF8031001EBC10302EB8302D2F88C228E
:1020100005F07AFC02B080BD80B582B001900198D5
:10202000D0F8080505F050FD02B080BD80B584B041
:1020300003908DF80B109DF80B00000600280CD5BE
:10204000FFE703989DF80B1001F00F0101EBC101B0
:1020500000EB81003C3001900CE003989DF80B10E0
:1020600001F00F0101EBC10100EB810000F51F70D1
:102070000190FFE703980068019907F07BFB8DF85A
:102080000A009DF80A0004B080BD000080B584B04D
:1020900002908DF807109DF80700000600280FD564
:1020A000FFE702989DF8071001F00F0101EBC10155
:1020B00000EB81003C3000900099012048700FE057
:1020C00002989DF8071001F00F0101EBC10100EB30
:1020D000810000F51F700090009900204870FFE714
:1020E0009DF8070000F00F0000990870FFE70298C4
:1020F00090F8BC04012804D1FFE702208DF80F00FE
:1021000014E00299012081F8BC04FFE7FFE7029880
:102110000068009906F056FDFFE70299002081F85B
:10212000BC04FFE700208DF80F00FFE79DF80F00CB
:1021300004B080BD80B584B002908DF807109DF882
:10214000070000F00F0002994968884204D9FFE7B0
:1021500001208DF80F004DE09DF8070000060028D3
:102160000FD5FFE702989DF8071001F00F0101EB72
:10217000C10100EB81003C300090009901204870C3
:102180000FE002989DF8071001F00F0101EBC1016B
:1021900000EB810000F51F7000900099002048704E
:1021A000FFE70099002088709DF8070000F00F00FD
:1021B00000990870FFE7029890F8BC04012804D148
:1021C000FFE702208DF80F0014E00299012081F84A
:1021D000BC04FFE7FFE702980068009907F072F877
:1021E000FFE70299002081F8BC04FFE700208DF88A
:1021F0000F00FFE79DF80F0004B080BD82B0019092
:102200008DF8031001989DF8031001F00F0101EB08
:10221000C10100EB8100D0F89C0202B070470000C1
:1022200080B586B004908DF80F10ADF80C208DF8B5
:102230000B3000208DF80A009DF80F0000060028E2
:102240000FD5FFE704989DF80F1001F00F0101EB87
:10225000C10100EB81003C300190019901204870E0
:102260000FE004989DF80F1001F00F0101EBC10180
:1022700000EB810000F51F7001900199002048706B
:10228000FFE79DF80F0000F00F0001990870BDF8FE
:102290000C000199C8609DF80B0001990871019824
:1022A000407820B1FFE7019908780881FFE79DF8A1
:1022B0000B00022804D1FFE7019900204871FFE7D5
:1022C000FFE7049890F8BC04012804D1FFE702203E
:1022D0008DF8170015E00499012081F8BC04FFE790
:1022E000FFE704980068019906F026FBFFE70499D0
:1022F000002081F8BC04FFE79DF80A008DF8170064
:10230000FFE79DF8170006B080BD000080B586B0DD
:1023100005908DF813100392029305989DF8131001
:1023200001F00F0101EBC10100EB810000F51F700E
:1023300001900398019908610298019988610199B7
:1023400000200862019948709DF8130000F00F000A
:102350000199087005980069012804D1FFE70398E6
:1023600001994861FFE79DF81300000738B9FFE7BE
:10237000059A10680199127C06F058FE06E0059A4D
:1023800010680199127C07F041F8FFE7002006B0C1
:1023900080BD000080B584B002908DF807109DF8D4
:1023A000070000F00F0002994968884204D9FFE74E
:1023B00001208DF80F0058E09DF807000006002866
:1023C0000FD5FFE702989DF8071001F00F0101EB10
:1023D000C10100EB81003C30009000990120487061
:1023E0000DE002989DF8071001EBC10100EB8100A0
:1023F00000F51F700090009900204870FFE70099D9
:10240000012088709DF8070000F00F000099087007
:10241000FFE7029890F8BC04012804D1FFE70220EE
:102420008DF80F0021E00299012081F8BC04FFE73C
:10243000FFE702980068009906F094FF9DF80700F6
:10244000000740B9FFE7029A1068117C02F2C4420B
:1024500006F0E8FEFFE7FFE70299002081F8BC04E0
:10246000FFE700208DF80F00FFE79DF80F0004B094
:1024700080BD000080B586B005908DF813100392E2
:10248000029305989DF8131001F00F0101EBC101B3
:1024900000EB81003C30019003980199086102989B
:1024A0000199886101990020086201990120487012
:1024B0009DF8130000F00F0001990870059800695D
:1024C000012804D1FFE7039801994861FFE79DF8CF
:1024D0001300000738B9FFE7059A10680199127CCC
:1024E00006F0A4FD06E0059A10680199127C06F03A
:1024F0008DFFFFE7002006B080BD000080B58CB0E6
:102500000B900B9800680A900A9809900B98006845
:1025100007F072FA002840F00D84FFE70B9800687E
:1025200007F0D6FA10B9FFE700F004BC0998D0F81C
:102530000808C0F30D200B99C1F8FC040B98006843
:1025400007F0C6FA8007002807D5FFE70B98016857
:10255000486900F002004861FFE70B98006807F047
:10256000B7FAC006002862D5FFE70B9801688869B2
:1025700020F0100088610A98006A02900B98029976
:1025800001F00F0101EBC10100EB810000F51F70AC
:102590000890029800F4F0110220B0EB514F23D1C3
:1025A000FFE7BDF8080047F6F07108421BD0FFE7CF
:1025B0000A9808990969029AC2F30A1207F096FA72
:1025C000029847F6F07100EA0103089A106900EBDF
:1025D00013101061029800EA01020899086A00EBE2
:1025E00012100862FFE71BE0029800F4F0110620C9
:1025F000B0EB514F12D1FFE70A980B9901F2C44199
:10260000082207F073FA029847F6F07100EA010217
:102610000899086A00EB1210086200E0FFE7FFE784
:102620000B980168886940F010008861FFE70B98FB
:10263000006807F04DFA0003002840F1A680FFE78C
:10264000002004900B98006807F0F0F90690FFE76F
:102650000698002800F09880FFE79DF81800C00752
:10266000002800F08A80FFE70B9800689DF81010A2
:1026700007F016FA05909DF81400C00760B1FFE757
:102680000998049900EB41110120C1F8080B0B983F
:10269000049902F085FFFFE79DF814000007002869
:1026A0000CD5FFE70998049900EB41110820C1F807
:1026B000080B0B98049902F02DFFFFE79DF814001A
:1026C000C006002808D5FFE70998049900EB4111DE
:1026D0001020C1F8080BFFE79DF8140080070028C0
:1026E0002DD5FFE70A9840690006002808D5FFE7C6
:1026F0000999D1F8040840F48060C1F80408FFE7A4
:102700000B98049901EBC10100EB810000F51F70EB
:1027100008900898C078012809D1FFE7089900209F
:10272000C8700B989DF8101000F014FBFFE7099893
:10273000049900EB41110220C1F8080BFFE79DF856
:1027400014008006002808D5FFE70998049900EBDB
:1027500041112020C1F8080BFFE79DF81500800605
:10276000002809D5FFE70998049900EB41114FF4BF
:102770000050C1F8080BFFE7FFE704980130049010
:1027800006984008069063E7FFE70B98006807F09B
:102790009FF94003002840F1C680FFE70B980068CE
:1027A00007F032F9069000200490FFE70698002811
:1027B00000F0B880FFE79DF81800C007002800F07F
:1027C000AA80FFE70B9800689DF8101007F040F909
:1027D00005909DF81400C00700283ED0FFE704983C
:1027E00000F00F01012000FA01F10391039B099A07
:1027F000D2F834189943C2F834180999049A01EBB5
:102800004211C1F808090B98006901281FD1FFE7A0
:102810000B98049901EBC10100EB81018A6CC86C33
:102820001044C864049888B9FFE70B98049901EB39
:10283000C10100EB8100406D40B9FFE70B990868CA
:1028400001F2C442012106F0EDFCFFE7FFE70B981F
:102850009DF81010FFF7B8FBFFE79DF81400000784
:10286000002808D5FFE70998049900EB41110820DA
:10287000C1F80809FFE79DF81400C006002808D534
:10288000FFE70998049900EB41111020C1F80809ED
:10289000FFE79DF814004006002808D5FFE70998D7
:1028A000049900EB41114020C1F80809FFE79DF8A9
:1028B00014008007002822D5FFE70A98049907F042
:1028C00031F80B98049901EBC10100EB81003C3019
:1028D00008900898C078012809D1FFE708990020DE
:1028E000C8700B989DF8101000F026FAFFE70998C1
:1028F000049900EB41110220C1F80809FFE79DF897
:1029000014000006002805D5FFE70B98049902F093
:102910002BFFFFE7FFE7049801300490069840087A
:10292000069043E7FFE70B98006807F0D1F8C00F67
:1029300000B3FFE70999D1F8040820F00100C1F8BD
:1029400004080B9890F8F404012808D1FFE70B98CD
:10295000002180F8F4140B98FFF7CCFA03E00B98F1
:1029600000F0E2FBFFE70B980168486900F00040C7
:102970004861FFE70B98006807F0AAF800050028F7
:1029800011D5FFE70998D0F80808C00720B1FFE784
:102990000B9800F057FCFFE70B980168486900F4BA
:1029A00000604861FFE70B98006807F091F8C004E9
:1029B000002840F18680FFE70999D1F8040820F04B
:1029C0000100C1F804080B980068102106F0AAFF66
:1029D00000200790FFE707980B994968884231D299
:1029E000FFE70998079900EB41114FF67F30C1F8D6
:1029F00008090999079A01EB4212D2F8001921F44B
:102A00000011C2F800190999079A01EB4211C1F8A7
:102A1000080B0998079900EB4111D1F8000B20F43D
:102A20000010C1F8000B0998079900EB4111D1F88B
:102A3000000B40F00060C1F8000BFFE70798013081
:102A40000790C8E70999D1F81C0840F00110C1F8B7
:102A50001C080B98006B78B1FFE70999D1F884083E
:102A600040F00B00C1F884080999D1F8440840F0FF
:102A70000B00C1F844080FE00999D1F8140842F29C
:102A80002B021043C1F814080999D1F8100840F03E
:102A90000B00C1F81008FFE70999D1F8000820F4ED
:102AA000FE60C1F800080B9A1068117C02F2C44263
:102AB00006F0B8FB0B980168486900F48050486143
:102AC000FFE70B98006807F003F8800400281FD583
:102AD000FFE70B98006805F09FFF0B98006806F071
:102AE00065FF0B99C8600B980068019000F0FCFC32
:102AF000014601980B9A127B07F0F0F80B9800F052
:102B0000E9FA0B980168486900F400504861FFE752
:102B10000B98006806F0DCFF000700280AD5FFE7E5
:102B20000B9800F00BFB0B980168486900F0080057
:102B30004861FFE70B98006806F0CAFF000600280E
:102B400025D5FFE70A99886920F080008861012077
:102B50000490FFE704980B994968884216D2FFE772
:102B60000B98049901EBC10100EB810090F87F0202
:102B7000012806D1FFE70B989DF81010FFF756FAD1
:102B8000FFE7FFE7049801300490E3E7FFE70B98C5
:102B9000006806F09DFFC00200283ED5FFE7012037
:102BA0000490FFE704980B99496888422ED2FFE70A
:102BB0000998049900EB4110D0F8000902900B9895
:102BC000049901EBC10100EB810090F8400001285D
:102BD00017D1FFE79DF80B000006002811D5FFE78D
:102BE0000B98049901EBC10100EB8101012081F8F0
:102BF0003F000B989DF8101041F08001FFF716FA86
:102C0000FFE7FFE7049801300490CBE70B980168D9
:102C1000486900F480104861FFE70B98006806F0EF
:102C200057FF8002002855D5FFE701200490FFE7F9
:102C300004980B994968884245D2FFE7099804999E
:102C400000EB4110D0F8000B02900B98049901EBB7
:102C5000C10100EB810090F8800201282ED1FFE72E
:102C60009DF80B000006002828D5FFE7029800F425
:102C700080300B99D1F8FC1401F0010188421DD17C
:102C8000FFE70B98049901EBC10100EB81010120E2
:102C900081F87F020A99886940F0800088610A986B
:102CA00040690006002808D4FFE70999D1F8040814
:102CB00040F40070C1F8040805E0FFE7FFE704985E
:102CC00001300490B4E70B980168486900F40010E3
:102CD0004861FFE70B98006806F0FAFE4000002804
:102CE0000AD5FFE70B98FFF765F90B98016848696B
:102CF00000F080404861FFE70B98006806F0E8FEAE
:102D00004007002815D5FFE70B980068406802903F
:102D10009DF808004007002804D5FFE70B98FFF74F
:102D20007BF9FFE7029A0B980168486810434860F6
:102D3000FFE7FFE70CB080BD80B582B001908DF851
:102D400003100198D0F808059DF8031004F058FF0F
:102D500002B080BD80B582B001908DF8031001985B
:102D6000D0F808059DF8031004F082FF02B080BD82
:102D70002DE9F04F97B01590159820B9FFE7012085
:102D80008DF85B0049E1159800681490159890F84B
:102D9000BD0440B9FFE71599002081F8BC041598DF
:102DA00000F040F9FFE71599032081F8BD0414985D
:102DB000C06BC005002804D4FFE715990020086106
:102DC000FFE71598006806F027F91598109001683C
:102DD000119141688268C368D0F810C04469856960
:102DE000C669076AD0F82480D0F82890D0F82CA0C3
:102DF000D0F830B0D0F834E068461290C0F824E043
:102E00001198DDF848E0CEF820B0CEF81CA0CEF83E
:102E10001890CEF81480CEF81070CEF80C60CEF872
:102E20000850CEF80440CEF800C005F00BFE40B1CB
:102E3000FFE71599022081F8BD0401208DF85B00A1
:102E4000EBE01598006800210F9106F0A9FE0F989D
:102E50008DF84F00FFE79DF84F00159949688842AB
:102E600045D2FFE715989DF84F1001EBC10100EB2B
:102E70008101012081F83D009DF84F00159900EB7C
:102E8000C00201EB820181F83C009DF84F001599CA
:102E900000EBC00201EB8201A1F8440015989DF8F7
:102EA0004F1001EBC10100EB8101002081F84000CF
:102EB00015999DF84F2002EBC20201EB8201886454
:102EC00015999DF84F2002EBC20201EB8201C86404
:102ED00015999DF84F2002EBC20201EB8201486573
:102EE000FFE79DF84F0001308DF84F00B3E7002059
:102EF0008DF84F00FFE79DF84F001599496888420B
:102F00003ED2FFE715989DF84F1001EBC10100EB91
:102F10008101002081F87D029DF84F10159A01EB88
:102F2000C10302EB830282F87C1215999DF84F20B1
:102F300002EBC20201EB820181F8800215999DF833
:102F40004F2002EBC20201EB8201C1F88802159901
:102F50009DF84F2002EBC20201EB8201C1F88C0206
:102F600015999DF84F2002EBC20201EB8201C1F8D6
:102F70009402FFE79DF84F0001308DF84F00BAE74B
:102F800015980C9001680D9141688268C368D0F86B
:102F900010C044698569C669076AD0F82480D0F8F2
:102FA0002890D0F82CA0D0F830B0D0F834E06846A3
:102FB0000E90C0F824E00D98DDF838E0CEF820B08F
:102FC000CEF81CA0CEF81890CEF81480CEF8107071
:102FD000CEF80C60CEF80850CEF80440CEF800C011
:102FE00005F0B8FE40B1FFE71599022081F8BD0455
:102FF00001208DF85B0010E0159900200B9081F8FE
:1030000038001599012081F8BD041598006805F075
:103010008BFE0B988DF85B00FFE79DF85B0017B007
:10302000BDE8F08F80B58AB0099000200890079025
:1030300006900590049009980068B0F1A04F47D120
:10304000FFE7FFE70020039043F63000C4F20200E0
:10305000016841F001010160006800F00100039087
:103060000398FFE74FF4C050049002200590002021
:103070000690032007900A2008900020C4F2020066
:1030800004A9FEF789FCFFE743F63401C4F202010C
:10309000086840F080000860FFE70020029043F6D7
:1030A0004400C4F20200016841F4804101600068FC
:1030B00000F4804002900298FFE7FFE74320019070
:1030C00000221146FEF7F4FE0198FEF7E7FEFFE747
:1030D0000AB080BD80B582B0019001208DF8030058
:1030E0000198C06820B9FFE700208DF803000CE0CC
:1030F0000198C068022804D1FFE701208DF8030081
:1031000002E0FEF725FAFFE7FFE70198D0F808058F
:103110009DF8031004F0ACFE0198D0F8080504F007
:1031200027FE02B080BD000080B582B001900198FA
:10313000D0F8080504F06AFE02B080BD80B582B008
:1031400001900198D0F8080504F072FE02B080BD2D
:1031500080B584B002908DF80710FFE7029890F8D0
:10316000BC04012804D1FFE702208DF80F001AE00B
:103170000299012081F8BC04FFE7FFE79DF80700F2
:10318000029981F83800029800689DF8071006F04F
:1031900077FDFFE70299002081F8BC04FFE70020DB
:1031A0008DF80F00FFE79DF80F0004B080BD000010
:1031B00080B582B001900199D1F8080501F2C441AF
:1031C00004F080FE02B080BD80B584B00290029809
:1031D00000680190FFE7029890F8BC04012804D130
:1031E000FFE702208DF80F0027E00299012081F807
:1031F000BC04FFE7FFE70298806A01280BD1FFE7D4
:1032000002988069012806D0FFE70199886B40F495
:1032100080308863FFE70298006806F039FB029867
:10322000006805F06BFDFFE70299002081F8BC04FF
:10323000FFE700208DF80F00FFE79DF80F0004B0B6
:1032400080BD000080B582B001900198D0F80805DB
:1032500004F0BAFE01980168D1F8000E40F00100B8
:10326000C1F8000E0198006A48B1FFE74EF6105110
:10327000CEF20001086840F006000860FFE702B0E7
:1032800080BD000080B584B002900191029820B901
:10329000FFE701208DF80F0021E1019843F600417E
:1032A000C4F20201096801F00701884212D9FFE760
:1032B000019943F60040C4F202000170006800F07A
:1032C00007000199884204D0FFE701208DF80F0024
:1032D00005E1FFE702980078800700282AD5FFE77C
:1032E000029800784007002809D5FFE743F6080157
:1032F000C4F20201086840F4E0500860FFE7029859
:1033000000780007002809D5FFE743F60801C4F25A
:103310000201086840F460400860FFE743F60801D6
:10332000C4F20201086820F0F000029A926810438B
:103330000860FFE702980078C00700286ED0FFE71A
:1033400002984068012811D1FFE743F60000C4F25B
:103350000200006800F400310020B0EB514F04D1AE
:10336000FFE701208DF80F00B9E02CE002984068DB
:10337000022805D0FFE702984068032811D1FFE733
:1033800043F60000C4F20200006800F00071002063
:10339000B0EB516F04D1FFE701208DF80F009EE0E4
:1033A00010E043F60000C4F20200006800F00201E1
:1033B0000020B0EB510F04D1FFE701208DF80F0082
:1033C0008DE0FFE7FFE743F60801C4F20201086859
:1033D00020F00300029A526810430860FEF7D0FC08
:1033E0000090FFE743F60800C4F20200006800F016
:1033F0000C0002994968B0EB810F0ED0FFE7FEF791
:10340000BFFC0099401A41F28931884204D3FFE79A
:1034100003208DF80F0062E0E4E7FFE7019843F630
:103420000041C4F20201096801F00701884212D28A
:10343000FFE7019943F60040C4F202000170006802
:1034400000F007000199884204D0FFE701208DF8C1
:103450000F0044E0FFE702980078400700280CD5F1
:10346000FFE743F60801C4F20201086820F4E050C7
:10347000029AD26810430860FFE7029800780007BC
:1034800000280DD5FFE743F60801C4F202010868E1
:1034900020F46040029A126940EAC2000860FFE727
:1034A00000F04CF843F60801C4F202010968C9B201
:1034B0000A094AF6CE11C0F60001895CC84040F204
:1034C0002401C2F20001086040F2F800C2F20000DC
:1034D0000068FEF785FC00208DF80F00FFE79DF8DF
:1034E0000F0004B080BD000040F22400C2F20000D2
:1034F0000068704780B5FFF7F7FF43F60801C4F294
:1035000002010968C1F382224AF6DE11C0F6000109
:10351000895CC84080BD000080B5FFF7E5FF43F639
:103520000801C4F20201096889B24A0B4AF6DE11A9
:10353000C0F60001895CC84080BD000080B586B03F
:103540000020059004900390029043F60800C4F216
:103550000200006800F00C000146019140B1FFE755
:10356000019804280AD0FFE7019808280CD04FE002
:1035700042F20040C0F2F40002904FE041F200201D
:10358000C0F27A00029049E043F60400C4F202005F
:10359000016801F03F01059100684002002813D541
:1035A000FFE743F60400C4F202000068C0F388108D
:1035B00041F20021C0F27A01A0FB0101059A00232B
:1035C000FCF7FEFD049012E043F60400C4F2020092
:1035D0000068C0F3881042F20041C0F2F401A0FB81
:1035E0000101059A0023FCF7EBFD0490FFE743F689
:1035F0000400C4F20200006800F44031022000EB35
:10360000D130039004980399B0FBF1F0029005E0EB
:1036100042F20040C0F2F4000290FFE7029806B0C8
:1036200080BD000080B586B00490049820B9FFE703
:1036300001208DF8170050E304980078C007002897
:1036400000F0A580FFE743F60800C4F2020000681E
:1036500000F00C00042813D0FFE743F60800C4F282
:103660000200006800F00C0008281ED1FFE743F6B6
:103670000400C4F2020000684002002815D5FFE7EC
:1036800043F60000C4F20200006800F4003100209C
:10369000B0EB514F08D0FFE70498406820B9FFE72E
:1036A00001208DF8170018E370E0FFE704984068E8
:1036B000B0F5803F09D1FFE743F60001C4F20201F3
:1036C000086840F48030086020E004984068B0F555
:1036D000A02F0DD1FFE743F60001C4F202010868F4
:1036E00040F480200860086840F4803008600CE0F6
:1036F00043F60001C4F20201086820F4803008603B
:10370000086820F480200860FFE7FFE7FFE70498DF
:103710004068E8B1FFE7FEF733FB0390FFE743F6AD
:103720000000C4F20200006800F400310020B0EB99
:10373000514F0CD1FFE7FEF723FB0399401A652890
:1037400004D3FFE703208DF81700C6E2E7E71CE08B
:10375000FEF716FB0390FFE743F60000C4F20200F9
:10376000006800F400310020B0EB514F0CD0FFE7AF
:10377000FEF706FB0399401A652804D3FFE70320F0
:103780008DF81700A9E2E7E7FFE7FFE7FFE70498F6
:1037900000788007002840F19680FFE743F6080094
:1037A000C4F20200006810F00C0F13D0FFE743F6DC
:1037B0000800C4F20200006800F00C0008282CD1B8
:1037C000FFE743F60400C4F202000068400200284C
:1037D00023D4FFE743F60000C4F20200006800F0C3
:1037E00002010020B0EB510F09D0FFE70498C06838
:1037F000012804D0FFE701208DF817006DE243F6A1
:103800000001C4F20201086820F0F800049A12696D
:1038100040EAC2000860FFE754E00498C06870B353
:10382000FFE70021C4F2472101200860FEF7A8FA53
:103830000390FFE743F60000C4F20200006800F0C6
:1038400002010020B0EB510F0CD1FFE7FEF798FA10
:103850000399401A032804D3FFE703208DF81700CB
:103860003BE2E7E743F60001C4F20201086820F0FA
:10387000F800049A126940EAC200086021E00021C1
:10388000C4F2472100200860FEF77AFA0390FFE7B0
:1038900043F60000C4F20200006800F002010020BC
:1038A000B0EB510F0CD0FFE7FEF76AFA0399401A0C
:1038B000032804D3FFE703208DF817000DE2E7E7A4
:1038C000FFE7FFE7FFE704980078000700284BD5E3
:1038D000FFE70498406918B3FFE740F68061C4F23F
:1038E000472101200860FEF74BFA0390FFE743F6FB
:1038F0007400C4F20200006800F002010020B0EB86
:10390000510F0CD1FFE7FEF73BFA0399401A032849
:1039100004D3FFE703208DF81700DEE1E7E722E09C
:1039200040F68061C4F2472100200860FEF728FAC3
:103930000390FFE743F67400C4F20200006800F051
:1039400002010020B0EB510F0CD0FFE7FEF718FA90
:103950000399401A032804D3FFE703208DF81700CA
:10396000BBE1E7E7FFE7FFE704980078400700289E
:1039700040F1CE80FFE700208DF8070043F64000BD
:10398000C4F202000068C000002815D4FFE7FFE77A
:103990000020009043F64000C4F20200016841F0AC
:1039A00080510160006800F0805000900098FFE7AF
:1039B00001208DF80700FFE747F20000C4F2000085
:1039C0000068C005002822D4FFE747F20001C4F2D6
:1039D0000001086840F480700860FEF7D1F9039098
:1039E000FFE747F20000C4F200000068C0050028AD
:1039F0000CD4FFE7FEF7C4F90399401A032804D357
:103A0000FFE703208DF8170067E1EAE7FFE7FFE72C
:103A100004988068012809D1FFE743F67001C4F2D9
:103A20000201086840F0010008601FE00498806807
:103A300005280DD1FFE743F67001C4F202010868C2
:103A400040F004000860086840F0010008600CE0E5
:103A500043F67001C4F20201086820F0010008601A
:103A6000086820F004000860FFE7FFE7FFE704981C
:103A70008068F8B1FFE7FEF783F90390FFE743F6AC
:103A80007000C4F20200006800F002010020B0EBF8
:103A9000510F0ED1FFE7FEF773F90399401A41F277
:103AA0008931884204D3FFE703208DF8170014E121
:103AB000E5E71EE0FEF764F90390FFE743F67000C8
:103AC000C4F20200006800F002010020B0EB510FC8
:103AD0000ED0FFE7FEF754F90399401A41F28931FD
:103AE000884204D3FFE703208DF81700F5E0E5E7EF
:103AF000FFE79DF80700012809D1FFE743F64001E1
:103B0000C4F20201086820F080500860FFE7FFE778
:103B100004988069002800F0DC80FFE743F6080085
:103B2000C4F20200006800F00C00082800F0858054
:103B3000FFE70498806902285CD1FFE76021C4F2A6
:103B4000472100200860FEF71BF90390FFE743F6CA
:103B50000000C4F20200006800F000710020B0EB29
:103B6000516F0CD0FFE7FEF70BF90399401A0328B9
:103B700004D3FFE703208DF81700AEE0E7E70499D0
:103B8000C869D1F820C04B6A8A6A40EA0C0040EA52
:103B90008310D2034FF6FF739A43A2F5803210438D
:103BA000C96A40EA016043F60401C4F202010860F8
:103BB0006021C4F2472101200860FEF7E1F803907C
:103BC000FFE743F60000C4F20200006800F0007155
:103BD0000020B0EB516F0CD1FFE7FEF7D1F803994D
:103BE000401A032804D3FFE703208DF8170074E080
:103BF000E7E721E06021C4F2472100200860FEF7DA
:103C0000BFF80390FFE743F60000C4F2020000682B
:103C100000F000710020B0EB516F0CD0FFE7FEF711
:103C2000AFF80399401A032804D3FFE703208DF867
:103C3000170052E0E7E7FFE74AE0049880690128AF
:103C400004D1FFE701208DF8170046E043F6040099
:103C5000C4F202000068029004988069012831D003
:103C6000FFE7029800F480000499C969884229D1CD
:103C7000FFE7029800F03F000499096A884221D1C9
:103C8000FFE7029847F6C07108400499496AB0EB13
:103C9000811F17D1FFE7029800F440300499896A28
:103CA000C9034FF6FF729143A1F58031884209D1D3
:103CB000FFE7029800F070600499C96AB0EB016FE9
:103CC00004D0FFE701208DF8170006E0FFE7FFE7CB
:103CD000FFE700208DF81700FFE79DF8170006B0FA
:103CE00080BD000080B584B00290029820B9FFE743
:103CF00001208DF80F0071E00298406A60B9FFE77B
:103D000002984068B0F5827F01D1FFE703E0029995
:103D10000020C861FFE705E00299002008610299D0
:103D20004861FFE7029900208862029890F85100EC
:103D300040B9FFE70299002081F85000029800F096
:103D400051F8FFE70299022081F8510002980168BA
:103D5000086820F040000860029A019211685068DB
:103D6000D2F808C0D36800F482700CF4044C6044AC
:103D700003F400631844136903F002031844536901
:103D800003F001031844936903F400731844D369E2
:103D900003F038031844136A03F080031843926A4F
:103DA00002F4005210430860029A508B00F00400A5
:103DB0001168526A02F010021044486002980168CB
:103DC000C86920F40060C861029900204865029A21
:103DD000012182F851108DF80F00FFE79DF80F00C8
:103DE00004B080BD80B58AB009900020089007908B
:103DF0000690059004900998006843F20001C4F20F
:103E00000101884233D1FFE7FFE70020039043F62A
:103E10004400C4F20200016841F48051016000686E
:103E200000F4805003900398FFE7FFE70020029022
:103E300043F63000C4F20200016841F00101016064
:103E4000006800F0010002900298FFE7E020049073
:103E5000022005900020069003200790052008907E
:103E60000020C4F2020004A9FDF796FD3EE0099887
:103E7000006843F60041C4F20001884235D1FFE7F3
:103E8000FFE70020019043F64000C4F20200016801
:103E900041F400410160006800F400400190019885
:103EA000FFE7FFE70020009043F63000C4F2020075
:103EB000016841F004010160006800F00400009016
:103EC0000098FFE74FF4E050049002200590002096
:103ED0000690032007900620089040F60000C4F2E8
:103EE000020004A9FDF758FDFFE7FFE70AB080BD17
:103EF00080B582B00190019801F0F8FD02B080BD5C
:103F000081B0009001B0704781B0009001B070475F
:103F100085B003900291FFE7039890F83C000128D8
:103F200004D1FFE702208DF813007EE00399012001
:103F300081F83C00FFE7FFE70399022081F83D008C
:103F400003980068406801900398006880680090BA
:103F5000019820F0700001900298016801980843D0
:103F6000019001980399096848600398006800214E
:103F7000C4F2010188423CD0FFE703980068B0F129
:103F8000804F36D0FFE70398006840F20041C4F24A
:103F9000000188422DD0FFE70398006840F6000139
:103FA000C4F20001884224D0FFE70398006840F67D
:103FB0000041C4F2000188421BD0FFE7039800686B
:103FC00040F20041C4F20101884212D0FFE7039899
:103FD000006844F20001C4F20101884209D0FFE701
:103FE0000398006841F60001C4F2000188420ED136
:103FF000FFE7009820F08000009002984168009848
:10400000084300900098039909688860FFE70399C6
:10401000012081F83D00FFE70399002081F83C0072
:10402000FFE700208DF81300FFE79DF8130005B0AF
:104030007047000080B582B00090009820B9FFE77B
:1040400001208DF807003FE0009890F83D0040B94E
:10405000FFE70099002081F83C00009800F038F854
:10406000FFE70099022081F83D00009951F8040B08
:1040700001F0DAFD0099012081F84600FFE7009980
:10408000012081F83E00009981F83F00009981F8F5
:104090004000009981F84100FFE7FFE70099012007
:1040A00081F84200009981F84300009981F84400AA
:1040B000009981F84500FFE70099012081F83D0053
:1040C00000208DF80700FFE79DF8070002B080BDD3
:1040D00080B584B0039003980068B0F1804F1BD185
:1040E000FFE7FFE70020029043F64000C4F2020021
:1040F000016841F001010160006800F001000290D8
:104100000298FFE71C20019000221146FDF7D0FE27
:104110000198FDF7C3FEFFE704B080BD83B00190B6
:10412000019890F83D00012804D0FFE701208DF8A8
:104130000B006AE00199022081F83D0001980168B6
:10414000C86840F00100C860019800680021C4F20E
:10415000010188423CD0FFE701980068B0F1804F30
:1041600036D0FFE70198006840F20041C4F2000138
:1041700088422DD0FFE70198006840F60001C4F2A4
:104180000001884224D0FFE70198006840F6004112
:10419000C4F2000188421BD0FFE70198006840F29A
:1041A0000041C4F20101884212D0FFE70198006883
:1041B00044F20001C4F20101884209D0FFE70198EE
:1041C000006841F60001C4F20001884212D1FFE705
:1041D00001980068806800F00700009000980628A9
:1041E00007D0FFE701980168086840F00100086007
:1041F000FFE706E001980168086840F001000860E8
:10420000FFE700208DF80B00FFE79DF80B0003B0DF
:104210007047000080B586B00490039100208DF8AF
:104220000B00FFE7049890F83C00012804D1FFE759
:1042300002208DF81700ABE00499012081F83C00C2
:10424000FFE7FFE70499022081F83D000498006829
:1042500080680190019820F077000190019820F487
:104260007F4001900198049909688860039800686C
:104270000090002872D0FFE7009810286ED0FFE76A
:10428000009820286AD0FFE70098302866D0FFE722
:104290000098402855D0FFE70098502837D0FFE716
:1042A0000098602840D0FFE7009870280BD0FFE707
:1042B0000098B0F5805F05D0FFE70098B0F5005F8B
:1042C00016D052E055E004980068039B5A6899683C
:1042D000DB6801F077FD0498006880680190019820
:1042E00040F077000190019804990968886040E0E7
:1042F00004980068039B5A689968DB6801F062FDC6
:1043000004980168886840F48040886031E004982F
:104310000068039A5168D26801F084FD049800682F
:10432000502101F069FD24E004980068039A516867
:10433000D26801F09FFD04980068602101F05CFDE7
:1043400017E004980068039A5168D26801F06AFD8A
:1043500004980068402101F04FFD0AE004980068CD
:104360000399096801F048FD03E001208DF80B0076
:10437000FFE70499012081F83D00FFE70499002040
:1043800081F83C00FFE79DF80B008DF81700FFE770
:104390009DF8170006B080BD81B0009001B0704755
:1043A00080B582B0019001980068006900F00201B8
:1043B0000020B0EB510F28D0FFE701980068C068DB
:1043C00000F002010020B0EB510F1DD0FFE7019873
:1043D00001686FF0020008610199012008770198D7
:1043E00000688069800720B1FFE70198FFF7D4FFDC
:1043F00006E0019800F012F9019800F013F9FFE7C8
:10440000019900200877FFE7FFE70198006800693D
:1044100000F004010020B0EB910F29D0FFE70198D4
:104420000068C06800F004010020B0EB910F1ED0BE
:10443000FFE7019801686FF004000861019902200C
:10444000087701980068806910F4407F04D0FFE786
:104450000198FFF7A1FF06E0019800F0DFF801984E
:1044600000F0E0F8FFE7019900200877FFE7FFE799
:1044700001980068006900F008010020B0EBD10F3E
:1044800028D0FFE701980068C06800F0080100200C
:10449000B0EBD10F1DD0FFE7019801686FF0080065
:1044A000086101990420087701980068C0698007B5
:1044B00020B1FFE70198FFF76FFF06E0019800F0D9
:1044C000ADF8019800F0AEF8FFE7019900200877F9
:1044D000FFE7FFE701980068006900F01001002085
:1044E000B0EB111F29D0FFE701980068C06800F009
:1044F00010010020B0EB111F1ED0FFE701980168EA
:104500006FF0100008610199082008770198006891
:10451000C06910F4407F04D0FFE70198FFF73CFF2B
:1045200006E0019800F07AF8019800F07BF8FFE7C8
:10453000019900200877FFE7FFE70198006800690C
:10454000C00780B1FFE701980068C068C00748B1A4
:10455000FFE7019801686FF001000861019800F021
:1045600065F8FFE7FFE7019800680069C1B2002025
:10457000B0EBD11F13D0FFE701980068C068C1B24B
:104580000020B0EBD11F09D0FFE7019801686FF060
:10459000800008610198FFF7B3FCFFE7FFE701988F
:1045A0000068006900F040010020B0EB911F14D0BA
:1045B000FFE701980068C06800F040010020B0EB00
:1045C000911F09D0FFE7019801686FF04000086172
:1045D000019800F02FF8FFE7FFE7019800680069F5
:1045E00000F020010020B0EB511F14D0FFE701982C
:1045F0000068C06800F020010020B0EB511F09D016
:10460000FFE7019801686FF0200008610198FFF74B
:104610007BFCFFE7FFE702B080BD000081B00090A7
:1046200001B0704781B0009001B0704781B0009038
:1046300001B0704781B0009001B0704782B0019026
:10464000ADF8021002B0704781B0009001B0704721
:1046500080B592B011901198006800681090119880
:104660000068C0680F901198006840690E900020A3
:104670000D900C90109800F00F000D900D9888B9D7
:10468000FFE79DF84000800600280AD5FFE79DF867
:104690003C008006002804D5FFE7119801F082FC59
:1046A000E3E1FFE70D98002800F0C280FFE79DF8E6
:1046B0003800C00738B9FFE7BDF83C0010F4907F20
:1046C00000F0B680FFE79DF84000C00758B1FFE753
:1046D0009DF83D00C00730B1FFE71199086C40F02C
:1046E00001000864FFE79DF84000400700280BD553
:1046F000FFE79DF83800C00730B1FFE71199086C5B
:1047000040F002000864FFE79DF8400080070028A1
:104710000BD5FFE79DF83800C00730B1FFE71199CE
:10472000086C40F004000864FFE79DF840000007B3
:10473000002811D5FFE79DF83C008006002805D42D
:10474000FFE79DF83800C00730B1FFE71199086C0A
:1047500040F008000864FFE71198006C002866D05C
:10476000FFE79DF84000800600280AD5FFE79DF886
:104770003C008006002804D5FFE7119801F012FCE8
:10478000FFE7119800684069C0F380100C90119801
:10479000006C0007002804D4FFE70C9800283ED0E6
:1047A000FFE7119801F0A0FB1198006840694006EE
:1047B00000282FD5FFE7FFE7FFE71198006850E8D2
:1047C000050F20F040000B90FFE70B99119802684D
:1047D00042E805100028F0D1FFE7FFE71198806B51
:1047E00098B1FFE71198816B45F6C960C0F60000EB
:1047F00008651198806BFDF78BF828B1FFE71198D9
:10480000806B016D8847FFE703E01198FFF71CFFFD
:10481000FFE703E01198FFF717FFFFE706E01198A5
:10482000FFF712FF119900200864FFE7FFE71CE182
:104830001198006B012840F0F880FFE79DF84000D8
:10484000C006002840F1F180FFE79DF83C00C0065B
:10485000002840F1EA80FFE7FFE700200A90119866
:10486000006800680A901198006840680A900A98E9
:10487000FFE7119800684069400600287ED5FFE7F1
:104880001198806B00684068ADF82600BDF82600DE
:10489000002872D0FFE7BDF826001199898D884263
:1048A0006BDAFFE7BDF826001199C8851198806B77
:1048B000C069B0F5807F58D0FFE7FFE7FFE71198A8
:1048C000006850E8030F20F480700890FFE7089913
:1048D0001198026842E803100028F0D1FFE7FFE7D3
:1048E000FFE7FFE71198006850E8050F20F001008E
:1048F0000790FFE707991198026842E80510002821
:10490000F0D1FFE7FFE7FFE7FFE71198006850E805
:10491000050F20F040000690FFE706991198026805
:1049200042E805100028F0D1FFE7FFE711992020A9
:1049300081F83E00119900200863FFE7FFE7119816
:10494000006850E8030F20F010000590FFE705997C
:104950001198026842E803100028F0D1FFE7FFE752
:104960001198806BFCF75EFFFFE71198818DC28D77
:10497000891A89B2FFF762FEFFE776E01199888D08
:10498000C98D401AADF812001198C08D00284BD087
:10499000FFE7BDF81200002846D0FFE7FFE7FFE77A
:1049A0001198006850E8030F20F490700390FFE71F
:1049B00003991198026842E803100028F0D1FFE73C
:1049C000FFE7FFE7FFE71198006850E8050F20F0C8
:1049D00001000290FFE702991198026842E8051071
:1049E0000028F0D1FFE7FFE71199202081F83E0071
:1049F000119900200863FFE7FFE71198006850E86D
:104A0000030F20F010000190FFE701991198026850
:104A100042E803100028F0D1FFE7FFE71198BDF846
:104A20001210FFF70BFEFFE71FE09DF840000006A5
:104A300000280AD5FFE79DF83C000006002804D5B1
:104A4000FFE7119801F036FC0FE09DF840004006AA
:104A500000280AD5FFE79DF83C004006002804D551
:104A6000FFE7119801F08AFAFFE712B080BD00005D
:104A700080B582B00090009820B9FFE701208DF842
:104A800007003EE00098806908B1FFE700E0FFE71B
:104A9000009890F83D0040B9FFE70099002081F8A8
:104AA0003C00009800F032F8FFE70099242081F8DC
:104AB0003D0000980168C86820F40050C860009864
:104AC00001F022FB00980168086920F49040086119
:104AD00000980168486920F02A0048610098016840
:104AE000C86840F40050C860009900200864009A2B
:104AF000202182F83D10009A82F83E108DF80700C0
:104B0000FFE79DF8070002B080BD000080B58AB0C5
:104B1000099000200890079006900590049009984D
:104B2000006841F20001C4F2010188423ED1FFE772
:104B3000FFE70020039043F64400C4F2020001683E
:104B400041F010010160006800F01000039003982C
:104B5000FFE7FFE70020029043F63000C4F20200B6
:104B6000016841F002010160006800F0020002905B
:104B70000298FFE7C02004900220059000200090DA
:104B80000690032007900720089040F20040C4F2EE
:104B9000020004A9FCF700FF009A252001901146AD
:104BA000FDF786F90198FDF779F9FFE70AB080BDB6
:104BB00080B584B002900191ADF80220029890F87F
:104BC0003E00202828D1FFE7019820B1FFE7BDF87B
:104BD000020020B9FFE701208DF80F0020E0FFE779
:104BE000029890F83C00012804D1FFE702208DF8DC
:104BF0000F0015E00299012081F83C00FFE7FFE774
:104C000002990020086302980199BDF8022001F082
:104C100019FB8DF80F0003E002208DF80F00FFE76D
:104C20009DF80F0004B080BD80B582B0019041F6C0
:104C30007A70C2F200000078D8B1FFE701980068EE
:104C400041F20001C4F20101884211D1FFE740F2B4
:104C50000010C2F200000090007800F08BFE009976
:104C600041F6BC60C2F200000122FFF7A1FFFFE79E
:104C7000FFE702B080BD000081B0009001B0704736
:104C8000FFE7FEE783B0029001918DF8032000203A
:104C90008DF802008DF80200FFE79DF802009DF8F4
:104CA0000310884229DAFFE70298000F092809D883
:104CB000FFE70298000F303001999DF8022001F8BB
:104CC000120009E00299372000EB117001999DF85C
:104CD000022001F81200FFE70298000102900198FB
:104CE0009DF8021000EB410100204870FFE79DF89D
:104CF000020001308DF80200CFE703B070470000DA
:104D000080B582B001900198FBF79DFAADF80200E2
:104D10000020ADF80000FFE7BDF80000BDF802106C
:104D200088420DDAFFE70198BDF80010405C00F002
:104D300021FEFFE7BDF800000130ADF80000EBE711
:104D400002B080BD80B582B041F68C00C2F2000096
:104D5000009046F20041C4F2000101601021416060
:104D6000002101918160C16001614161017641765C
:104D70008176C17601774177FCF71CFC18B1FFE71B
:104D8000FCF7E6FBFFE702B080BD000080B59AB0FB
:104D9000002019901890179016901590FFE70020AA
:104DA000149043F63000C4F20200016841F0100193
:104DB0000160006800F0100014901498FFE7FFE70E
:104DC0000020139043F63000C4F20200016841F065
:104DD00004010160006800F0040013901398FFE7DD
:104DE000FFE70020129043F63000C4F20200016891
:104DF00041F080010160006800F08000129012987C
:104E0000FFE7FFE70020119043F63000C4F20200F4
:104E1000016841F001010160006800F0010011909B
:104E20001198FFE7FFE70020109043F63000C4F22E
:104E30000200016841F002010160006800F0020018
:104E400010901098FFE7FFE700200F9043F6300026
:104E5000C4F20200016841F008010160006800F03E
:104E600008000F900F98FFE70020C4F202000290A4
:104E70000B21019100220C92FCF76AFF0C9A40F67C
:104E80000000C4F20200049030210391FCF760FF9F
:104E90000C9A40F20040C4F20200069041F6020172
:104EA0000591FCF755FF0C9A41F20000C4F2020094
:104EB00008904BF280510791FCF74AFF0C9A40F69C
:104EC0000040C4F202000D904FF450610991FCF7CC
:104ED0003FFF08980C9944F67F22159203220B920B
:104EE0001692179115A90E91FCF756FD04980B9B8D
:104EF0000C9A0E994EF2CF3CCDF854C016931792EF
:104F0000FCF74AFD019B02980C9A0E991593012318
:104F10000A93169317921892FCF73EFD02980B9B8A
:104F20000C9A0E9948F2147CCDF854C0169317923F
:104F3000FCF732FDDDF80CC004980A9B0C9A0E9920
:104F4000CDF854C0169317921892FCF725FD0698D9
:104F50000B9B0C9A0E994EF23D7CCDF854C01693E3
:104F60001792FCF719FDDDF814C006980A9B0C9AFD
:104F70000E99CDF854C0169317921892FCF70CFDB9
:104F8000DDF81CC008980A9B0C9A0E99CDF854C005
:104F9000169317921892FCF7FFFCDDF824C00A9BC9
:104FA0000C9A0D980E99CDF854C01693179218923A
:104FB000FCF7F2FC0B9B0C9A0D980E994FF2FC2C0F
:104FC000CDF854C016931792FCF7E6FC1AB080BDDA
:104FD00080B582B041F6C450C2F20000009043F2A6
:104FE0000001C4F2010101604FF4827141600021AF
:104FF00001918160C160016141614FF40072826181
:10500000C1610162416281620A21C162FEF76AFEEA
:1050100018B1FFE7FCF79CFAFFE702B080BD000083
:1050200080B582B041F61C60C2F20000009043F6E9
:105030000041C4F2000101604FF48271416000211F
:1050400001918160C160016141614FF40072826130
:10505000C1610162416281620A21C162FEF742FEC2
:1050600018B1FFE7FCF774FAFFE702B080BD00005B
:1050700080B588B0002101910791069105910491B6
:105080000391029141F67460C2F200004FF0804239
:1050900002605422426081604FF0FF32C2600161C1
:1050A0008161FEF7C7FF18B1FFE7FCF751FAFFE790
:1050B0004FF48050049041F67460C2F2000004A9DD
:1050C000FFF7A8F818B1FFE7FCF742FAFFE7002066
:1050D0000290039041F67460C2F2000002A9FEF74C
:1050E00017FF18B1FFE7FCF733FAFFE708B080BD00
:1050F00080B582B041F6BC60C2F20000019041F27E
:105100000001C4F2010101604FF4E131416000216E
:105110008160C16001610C2242618161C161FFF760
:10512000A7FC18B1FFE7FCF713FAFFE702B080BD58
:1051300080B541F2B050C2F2000040F20801C2F264
:105140000001002202F0A4FA18B1FFE7FCF700FA10
:10515000FFE741F2B050C2F2000040F22801C2F273
:10516000000102F095FF18B1FFE7FCF7F1F9FFE746
:1051700041F2B050C2F2000040F2C401C2F200019C
:1051800001F0C0FC18B1FFE7FCF7E2F9FFE741F2DC
:10519000B050C2F2000003F005F918B1FFE7FCF7C8
:1051A000D7F9FFE780BD0000FFE7FEE780B584B0D8
:1051B0008DF80F008DF80E109DF80E00002818BF16
:1051C00001208DF80D009DF80F0041380146019136
:1051D000392800F25F800199DFE801F03B46515C1D
:1051E0005C5C5C5C5C5C5C5C5C5C5C5C5C5C5C5CFF
:1051F0005C5C5C1D26305C5C5C5C5C5C3B46515CD2
:105200005C5C5C5C5C5C5C5C5C5C5C5C5C5C5C5CDE
:105210005C5C5C1D26309DF80D200020C4F202006D
:105220000221FCF795FD35E09DF80D2040F60000C9
:10523000C4F202002021FCF78BFD2BE09DF80D202D
:1052400041F20000C4F202004FF48071FCF780FDCF
:1052500020E09DF80D2041F20000C4F202004FF45E
:105260000051FCF775FD15E09DF80D2040F200405F
:10527000C4F202004FF48051FCF76AFD0AE09DF889
:105280000D2040F60040C4F202004FF40061FCF72C
:105290005FFDFFE700200290FFE70298312806DC5F
:1052A000FFE700BFFFE7029801300290F5E704B086
:1052B00080BD000080B582B08DF807008DF8061023
:1052C0009DF80600B0FA80F040098DF805009DF8C1
:1052D0000700413801460091392800F254800099B6
:1052E000DFE801F0303B465151515151515151517C
:1052F00051515151515151515151511D1D26515131
:1053000051515151303B46515151515151515151CF
:1053100051515151515151515151511D1D269DF81D
:1053200005200020C4F202000821FCF711FD2AE04C
:105330009DF8052040F20040C4F202000221FCF773
:1053400007FD20E09DF8052041F20000C4F20200B4
:105350004FF48061FCF7FCFC15E09DF8052041F25C
:105360000000C4F202004FF40041FCF7F1FC0AE037
:105370009DF8052040F60040C4F202004FF4807111
:10538000FCF7E6FCFFE702B080BD000080B586B008
:105390008DF817009DF81700413801460191392812
:1053A00000F258800199DFE801F037414B5555551F
:1053B000555555555555555555555555555555559D
:1053C000551D252E55555555555537414B55555558
:1053D000555555555555555555555555555555557D
:1053E000551D252E0020C4F2020004900120ADF8C6
:1053F0000E0030E040F60000C4F2020004901020DD
:10540000ADF80E0027E041F20000C4F20200049063
:105410008020ADF80E001EE041F20000C4F2020050
:1054200004904FF48050ADF80E0014E040F20040BC
:10543000C4F2020004904FF40060ADF80E000AE0E0
:1054400040F60040C4F2020004904FF48060ADF8D2
:105450000E0000E019E00498BDF80E100122FCF7E0
:1054600077FC00200290FFE70298312806DCFFE776
:1054700000BFFFE7029801300290F5E70498BDF8FD
:105480000E100022FCF764FCFFE706B080BD0000B0
:1054900070470000FFE7FEE788B00790069105928D
:1054A000079800F0070004900498C0F10700052851
:1054B00003D3FFE70420019004E00498C0F1070043
:1054C0000190FFE70198039004980430062803D860
:1054D000FFE70020009003E0049803380090FFE706
:1054E0000098029006980399012202FA01F101390D
:1054F0000840029B984005999A40013A11400843A0
:1055000008B0704780B541F6B800C2F20000FCF761
:10551000F5FF80BD80B586B00590049105980068C0
:105520000390039802900398006C019002980499EC
:1055300000EB4110D0F8080B0090019843F20B01EA
:10554000C4F6547188420FD3FFE79DF801000006AE
:10555000002809D5FFE70298049900EB41114FF4A8
:105560000040C1F8080BFFE70598FDF721FE019800
:1055700043F20B01C4F6547188420DD3FFE705983E
:105580000069012808D1FFE70599086801F2C442C3
:10559000012103F047FEFFE7002006B080BD0000B8
:1055A00080B588B007900691079800680490049829
:1055B00003900498006C02900398069900EB411048
:1055C000D0F8080B019007980069012840F081800D
:1055D000FFE79DF804000007002818D5FFE70298B0
:1055E00043F20B01C4F6547188420FD3FFE79DF8D4
:1055F00005000006002809D5FFE70398069900EB8F
:1056000041114FF40040C1F8080BFFE760E09DF83E
:1056100004008006002808D5FFE70398069900EBF0
:1056200041112020C1F8080B51E09DF8040010F052
:10563000280F4AD1FFE7029843F20B01C4F65471D8
:1056400088420FD3FFE79DF805000006002809D522
:10565000FFE70398069900EB41114FF40040C1F8B1
:10566000080B31E00798069901EBC10100EB8100BE
:1056700000F51F7005900598C0690399069A01EB23
:105680004211D1F8101B6FF3DF41401A05990862EF
:10569000069898B9FFE70598806940B9FFE7079930
:1056A000086801F2C442012103F0BCFD05E0059940
:1056B00008690A6A10440861FFE7FFE707989DF848
:1056C0001810FCF795FCFFE700E0FFE7FFE7FFE7B6
:1056D00047E0029843F20A11C4F65471884224D17B
:1056E000FFE79DF805000006002809D5FFE70398AD
:1056F000069900EB41114FF40040C1F8080B13E08C
:105700009DF804008006002808D5FFE70398069955
:1057100000EB41112020C1F8080BFFE707989DF826
:105720001810FCF765FCFFE71AE0069890B9FFE750
:105730000798069901EBC10100EB8100D0F89402B3
:1057400040B9FFE70799086801F2C442002103F05D
:1057500069FDFFE707989DF81810FCF749FCFFE783
:10576000FFE7002008B080BD80B58CB00A90099199
:105770000A9800680890089807900A98099901EB20
:10578000C10100EB81003C30069006988169006AF7
:10579000884204D9FFE701208DF82F0079E00699AF
:1057A0008869096A401A059005980699C96888426F
:1057B00004D9FFE70698C0680590FFE70598033015
:1057C00080080490FFE70798099900EB4110D0F892
:1057D000180981B2049A0020914202900FD3FFE78A
:1057E00006988269016A00209142029007D2FFE781
:1057F00006988069002818BF01200290FFE70298F0
:10580000C00770B3FFE706998869096A401A0590D6
:1058100005980699C968884204D9FFE70698C068C8
:105820000590FFE7059803308008049008980699D2
:1058300009699DF82420BDF81430DDF828C09CF8D3
:1058400010C0EE46CEF800C004F026FB059A06997B
:10585000086910440861059A0699086A10440862AC
:10586000B1E706998869096A88420ED8FFE7099866
:1058700000F00F01012088400390039A0799D1F8A6
:1058800034089043C1F83408FFE700208DF82F005A
:10589000FFE79DF82F000CB080BD000070470000AE
:1058A00082B0009041F60071C2F2000191F86000F0
:1058B00091F86110884204D1FFE700208DF80700BD
:1058C0001CE0009A41F60071C2F2000191F86100FB
:1058D00000EB400001EB800351F820001060586895
:1058E0009B689360506091F86100013000F0070000
:1058F00081F8610001208DF80700FFE79DF807009F
:1059000002B0704780B583B0019041F60071C2F2D9
:10591000000191F86000013000F007008DF80300ED
:105920009DF8030091F86110884204D1FFE7002040
:105930008DF80B001AE041F60071C2F2000191F8F7
:10594000600000EB400E01EB8E02019BD3F800C01B
:1059500058689B6841F82EC0936050609DF8030022
:1059600081F8600001208DF80B00FFE79DF80B0027
:1059700003B080BD81B08DF8030041F6B400C2F2DF
:105980000000008801306FF39F20ADF80000BDF8E3
:10599000000041F67871C2F200010988884210D0F7
:1059A000FFE79DF8030041F6B401C2F200010B8845
:1059B00041F67B72C2F20002D054BDF800000880AC
:1059C000FFE701B0704700007047000084B003900B
:1059D0000398009000980078ADF808000098013016
:1059E000009000980078ADF80600BDF80610BDF8EC
:1059F000080040EA0120ADF80A00BDF80A0004B032
:105A00007047000080B582B041F66470C2F20000B9
:105A1000007C18B9FFE700F039F834E004F02EFB01
:105A20000190019840F20411C2F200010968401A85
:105A300041F66471C2F200014968884213D9FFE758
:105A4000019840F20411C2F20001086041F664704E
:105A5000C2F200000090407AFFF798FC0099C868F5
:105A60000130C860FFE741F66470C2F200000168CF
:105A7000C068884207D3FFE741F66471C2F20001B3
:105A800000200874FFE702B080BD000080B584B03C
:105A900001A8FFF705FFC8B1FFE741F66470C2F245
:105AA00000000199029A039B83604260016000211B
:105AB000C160012101749DF80D00FFF7FBFB9DF80B
:105AC0000C109DF80D00FFF771FB0CE09DF80D0028
:105AD00000210091FFF7EEFB009841F66471C2F2DD
:105AE00000010874FFE704B080BD000080B582B0FB
:105AF000009000980138B0F1807F03D3FFE70120C8
:105B0000019019E0009801384EF21401CEF2000124
:105B100008604FF0FF300F2104F022FA4EF2180116
:105B2000CEF20001002008604EF21002CEF2000218
:105B3000072111600190FFE7019802B080BD0000CD
:105B400080B5FCF723F980BD80B594B008A830215A
:105B5000FAF76EFB002007900690059004900390E2
:105B6000FFE70020029043F64000C4F20200016803
:105B700041F080510160006800F08050029002986E
:105B8000FFE7FFE70020019047F20000C4F20000A9
:105B9000016841F480410160006800F48040019098
:105BA0000198FFE7012008904FF48030099002200F
:105BB0000E904FF480010F9104211091A8211191B2
:105BC00012900720139008A8FDF72CFD18B1FFE7ED
:105BD000FBF7BEFCFFE70F2003900220049000209B
:105BE00005904FF4A05006904FF48050079003A802
:105BF0000521FDF747FB18B1FFE7FBF7A9FCFFE71D
:105C000014B080BD4EF68851CEF20001086840F411
:105C1000700008607047000080B541F67460C2F201
:105C20000000FEF7BDFB80BD83B002900191029899
:105C30000068009002980021C4F20101884225D03A
:105C4000FFE70298B0F1804F20D0FFE7029840F2C2
:105C50000041C4F20001884218D0FFE7029840F6E4
:105C60000001C4F20001884210D0FFE7029840F61C
:105C70000041C4F20001884208D0FFE7029840F2D8
:105C80000041C4F2010188420AD1FFE7009820F0E8
:105C90007000009001984168009808430090FFE769
:105CA00002980021C4F20101884255D0FFE7029812
:105CB000B0F1804F50D0FFE7029840F20041C4F2AB
:105CC0000001884248D0FFE7029840F60001C4F284
:105CD0000001884240D0FFE7029840F60041C4F23C
:105CE0000001884238D0FFE7029840F20041C4F238
:105CF0000101884230D0FFE7029844F20001C4F26B
:105D00000101884228D0FFE7029844F20041C4F222
:105D10000101884220D0FFE7029844F60001C4F256
:105D20000101884218D0FFE7029841F60001C4F251
:105D30000001884210D0FFE7029841F60041C4F20A
:105D40000001884208D0FFE7029842F20001C4F245
:105D5000000188420AD1FFE7009820F440700090CB
:105D60000198C168009808430090FFE7009820F070
:105D700080000199496908430090009802990860E1
:105D8000019880680299C862019800680299886247
:105D900002980021C4F20101884208D0FFE702986E
:105DA00040F20041C4F20101884205D1FFE70198A9
:105DB000006902990863FFE702990120486103B076
:105DC0007047000085B004900391029201930498FB
:105DD00080680090009820F47F400090039802991A
:105DE000019A41EA0221014300980843009000987B
:105DF0000499886005B0704783B0029001910298C1
:105E000080680090009820F0700000900198009940
:105E1000084340F00700009000980299886003B0A2
:105E20007047000085B00490039102920498006AC4
:105E300000900499086A20F00100086204988069C3
:105E40000190019820F0F00001900299019840EA39
:105E500001100190009820F00A000090039900982A
:105E60000843009001980499886100980499086299
:105E700005B0704785B00490039102920499086AB6
:105E800020F0100008620498806901900498006A6C
:105E90000090019820F4704001900299019840EA26
:105EA00001300190009820F0A00000900399009824
:105EB00040EA0110009001980499886100980499C3
:105EC000086205B07047000080B582B0019001986B
:105ED000806B009000990020C8850099C8840098C4
:105EE000FEF7B2FB02B080BD84B00390FFE7FFE78E
:105EF0000398006850E8030F20F490700290FFE7C9
:105F000002990398026842E803100028F0D1FFE7E5
:105F1000FFE7FFE7FFE70398006850E8050F20F070
:105F200001000190FFE701990398026842E805101B
:105F30000028F0D1FFE7FFE70398006B012814D198
:105F4000FFE7FFE7FFE70398006850E8030F20F042
:105F500010000090FFE700990398026842E80310E0
:105F60000028F0D1FFE7FFE7FFE70399202081F841
:105F70003E0003990020086304B0704780B582B0EA
:105F8000019001980168C86820F04000C86001993C
:105F9000202081F83D000198FEF76EFE002002B03F
:105FA00080BD000080B586B00490049890F83E0053
:105FB000222840F0A180FFE704988068B0F5805F58
:105FC00015D1FFE70498006988B9FFE70020039026
:105FD0000498806A02900498006840686FF35F201C
:105FE000029908800499886A0230886225E0049842
:105FF000806A03900020029004988068B0F5805F6A
:1060000008D0FFE70498806850B9FFE7049800695A
:1060100030B9FFE70498006840680399087007E00A
:1060200004980068406800F07F0003990870FFE75B
:106030000499886A01308862FFE70499C88D0138A5
:10604000C8850004002853D1FFE704980168C86898
:1060500020F02000C86004980168C86820F48070AF
:10606000C86004980168486920F0010048610499FB
:10607000202081F83E000498006B012830D1FFE712
:10608000049900200863FFE7FFE70498006850E8E0
:10609000030F20F010000190FFE7019904980268B7
:1060A00042E803100028F0D1FFE7FFE704980068FA
:1060B0000068C00600280ED5FFE7FFE7002000902B
:1060C0000498006800680090049800684068009098
:1060D0000098FFE7FFE70498818DFEF7AFFA03E031
:1060E0000498FEF7A1FDFFE700208DF8170007E0F8
:1060F00000208DF8170003E002208DF81700FFE75D
:106100009DF8170006B080BD80B586B00590059853
:106110000068006920F44050059A1168D268104365
:106120000861059988680B694A69C9691843104371
:106130000843049005980068C06849F20C618843E0
:106140000499084305990968C86005980068406982
:1061500020F44070059A11689269104348610598CF
:10616000006841F20001C4F20101884209D0FFE752
:106170000598006841F20041C4F20101884204D14F
:10618000FFE7FDF7C9F9039003E0FDF7B3F90390CA
:10619000FFE70598C069B0F5004F29D1FFE70398E4
:1061A0001921A0FB0101059A1368029353685A0054
:1061B000DB0FFAF705F80299864648F21F53C5F23D
:1061C000EB13AEFB0320420910014FF0640C02FBFD
:1061D0001CEC322202EBCC02A2FB0332F82303EACE
:1061E000521300EB4300C2F342121044886026E0D1
:1061F00003981921A0FB0101059A136801935368C4
:106200009A009B0FF9F7DCFF0199844648F21F5270
:10621000C5F2EB12ACFB02304309642003FB10CC47
:10622000322000EB0C10A0FB0202F02000EA52101A
:1062300000EB0310C2F3431210448860FFE706B07E
:1062400080BD000083B002900191ADF8022001985A
:1062500002998862BDF8020002998885BDF80200A3
:106260000299C8850299002008640299222081F8C9
:106270003E00FFE70299002081F83C00FFE702980A
:10628000006938B1FFE702980168C86840F480707F
:10629000C860FFE702980168486940F00100486162
:1062A00002980168C86840F02000C860002003B070
:1062B0007047000083B00190019890F83D002128BC
:1062C0003AD1FFE701988068B0F5805F13D1FFE70E
:1062D0000198006978B9FFE70198006A009000987A
:1062E00000886FF35F200199096848600199086A86
:1062F0000230086208E0019A106A411C11620078BD
:10630000019909684860FFE70199C88C0138C88481
:10631000000468B9FFE701980168C86820F08000B0
:10632000C86001980168C86840F04000C860FFE795
:1063300000208DF80B0003E002208DF80B00FFE732
:106340009DF80B0003B0704780B584B041F2B050A7
:10635000C2F2000090F89C02032801D0FFE756E04B
:1063600000208DF80F0041F67870C2F2000000881E
:10637000ADF80C0041F6B400C2F200000088ADF8A0
:106380000A00FFE79DF80F1000203F29019009DC6B
:10639000FFE7BDF80C00BDF80A10401A18BF012035
:1063A0000190FFE70198C007C8B1FFE7BDF80C10E6
:1063B00041F67B70C2F20000405C9DF80F20511C3A
:1063C0008DF80F1040F20811C2F200018854BDF898
:1063D0000C0001306FF39F20ADF80C00D2E79DF860
:1063E0000F00012813DBFFE79DF80F1040F20810A3
:1063F000C2F20000FBF700F840B9FFE7BDF80C005F
:1064000041F67871C2F200010880FFE7FFE704B0AF
:1064100080BD000080B541F6BC60C2F2000040F2D1
:106420000011C2F200010122FEF7C2FB80BD000094
:1064300080B541F6BC60C2F20000FEF709F980BDEC
:1064400080B586B004908DF80F100498D0F8C8027B
:1064500001900498D0F8D41200EB8100D0F8C0026B
:1064600020B9FFE703208DF817005FE00498D0F80B
:10647000D41200EB8100D0F8C002029004989DF87D
:106480000F1001F00F0101EB810100EB8100806929
:1064900040B3FFE704989DF80F1001F00F0101EBE6
:1064A000810200EB82008269019801EBC10100EBDF
:1064B0008100816CB2FBF1F000FB112090B9FFE785
:1064C00004989DF80F1001F00F0101EB810100EB22
:1064D00081000023836104989DF80F101A4601F093
:1064E00083FD1FE002990020C1F814020498D0F83F
:1064F000D41200EB8100D0F8C402006988B1FFE734
:106500000498D0F8D41200EB8100D0F8C4020369DB
:106510000299D1F8080201F504719DF80F209847FF
:10652000FFE7FFE700208DF81700FFE79DF8170051
:1065300006B080BD80B584B002908DF80710029837
:10654000D0F8D41200EB8100D0F8C002009002987D
:10655000D0F8D41200EB8100D0F8C00220B9FFE7D8
:1065600003208DF80F0019E002989DF8071001F044
:10657000CBFA0099C1F80C020298D0F8D41200EBC3
:106580008100D0F8C402C2680099D1F8040201F574
:106590000371904700208DF80F00FFE79DF80F0072
:1065A00004B080BD80B586B005908DF813100598B5
:1065B00040F20501C2F200010091097801F0BCF837
:1065C00000990598097801F00F0101EB810100EBBA
:1065D0008101002003908884059840F20601C2F2F0
:1065E00000010191097801F0A7F8019A0398059933
:1065F000127802F00F0202EB820201EB8201A1F895
:106600006401059840F20401C2F200010291097888
:1066100001F092F8029A03980599137803F00F039A
:1066200003EB830301EB830188840599127802F060
:106630000F0202EB820201EB8201C8840598D0F8B8
:10664000D41200EB8100D0F8C002F0B1FFE705984A
:10665000D0F8D41200EB8100D0F8C4024068804723
:106660000598D0F8D41200EB8100D0F8C00202F0F7
:1066700057F90598D0F8D41200EB81010020C1F839
:10668000C0020599C1F8BC02FFE7002006B080BD3A
:1066900080B584B002900298D0F8D41200EB81004B
:1066A000D0F8C0020190019820B9FFE703208DF8CF
:1066B0000F0025E00298D0F8D41200EB8100D0F84A
:1066C000C402C8B1FFE7019890F80002FF2813D078
:1066D000FFE70298D0F8D41200EB8100D0F8C40292
:1066E0008368019991F8000291F801229847019975
:1066F000FF2081F80002FFE700208DF80F00FFE780
:106700009DF80F0004B080BD81B0009000990A2070
:10671000088040F2A400C2F2000001B070470000FF
:1067200080B586B0059040F26000C2F20000019092
:10673000822100F09BFE014601980491012100F0A6
:1067400095FE014601980391812100F08FFE029091
:10675000049820B1FFE7049910208871FFE703989F
:1067600020B1FFE7039940208880FFE7029820B11D
:10677000FFE7029940208880FFE7059943200880C1
:1067800040F26000C2F2000006B080BD80B586B065
:10679000059040F26000C2F200000190822100F0FA
:1067A00065FE014601980491012100F05FFE01465B
:1067B00001980391812100F059FE0290049820B1C4
:1067C000FFE7049910208871FFE7039828B1FFE7DD
:1067D00003994FF400708880FFE7029828B1FFE723
:1067E00002994FF400708880FFE7059943200880E4
:1067F00040F26000C2F2000006B080BD80B586B0F5
:10680000059040F26000C2F200000190822100F089
:106810002DFE014601980491012100F027FE01465A
:1068200001980391812100F021FE0290049820B18B
:10683000FFE7049910208871FFE7039820B1FFE774
:10684000039940208880FFE7029820B1FFE7029972
:1068500040208880FFE705994320088040F26000CF
:10686000C2F2000006B080BD80B590B00E908DF8E9
:1068700037104FF4077002F057F80C900C9860B97D
:10688000FFE70E98D0F8D41200EB81010020C1F888
:10689000C00202208DF83F00F0E00C984FF4077121
:1068A000F9F7C6FC0C980E99D1F8D42201EB8201BD
:1068B000C1F8C0020E99D1F8D40201EB8000D0F8E3
:1068C000C002C1F8BC020E98007C002840D1FFE74E
:1068D0000E9840F20501C2F20001079109780222E8
:1068E00008924FF40073099301F0FAF90799089A96
:1068F000099B0E98097801F00F0101EB810100EB73
:10690000810101200B9088840E9840F20601C2F2AA
:1069100000010A91097801F0E3F90A9A0B980E999F
:10692000127802F00F0202EB820201EB8201A1F861
:1069300064010E9840F20401C2F20001097801F0EE
:106940000F0101EB810100EB81011020C8843EE0C2
:106950000E9840F20501C2F200010291097802226C
:1069600003924023049301F0BBF90299039A049B1C
:106970000E98097801F00F0101EB810100EB810114
:106980000120069088840E9840F20601C2F20001B0
:106990000591097801F0A4F9059A06980E991278E4
:1069A00002F00F0202EB820201EB8201A1F8640106
:1069B0000E9840F20401C2F20001097801F00F01C3
:1069C00001EB810100EB81011020C884FFE70E98E4
:1069D00040F20401C2F20001009109780322082369
:1069E00001F07EF900990E98097801F00F0101EB92
:1069F000810100EB8101012088840C990020019025
:106A0000C1F804020E98D0F8D41200EB8100D0F83F
:106A1000C4020068804701980C99C1F814020C99CF
:106A2000C1F818020C98D0F8040220B9FFE7022040
:106A30008DF83F0022E00E98007C70B9FFE70E98B9
:106A400040F20601C2F2000109780C9AD2F8042241
:106A50004FF4007301F06AF90CE00E9840F2060161
:106A6000C2F2000109780C9AD2F80422402301F006
:106A70005DF9FFE700208DF83F00FFE79DF83F003C
:106A800010B080BD80B584B002900298D0F8D412C6
:106A900000EB8100D0F8C00201900298D0F8D41227
:106AA00000EB8100D0F8C00220B9FFE703208DF889
:106AB0000F0022E00298007C70B9FFE7029840F2D4
:106AC0000601C2F200010978019AD2F804224FF4BB
:106AD000007301F02BF90CE0029840F20601C2F2BB
:106AE00000010978019AD2F80422402301F01EF92E
:106AF000FFE700208DF80F00FFE79DF80F0004B0BE
:106B000080BD000083B001900091009820B9FFE79C
:106B100003208DF80B000BE000980199D1F8D422E6
:106B200001EB8201C1F8C40200208DF80B00FFE7E1
:106B30009DF80B0003B0704784B002900191029859
:106B4000D0F8D41200EB8100D0F8C0020090009879
:106B500020B9FFE703208DF80F0007E001980099A6
:106B6000C1F8040200208DF80F00FFE79DF80F0028
:106B700004B0704785B00390029101920398D0F859
:106B8000D41200EB8100D0F8C0020090009820B928
:106B9000FFE703208DF813000BE002980099C1F87D
:106BA000080201980099C1F8100200208DF8130026
:106BB000FFE79DF8130005B07047000080B58AB06C
:106BC000089007910898D0F8D41200EB8100D0F813
:106BD000C002069000208DF81500ADF812008DF867
:106BE0001100069820B9FFE703208DF82700C7E0C1
:106BF0000798007800F060000146039100285ED0FD
:106C0000FFE70398202840F0AE80FFE70798C08890
:106C1000002846D0FFE7079800780006002823D513
:106C2000FFE70898D0F8D41200EB8100D0F8C40236
:106C30008368079A50780699D28898470798C08841
:106C4000082803D3FFE70720029003E00798C088D5
:106C50000290FFE70298ADF8160008980699BDF873
:106C6000162000F081F91BE007984078069981F81A
:106C700000020798C0883F2804D8FFE70798C0881B
:106C8000019002E040200190FFE70198069981F809
:106C900001020898069991F8012200F037F9FFE700
:106CA0000CE00898D0F8D41200EB8100D0F8C402B0
:106CB00083680799487800229847FFE75BE00798C8
:106CC0004078014600910B2844D80099DFE801F094
:106CD000064142424242424242421C32089890F8E7
:106CE0009C02032807D1FFE708980DF11201022248
:106CF00000F03AF907E00898079900F0F9F8032046
:106D00008DF81100FFE72DE0089890F89C02032809
:106D100007D1FFE708980DF11501012200F024F9D1
:106D200007E00898079900F0E3F803208DF81100B8
:106D3000FFE717E0089890F89C02032808D0FFE7C7
:106D40000898079900F0D4F803208DF81100FFE7A8
:106D500008E007E00898079900F0CAF803208DF8CA
:106D60001100FFE707E00898079900F0C1F8032039
:106D70008DF81100FFE79DF811008DF82700FFE75F
:106D80009DF827000AB080BD80B584B002900298BB
:106D9000D0F8D41200EB8100D0F8C002019001209D
:106DA0008DF803000298D0F8D41200EB8100D0F8DF
:106DB000C00220B9FFE703208DF80F002AE00198F8
:106DC000D0F8140208BBFFE701990120C1F81402B2
:106DD0000198D0F81002029A40F20501C2F20001B7
:106DE0000B7803F00F0303EB830302EB8302906144
:106DF00002980978019BD3F80822D3F8103201F0E9
:106E0000F3F800208DF80300FFE79DF803008DF8EC
:106E10000F00FFE79DF80F0004B080BD80B582B081
:106E200001908DF8031000208DF802000198D0F831
:106E3000B8124A689DF80310904720B1FFE703207D
:106E40008DF80200FFE79DF8020002B080BD00004F
:106E500080B582B001900091019890F89C020138B1
:106E600002280ED8FFE700984088012808D1FFE7E4
:106E700001990020C1F8A402019800F08FF8FFE703
:106E800004E00198009900F033F8FFE702B080BDFC
:106E900082B001908DF80310002002B0704700000E
:106EA00082B001908DF80310002002B070470000FE
:106EB00080B584B00390029101920398029A019BDD
:106EC0000021009100F032FF009804B080BD000066
:106ED00080B584B00390029101920398029A019BBD
:106EE0000021009101F080F8009804B080BD0000FE
:106EF00080B582B0019000910198802101F02CF8BA
:106F00000198002101F028F802B080BD80B584B05E
:106F100003900291019203990320C1F89402019811
:106F20000399C1F8580101980399C1F85C010398CD
:106F3000029A019B0021009100F0F8FE009804B035
:106F400080BD000080B582B0019001990520C1F894
:106F5000940201980023009319461A4600F0E6FEB9
:106F6000009802B080BD000080B584B0039002910B
:106F7000019203990220C1F8940201980399886153
:106F800001980399C8610398029A019B002100911E
:106F900001F02AF8009804B080BD000080B582B0EE
:106FA000019001990420C1F89402019800230093F4
:106FB00019461A4601F018F8009802B080BD00008A
:106FC00080B582B08DF8070000919DF8070060B988
:106FD000FFE7009A4AF60820C0F6000040F24C1184
:106FE000C2F2000100F0DEFA0BE0009A4AF6082037
:106FF000C0F6000040F24C11C2F2000100F0D2FADB
:10700000FFE740F24C10C2F2000002B080BD000069
:1070100082B08DF80700009100991220088040F29C
:10702000B000C2F2000002B07047000080B582B02C
:107030008DF8070000919DF8070060B9FFE7009AFE
:107040004AF6FA10C0F6000040F24C11C2F20001FC
:1070500000F0A8FA0BE0009A4AF6FA10C0F6000019
:1070600040F24C11C2F2000100F09CFAFFE740F23E
:107070004C10C2F2000002B080BD000082B08DF85A
:107080000700009100990420088040F2D800C2F265
:10709000000002B07047000080B584B08DF80F008A
:1070A0000291029A4AF61320C0F6000040F24C11F9
:1070B000C2F20001019100F075FA019804B080BDA0
:1070C00080B582B08DF8070000919DF8070060B987
:1070D000FFE7009A4AF62620C0F6000040F24C1165
:1070E000C2F2000100F05EFA0BE0009A4AF6262098
:1070F000C0F6000040F24C11C2F2000100F052FA5A
:10710000FFE740F24C10C2F2000002B080BD000068
:1071100080B582B08DF80700009100991A20088090
:10712000FAF71AFA40F2DC00C2F2000002B080BDA9
:1071300080B584B0039002910298C088012805D0E0
:10714000FFE703980299FFF7D3FE21E0039890F838
:107150009C12481E0191022804D3FFE701980328DE
:107160000AD00FE0039900208860039800F108011D
:107170000122FFF7F9FE0AE00398011D0122FFF743
:10718000F3FE04E003980299FFF7B2FEFFE7FFE782
:1071900004B080BD80B588B0079006910020ADF89E
:1071A000160004908DF80F000698C078013801464B
:1071B0000291062800F21E810299DFE811F0070013
:1071C00011002E001B011B01E80000010798D0F8F8
:1071D000B4120A68007C0DF116019047049013E187
:1071E0000798007C60B9FFE70798D0F8B802816A79
:1071F0000DF11600884704900499022048700BE0B6
:107200000798D0F8B802C16A0DF1160088470490BB
:10721000049902204870FFE7F6E00698807801465E
:107220000191052800F2A8800199DFE801F0031E12
:1072300039546F8A0798D0F8B402406850B1FFE71C
:107240000798D0F8B4124A68007C0DF116019047F7
:10725000049009E007980699FFF74AFE9DF80F0091
:1072600001308DF80F00FFE790E00798D0F8B402E6
:10727000806850B1FFE70798D0F8B4128A68007CA4
:107280000DF116019047049009E007980699FFF761
:107290002FFE9DF80F0001308DF80F00FFE775E01D
:1072A0000798D0F8B402C06850B1FFE70798D0F84B
:1072B000B412CA68007C0DF116019047049009E0F1
:1072C00007980699FFF714FE9DF80F0001308DF81E
:1072D0000F00FFE75AE00798D0F8B402006950B1F8
:1072E000FFE70798D0F8B4120A69007C0DF1160187
:1072F0009047049009E007980699FFF7F9FD9DF87B
:107300000F0001308DF80F00FFE73FE00798D0F83D
:10731000B402406950B1FFE70798D0F8B4124A6947
:10732000007C0DF116019047049009E0079806993A
:10733000FFF7DEFD9DF80F0001308DF80F00FFE72D
:1073400024E00798D0F8B402806950B1FFE70798AD
:10735000D0F8B4128A69007C0DF1160190470490B0
:1073600009E007980699FFF7C3FD9DF80F0001306B
:107370008DF80F00FFE709E007980699FFF7B8FDC1
:107380009DF80F0001308DF80F00FFE73CE00798F3
:10739000007C48B9FFE70798D0F8B802416B0DF1BF
:1073A00016008847049009E007980699FFF7A0FDAA
:1073B0009DF80F0001308DF80F00FFE724E00798DB
:1073C000007C60B9FFE70798D0F8B802016B0DF1B7
:1073D00016008847049004990720487009E0079830
:1073E0000699FFF785FD9DF80F0001308DF80F001D
:1073F000FFE709E007980699FFF77AFD9DF80F006F
:1074000001308DF80F00FFE79DF80F0008B1FFE78E
:107410002AE00698C08818B3FFE7BDF81600C8B187
:10742000FFE7BDF816000699C988884204DAFFE72D
:10743000BDF81600009003E00698C0880090FFE7B2
:107440000098ADF8160007980499BDF81620FFF7CC
:107450008BFD04E007980699FFF74AFDFFE703E07C
:107460000798FFF79BFDFFE708B080BD80B586B0A9
:1074700005908DF813100598039005980290002050
:107480000190029948880978884227DDFFE7029831
:107490000078ADF80200FFE7BDF8020002994988C4
:1074A00088421ADAFFE703980DF1020100F034F880
:1074B00003900398407805280ED1FFE703980190C8
:1074C000019880789DF81310884201D1FFE704E00D
:1074D00000200190FFE7FFE7DEE7FFE7019806B035
:1074E00080BD000083B0029000208DF80700029854
:1074F0000090FFE70098007848B1FFE79DF807008B
:1075000001308DF80700009801300090F2E79DF8F7
:10751000070003B07047000083B002900191029809
:107520000090009802780199088810440880029819
:107530000099097808440090009803B07047000053
:1075400080B582B001900091019890F89C020138BA
:1075500002281FD8FFE70098C088022805D0FFE75F
:1075600001980099FFF7C4FC19E001990120C86057
:107570000198D0F8A40230B1FFE70199C86840F043
:107580000200C860FFE7019800F10C010222FFF73A
:10759000EBFC04E001980099FFF7AAFCFFE702B0BA
:1075A00080BD000080B586B0059004910392002054
:1075B0008DF80B00059808B9FFE73DE005980190AC
:1075C0000198FFF78FFF0146022000EB410003996D
:1075D00008800398007804999DF80B2088549DF842
:1075E0000B0001308DF80B0004999DF80B2003204F
:1075F00088549DF80B0001308DF80B00FFE70198CF
:107600000078C8B1FFE70198007804999DF80B2035
:1076100088540198013001909DF80B0001308DF8DD
:107620000B0004999DF80B20002088549DF80B0056
:1076300001308DF80B00E2E706B080BD82B08DF816
:10764000070000208DF806009DF807000146009114
:10765000032814D80099DFE801F002060A0E002082
:107660008DF806000FE003208DF806000BE00120E6
:107670008DF8060007E003208DF8060003E00320E4
:107680008DF80600FFE79DF8060002B07047000085
:1076900080B584B0029001918DF80320029820B942
:1076A000FFE703208DF80F0023E002990020C1F8C6
:1076B000B8020299C1F8C4020299C1F8D002019837
:1076C00028B1FFE701980299C1F8B402FFE70299D7
:1076D000012081F89C029DF803000299087002982D
:1076E00000F020FA8DF802009DF802008DF80F00DE
:1076F000FFE79DF80F0004B080BD000080B582B0A8
:1077000001908DF8031000208DF802008DF8010023
:107710000198D0F8C8029DF80310FAF70BFD8DF818
:1077200002009DF80200FFF789FF8DF801009DF827
:10773000010002B080BD000080B582B001908DF8DC
:10774000031000208DF802008DF801000198D0F898
:10775000C8029DF80310FAF799FC8DF802009DF815
:107760000200FFF76BFF8DF801009DF8010002B0E9
:1077700080BD000080B588B006908DF81710049287
:107780009DF81700002875D1FFE706981430039084
:107790000698D0F8940202285DD1FFE70399886823
:1077A000C968884212D9FFE703998868CA68801AB5
:1077B000886006980499039A9268FFF789FB0698F7
:1077C000002319461A4600F0B1FA43E00398816895
:1077D000C06888421ED1FFE703994868C96888429B
:1077E00018D3FFE7039840680699D1F898128842A9
:1077F00010D2FFE70698002201921146FFF768FBBE
:10780000019B0698C0F89832069819461A4600F06F
:107810008DFA1EE0069890F89C02032811D1FFE72C
:107820000698D0F8B802C06850B1FFE7069900206A
:10783000C1F8D4020698D0F8B812C9688847FFE7A3
:10784000FFE70698802100F087FB0698FFF77AFB98
:10785000FFE7FFE700E0FFE7069890F8A00240B1DD
:10786000FFE7069800F04EFC0699002081F8A00280
:10787000FFE740E006989DF8171041F08001FFF700
:1078800007FB8DF80A009DF80A00FF2832D0FFE7B9
:107890009DF80A0070BBFFE7069890F89C02032849
:1078A00027D1FFE706989DF80A1000EB8100D0F879
:1078B000B8024069E0B1FFE79DF80A000699C1F8F7
:1078C000D40206989DF80A1000EB8101D1F8B81295
:1078D0004A699DF8171090478DF80B009DF80B0032
:1078E00028B1FFE79DF80B008DF81F0007E0FFE7C8
:1078F000FFE7FFE7FFE700208DF81F00FFE79DF897
:107900001F0008B080BD000080B58AB008908DF8D7
:107910001F10069200208DF813009DF81F0000280C
:1079200040F08380FFE7089800F5AA70059008985A
:10793000D0F89402032876D1FFE705998868C968D2
:1079400088421DD9FFE705998868CA68801A88604F
:10795000089802900698039005998868C96888423B
:1079600004D2FFE705988068019003E00598C0689D
:107970000190FFE703990298019AFFF799FA51E005
:10798000089890F8AA0200F01F000146009140B14B
:10799000FFE70098012808D0FFE7009802280CD0E4
:1079A00013E000208DF8120013E0089890F8AE1252
:1079B000FFF776FA8DF812000BE0089890F8AE12F7
:1079C000FFF766FA8DF8120003E000208DF8120030
:1079D000FFE79DF8120008BBFFE7089890F89C02AB
:1079E00003281AD1FFE708989DF8121000EB8100D8
:1079F000D0F8B802006978B1FFE79DF81200089945
:107A0000C1F8D40208989DF8121000EB8101D1F85A
:107A1000B81209698847FFE7FFE7FFE70898FFF713
:107A2000BDFAFFE700E0FFE740E008989DF81F106F
:107A300001F07F01FFF72CFA8DF812009DF812007B
:107A4000FF2832D0FFE79DF8120070BBFFE70898CF
:107A500090F89C0203281ED1FFE708989DF81210A9
:107A600000EB8100D0F8B802806998B1FFE79DF87B
:107A700012000899C1F8D40208989DF8121000EB82
:107A80008101D1F8B8128A699DF81F1090478DF8CE
:107A90001300FFE7FFE79DF8130028B1FFE79DF80B
:107AA00013008DF8270005E0FFE7FFE700208DF8C1
:107AB0002700FFE79DF827000AB080BD81B0009045
:107AC000002001B07047000080B582B00190002016
:107AD0008DF803000199012081F89C020198D0F8EB
:107AE000B80268B1FFE70198D0F8B8124A68017986
:107AF000904720B1FFE703208DF80300FFE7FFE781
:107B00009DF8030002B080BD80B582B001908DF871
:107B100003100198D0F8C8029DF80310FAF76EFB25
:107B200002B080BD80B584B0039003980078A8BBF4
:107B3000FFE7039941F6B800C2F200000290C0F8D6
:107B400008150399C1F8C8024FF0A0410160042153
:107B500041600222C260002101618261C161016253
:107B60004162C1620163FBF703F918B1FFE7F9F75E
:107B7000EFFCFFE741F6B800C2F20000019080215F
:107B80000091FAF7BDF9019800214022FAF7C4F9F3
:107B9000009A01980121FAF7BFF9FFE7002004B02D
:107BA00080BD000084B002908DF807100298D0F8D4
:107BB000C80200909DF80700000600280ED5FFE7D8
:107BC00000989DF8071001F07F0101EBC10100EB67
:107BD000810090F83E008DF80F000DE000989DF8B0
:107BE000071001F07F0101EBC10100EB810090F86B
:107BF0007E028DF80F00FFE79DF80F0004B070477C
:107C000080B584B002908DF807100298D0F8D41295
:107C100000EB8100D0F8B80220B9FFE703208DF80F
:107C20000F0020E0029890F89C02032817D1FFE78C
:107C30000298D0F8D41200EB8100D0F8B802006AA4
:107C400060B1FFE70298D0F8D41200EB8101D1F8BF
:107C5000B8120A6A9DF807109047FFE7FFE7002077
:107C60008DF80F00FFE79DF80F0004B080BD000005
:107C700080B584B002908DF807100298D0F8D41225
:107C800000EB8100D0F8B80220B9FFE703208DF89F
:107C90000F0020E0029890F89C02032817D1FFE71C
:107CA0000298D0F8D41200EB8100D0F8B802406AF4
:107CB00060B1FFE70298D0F8D41200EB8101D1F84F
:107CC000B8124A6A9DF807109047FFE7FFE70020C7
:107CD0008DF80F00FFE79DF80F0004B080BD000095
:107CE00080B584B003908DF80B108DF80A20ADF8A4
:107CF000083000208DF807008DF806000398D0F8B2
:107D0000C8029DF80B10BDF808209DF80A30FAF75C
:107D100087FA8DF807009DF80700FFF78FFC8DF8B4
:107D200006009DF8060004B080BD000080B586B056
:107D300005908DF813100392029300208DF8070030
:107D40008DF806000598D0F8C8029DF81310039A24
:107D5000029BFAF7DBFA8DF807009DF80700FFF7A2
:107D60006DFC8DF806009DF8060006B080BD000091
:107D700080B586B0059000208DF81300059A01218A
:107D800082F89C120599C1F89402059948600599FA
:107D9000C1F8A402059981F8A0020598D0F8B802AC
:107DA000A0B1FFE70598D0F8B802406868B1FFE7D6
:107DB0000598D0F8B8124A680179904720B1FFE7DA
:107DC00003208DF81300FFE7FFE7FFE70598002287
:107DD0000192402303931146FFF782FF019A039B10
:107DE000059901200290A1F864010598C0F860315E
:107DF00005988021FFF774FF02990398059A9184F2
:107E0000059908629DF8130006B080BD81B000900E
:107E1000009890F89C02042807D1FFE7009890F89A
:107E20009D02009981F89C02FFE7002001B0704795
:107E300080B582B00190019890F89C02032813D17C
:107E4000FFE70198D0F8B80268B1FFE70198D0F8D1
:107E5000B802C06930B1FFE70198D0F8B812C9691B
:107E60008847FFE7FFE7FFE7002002B080BD000082
:107E700082B001908DF803109DF8030001990874F9
:107E8000002002B07047000080B582B001908DF8EC
:107E9000031000208DF802008DF801000198D0F841
:107EA000C8029DF80310FBF753F98DF802009DF806
:107EB0000200FFF7C3FB8DF801009DF8010002B03E
:107EC00080BD000080B584B003900291039800F259
:107ED000AA20029900F0AAF803990120C1F894029F
:107EE0000399B1F8B002C1F89802039890F8AA0279
:107EF00000F01F000146009140B1FFE70098012803
:107F00000CD0FFE70098022810D017E0039800F289
:107F1000AA2100F04FFA8DF8070019E0039800F24B
:107F2000AA2100F083FC8DF8070011E0039800F20D
:107F3000AA2100F0A5FA8DF8070009E0039890F84F
:107F4000AA1201F0800100F007F88DF80700FFE7A2
:107F50009DF8070004B080BD80B582B001908DF817
:107F6000031000208DF802008DF801000198D0F870
:107F7000C8029DF80310FAF70DFA8DF802009DF87B
:107F80000200FFF75BFB8DF801009DF8010002B0D5
:107F900080BD000080B582B0019000208DF8030004
:107FA0008DF802000198D0F8C802FBF70DF98DF8A2
:107FB00003009DF80300FFF741FB8DF802009DF8D8
:107FC000020002B080BD000081B00090009890F8DF
:107FD0009C02009981F89D020099042081F89C027E
:107FE000002001B07047000080B586B005908DF884
:107FF00013100392029300208DF807008DF80600FD
:108000000598D0F8C8029DF81310039A029BFAF75E
:1080100031FA8DF807009DF80700FFF70FFB8DF888
:1080200006009DF8060006B080BD000080B584B053
:1080300003900291029801900198007803990870CA
:1080400001980130019001980078039948700198D7
:10805000013001900198FDF7B9FC0399488001981F
:10806000013001900198013001900198FDF7AEFCBC
:1080700003998880019801300190019801300190A6
:108080000198FDF7A3FC0399C88004B080BD0000EF
:1080900080B584B0029001910020ADF802000198F3
:1080A00020B9FFE703208DF80F0026E00198029920
:1080B000C1F8B8020298D0F8D41200EB8100D0F8D1
:1080C000B802C06A78B1FFE70298D0F8D41200EB8A
:1080D0008100D0F8B802C16A0DF102008847029908
:1080E000C1F8D002FFE70299D1F8D8020130C1F8F7
:1080F000D80200208DF80F00FFE79DF80F0004B0B4
:1081000080BD000081B00090002001B070470000E9
:1081100080B584B00390029102988088B8BBFFE7D5
:108120000298C08898BBFFE7029840887F282ED825
:10813000FFE70298807800F07F008DF80700039831
:1081400090F89C02032805D1FFE703980299FEF7F7
:10815000CFFE1BE09DF80700039981F89E0203986B
:108160009DF80710FFF790FE0398FEF717FF9DF8A4
:10817000070028B1FFE70399022081F89C0204E080
:108180000399012081F89C02FFE7FFE704E00398D0
:108190000299FEF7ADFEFFE704B080BD80B582B066
:1081A00001908DF8031000208DF802000198D0F89E
:1081B000B80250B1FFE70198D0F8B8120A689DF8EC
:1081C000031090478DF80200FFE79DF8020002B00F
:1081D00080BD000080B586B00490039100208DF82A
:1081E0000B000398817840F24810C2F20000017041
:1081F0000078022808D3FFE704980399FEF778FE79
:1082000003208DF81700A0E0049890F89C02014626
:108210000191022804D0FFE7019803282FD07FE0C6
:1082200040F24810C2F20000007818B3FFE740F2B5
:108230004811C2F200010878049A50600498097845
:10824000FFF7ACFF8DF80B009DF80B0048B1FFE77E
:1082500004980399FEF74CFE0499022081F89C02D1
:1082600007E00498FEF79AFE0499032081F89C0227
:10827000FFE703E00498FEF791FEFFE760E040F2BD
:108280004810C2F20000007898B9FFE70499022074
:1082900081F89C0240F24811C2F200010878049A69
:1082A000506004980978FEF7B9FD0498FEF776FE51
:1082B00035E040F24810C2F20000007804994968A5
:1082C000884227D0FFE704980179FEF7A7FD40F226
:1082D0004811C2F200010878049A506004980978A5
:1082E000FFF75CFF8DF80B009DF80B0068B1FFE70E
:1082F00004980399FEF7FCFD04980179FEF78EFDC2
:108300000499022081F89C0203E00498FEF746FEDF
:10831000FFE703E00498FEF741FEFFE7FFE70FE009
:1083200004980399FEF7E4FD049840F24811C2F264
:1083300000010978FEF772FD03208DF80B00FFE7BE
:108340009DF80B008DF81700FFE79DF8170006B0A9
:1083500080BD000080B582B00190009100984088F7
:10836000012808D1FFE701990120C1F8A402019872
:10837000FEF714FE13E000984088022809D1FFE7B9
:1083800000984079019981F8A0020198FEF706FE55
:1083900004E001980099FEF7ABFDFFE7FFE702B0AC
:1083A00080BD000080B582B001900198FFF7F2FD1A
:1083B00002B080BD80B586B00590049100208DF894
:1083C0000F000498007800F0600001460291A8B107
:1083D000FFE70298202804D0FFE70298402846D102
:1083E000FFE70598D0F8D41200EB8101D1F8B8125C
:1083F0008A68049990478DF80F003DE00498407812
:108400000146019109282CD80199DFE801F01B25CC
:108410002A202A0A052A160F05980499FEF7BAFEA3
:1084200024E005980499FFF773FE1FE0059804996E
:10843000FFF7D0FE8DF80F0018E005980499FEF7BD
:1084400077FE13E005980499FFF77AF80EE0059897
:108450000499FFF77FFF09E005980499FEF7F8FCFF
:1084600004E005980499FEF743FDFFE704E0059852
:108470000499FEF73DFDFFE79DF80F0006B080BDB3
:1084800080B58CB00B900A9100208DF821000A98DD
:1084900080888DF823000A98007800F0600001467B
:1084A0000791B8B3FFE70798202805D0FFE70798A2
:1084B000402840F0B281FFE70B989DF82310FEF7AB
:1084C000E7FC8DF822009DF82200FF2821D0FFE76D
:1084D0009DF82200E8B9FFE79DF822000B99C1F84A
:1084E000D4020B989DF8221000EB8100D0F8B8025E
:1084F000806868B1FFE70B989DF8221000EB8101BE
:10850000D1F8B8128A680A9990478DF82100FFE7E0
:10851000FFE787E10A98407801460691002800F0BD
:10852000BD80FFE7069801284CD0FFE70698032896
:1085300040F06D81FFE70B9890F89C020146059191
:10854000022804D0FFE70598032819D034E09DF8ED
:10855000230078B1FFE79DF8230080280AD0FFE7C9
:108560000B989DF82310FFF7F7FC0B988021FFF77D
:10857000F3FC04E00B980A99FEF7BAFCFFE720E051
:108580000A984088A0B9FFE79DF8230078B1FFE77B
:108590009DF8230080280AD0FFE70A98C08830B9E8
:1085A000FFE70B989DF82310FFF7D6FCFFE7FFE7E6
:1085B0000B98FEF7F3FC04E00B980A99FEF798FC81
:1085C000FFE729E10B9890F89C02014604910228EC
:1085D00004D0FFE70498032819D059E09DF8230040
:1085E00078B1FFE79DF8230080280AD0FFE70B98B9
:1085F0009DF82310FFF7B0FC0B988021FFF7ACFC2F
:1086000004E00B980A99FEF773FCFFE745E00A982F
:108610004088E0BBFFE79DF82300400630B1FFE74C
:108620000B989DF82310FFF769F8FFE70B98FEF70A
:10863000B5FC0B989DF82310FEF72AFC8DF822005C
:108640009DF82200FF2821D0FFE79DF82200E8B91D
:10865000FFE79DF822000B99C1F8D4020B989DF812
:10866000221000EB8100D0F8B802806868B1FFE703
:108670000B989DF8221000EB8101D1F8B8128A689E
:108680000A9990478DF82100FFE7FFE7FFE704E034
:108690000B980A99FEF72CFCFFE7BDE00B9890F8C9
:1086A0009C0201460391022804D0FFE703980328A7
:1086B00038D0A6E09DF8230050B1FFE79DF82300D5
:1086C000802805D0FFE70B980A99FEF711FC9DE082
:1086D0009DF82300000600280CD5FFE70B989DF8B5
:1086E000231001F07F0101EB810100EB81001430C8
:1086F00002900CE00B989DF8231001F07F0101EB34
:10870000810100EB810000F5AA700290FFE702985A
:1087100009900999002008600B9809990222FEF738
:1087200023FC73E09DF823000006002812D5FFE724
:108730000B989DF8231001F00F0101EB810100EB74
:108740008100808C28B9FFE70B980A99FEF7D0FBCF
:108750005CE012E00B989DF8231001F00F0101EB93
:10876000810100EB8100B0F8640128B9FFE70B98A4
:108770000A99FEF7BDFB49E0FFE79DF823000006DC
:1087800000280CD5FFE70B989DF8231001F07F011E
:1087900001EB810100EB8100143001900CE00B989B
:1087A0009DF8231001F07F0101EB810100EB8100B6
:1087B00000F5AA700190FFE7019809909DF8230049
:1087C00028B1FFE79DF82300802804D1FFE709992D
:1087D000002008600FE00B989DF82310FFF7E2F9E6
:1087E00020B1FFE709990120086003E00999002002
:1087F0000860FFE7FFE70B9809990222FEF7B4FB38
:1088000004E00B980A99FEF773FBFFE704E00B986E
:108810000A99FEF76DFBFFE704E00B980A99FEF753
:1088200067FBFFE79DF821000CB080BD80B584B0E8
:108830000390029100208DF807000298007800F064
:1088400060000146009140B1FFE70098202804D065
:10885000FFE7009840285AD1FFE7039890F89C0260
:10886000013802284DD8FFE702980079012842D844
:10887000FFE7039802990979FEF712FB8DF80600CD
:108880009DF80600FF2825D0FFE79DF8060008BBED
:10889000FFE703989DF8061000EB8100D0F8B802BE
:1088A000806890B1FFE79DF806000399C1F8D402F3
:1088B00003989DF8061000EB8101D1F8B8128A6880
:1088C000029990478DF8070003E003208DF8070018
:1088D000FFE703E003208DF80700FFE70298C08858
:1088E00040B9FFE79DF8070020B9FFE70398FEF7BE
:1088F00055FBFFE704E003980299FEF7F9FAFFE75A
:1089000004E003980299FEF7F3FAFFE704E0039806
:108910000299FEF7EDFAFFE79DF8070004B080BD6D
:1089200081B0009001B0704781B0009040F24C30AF
:10893000C2F2000001B0704784B003900291039826
:10894000019002980078009002984078012830D178
:10895000FFE70298007800F00F01012000FA01F211
:108960000199D1F81C081043C1F81C08019800991E
:1089700000EB4110D0F800090004002818D4FFE7EC
:108980000299C8686FF3DF20097940EA8140009AB4
:1089900040EA8250019901EB4211D1F800291043BD
:1089A00048F20002C1F200021043C1F80009FFE7DB
:1089B0002EE00298007800F00F01012000FA01F289
:1089C0000199D1F81C0840EA0240C1F81C0801983E
:1089D000009900EB4110D0F8000B0004002816D4D9
:1089E000FFE70299C8686FF3DF20097940EA814008
:1089F0000199009A01EB4211D1F8002B104348F283
:108A00000002C1F200021043C1F8000BFFE7FFE7CC
:108A1000002004B07047000082B0019001980090DF
:108A20000099D1F8000940F2FF729043C1F80009A3
:108A30000099D1F8040840F48070C1F804080020BF
:108A400002B070472DE9F04F91B00191DDF88CB084
:108A5000DDF888A0DDF88490DDF880801F9F1E9EE1
:108A60001D9D1C9CDDF86CE0DDF868C00199019942
:108A7000CDF840B0CDF83CA0CDF83890CDF834809A
:108A80000C970B960A950994CDF820E0CDF81CC000
:108A900006930592049103900998012822D1FFE7DB
:108AA0000399886B20F4803088630399C8684FF677
:108AB000BF72CFF6BD721040C8600399C86820F439
:108AC0004010C8601098012806D1FFE70399C868D4
:108AD00040F48010C860FFE7039800F031F88DF88B
:108AE0000B0019E00399C86840F04000C860039883
:108AF00000F026F88DF80B000D9830B9FFE70399C8
:108B0000886B40F48030886305E00399886B20F41B
:108B100080308863FFE7FFE7079801280BD1FFE764
:108B20000399886840F0060088600399886840F0DF
:108B300020008860FFE79DF80B0011B0BDE8F08FC2
:108B400083B0019000200090FFE700980130009072
:108B5000009840F64151C0F20301884204D3FFE778
:108B600003208DF80B0028E0FFE701980069C00F93
:108B70000028EAD0FFE7002000900199086940F042
:108B800001000861FFE7009801300090009840F66E
:108B90004151C0F20301884204D3FFE703208DF85E
:108BA0000B000AE0FFE701980069C0070028EAD13E
:108BB000FFE700208DF80B00FFE79DF80B0003B0E6
:108BC0007047000084B003900291039801900298CE
:108BD0000078009002984078012845D1FFE701987D
:108BE000009900EB4110D0F80009C00FA8B1FFE7D1
:108BF0000198009900EB4111D1F8000940F00060A4
:108C0000C1F800090198009900EB4111D1F8000961
:108C100040F08040C1F80009FFE70298007800F0BA
:108C20000F01012000FA01F3019AD2F83C18994390
:108C3000C2F83C180299097801F00F0100FA01F21C
:108C40000199D1F81C089043C1F81C0801980099BB
:108C500000EB4111D1F8000947F60002CEF633428D
:108C60001040C1F8000946E00198009900EB41105E
:108C7000D0F8000BC00FA8B1FFE70198009900EBF6
:108C80004111D1F8000B40F00060C1F8000B0198D1
:108C9000009900EB4111D1F8000B40F08040C1F881
:108CA000000BFFE70298007800F00F01012000FAA6
:108CB00001F3019AD2F83C1821EA0341C2F83C18AA
:108CC0000299097801F00F0100FA01F20199D1F837
:108CD0001C0820EA0240C1F81C080198009900EB2A
:108CE0004111D1F8000B47F60002CEF6F3721040A6
:108CF000C1F8000BFFE7002004B0704782B001907C
:108D0000019800900099D1F8000E20F00300C1F8FE
:108D1000000E0099D1F8040820F00200C1F8040800
:108D2000002002B07047000082B0019001980090CE
:108D30000099D1F8000E20F00300C1F8000E009950
:108D4000D1F8040840F00200C1F80408002002B085
:108D5000704700002DE9F04F93B00191DDF894B019
:108D6000DDF890A0DDF88C90DDF88880219F209EB2
:108D70001F9D1E9CDDF874E0DDF870C0019901991B
:108D8000CDF848B0CDF844A0CDF84090CDF83C8067
:108D90000E970D960C950B94CDF828E0CDF824C0D5
:108DA000089307920691059000208DF8130005990D
:108DB00003910290FFE702980E280CD8FFE7059870
:108DC000029900EB81010020C1F80401FFE702983D
:108DD00001300290EFE71098B8B9FFE70399D1F896
:108DE000040840F00200C1F804080599886B40F4BB
:108DF000001088630599886B20F40020886305992A
:108E0000886B20F4802088630AE00599886B20F441
:108E1000001088630599886B40F400208863FFE7A1
:108E200003990020C1F8000E0399D1F80008C1F899
:108E300000080B9801280ED1FFE7089828B9FFE732
:108E40000598002100F038FF04E00598012100F0AA
:108E500033FFFFE704E00598032100F02DFFFFE753
:108E60000598102100F05EFD20B1FFE701208DF88C
:108E70001300FFE7059800F015FD20B1FFE7012082
:108E80008DF81300FFE703990020C1F8100803993B
:108E9000C1F814080399C1F81C080290FFE7029872
:108EA000069988423BD2FFE70398029900EB4110F4
:108EB000D0F80009C00FB0B1FFE7029848B9FFE74A
:108EC0000398029900EB41114FF00060C1F80009CE
:108ED00008E00398029900EB41114FF09040C1F86F
:108EE0000009FFE707E00398029900EB4111002019
:108EF000C1F80009FFE70398029900EB4111002037
:108F0000C1F810090398029900EB41114FF67F3028
:108F1000C1F80809FFE7029801300290BFE700207E
:108F20000290FFE70298069988423BD2FFE7039838
:108F3000029900EB4110D0F8000BC00FB0B1FFE771
:108F4000029848B9FFE70398029900EB41114FF0EE
:108F50000060C1F8000B08E00398029900EB411192
:108F60004FF09040C1F8000BFFE707E0039802992B
:108F700000EB41110020C1F8000BFFE703980299B4
:108F800000EB41110020C1F8100B0398029900EB8F
:108F900041114FF67F30C1F8080BFFE7029801300E
:108FA0000290BFE70399D1F8100820F48070C1F84F
:108FB000100805990020886105996FF0804048618C
:108FC000099830B9FFE70599886940F01000886179
:108FD000FFE70599886943F60002C8F23C02104396
:108FE00088610C9830B1FFE70599886940F0080066
:108FF0008861FFE71098012808D1FFE70599886983
:109000000422C4F2000210438861FFE79DF81300B8
:1090100013B0BDE8F08F000081B00090009988681F
:1090200020F001008860002001B0704785B00490F6
:1090300003918DF80B20049801900398007800901C
:1090400003984078012840F09580FFE703988069F5
:10905000F8B9FFE70198009900EB4111D1F8100928
:109060006FF3DC40C1F810090198009900EB411141
:10907000D1F8100940F40020C1F8100901980099B6
:1090800000EB4111D1F810096FF31200C1F810097B
:1090900035E00198009900EB4111D1F810096FF308
:1090A0001200C1F810090198009900EB4111D1F8A4
:1090B00010096FF3DC40C1F810090398C16880699A
:1090C000884204D9FFE70399C8688861FFE70198DF
:1090D000009900EB4111D1F8100940F40020C1F8CB
:1090E0001009039882696FF3DF420198009900EB41
:1090F0004111D1F810091043C1F81009FFE79DF89C
:109100000B00012818D1FFE70398406948B1FFE739
:10911000039840690199009A01EB4211C1F81409C2
:10912000FFE70198009900EB4111D1F8000940F0E8
:109130000440C1F800091CE00198009900EB4111BE
:10914000D1F8000940F00440C1F800090398806993
:1091500070B1FFE70398007800F00F01012000FADA
:1091600001F20199D1F834081043C1F83408FFE73F
:10917000FFE753E00198009900EB4111D1F8100B83
:109180006FF31200C1F8100B0198009900EB411128
:10919000D1F8100B6FF3DC40C1F8100B0398806915
:1091A00020B1FFE70399C8688861FFE70399C868A1
:1091B000C8610198009900EB4111D1F8100B40F4FF
:1091C0000020C1F8100B0398C2696FF3DF420198C9
:1091D000009900EB4111D1F8100B1043C1F8100BAE
:1091E0009DF80B0001280ED1FFE70398006948B1F4
:1091F000FFE7039800690199009A01EB4211C1F859
:10920000140BFFE7FFE70198009900EB4111D1F83B
:10921000000B40F00440C1F8000BFFE7002005B050
:109220007047000086B004908DF80F1002920498E9
:1092300001900498006C0090009843F20B01C4F672
:10924000547188420BD3FFE70198D0F8000BC00F90
:1092500020B1FFE700208DF817002EE0FFE701990D
:109260000020C1F8100B0199D1F8100B40F4002038
:10927000C1F8100B0199D1F8100B40F01800C1F89B
:10928000100B0199D1F8100B40F0C040C1F8100B41
:109290009DF80F0001280CD1FFE702980199C1F851
:1092A000140B0199D1F8000B40F08020C1F8000B9D
:1092B000FFE700208DF81700FFE79DF8170006B0C4
:1092C0007047000084B003900291039801900298C7
:1092D0000078009002984078012820D1FFE701989B
:1092E000009900EB4111D1F8000920F40010C1F8F9
:1092F000000902980079032805D0FFE70298007959
:1093000002280BD1FFE70198009900EB4111D1F839
:10931000000940F08050C1F80009FFE71FE0019804
:10932000009900EB4111D1F8000B20F40010C1F8B6
:10933000000B02980079032805D0FFE70298007916
:1093400002280BD1FFE70198009900EB4111D1F8F9
:10935000000B40F08050C1F8000BFFE7FFE7002052
:1093600004B0704784B00390029103980190029872
:109370000078009002984078012822D1FFE70198F8
:10938000009900EB4110D0F80009C00F70B9FFE759
:10939000009858B1FFE70198009900EB4111D1F80E
:1093A000000920F08040C1F80009FFE7019800990A
:1093B00000EB4111D1F8000940F40010C1F8000998
:1093C00021E00198009900EB4110D0F8000BC00F8C
:1093D00070B9FFE7009858B1FFE70198009900EBDA
:1093E0004111D1F8000B20F08040C1F8000BFFE7DD
:1093F0000198009900EB4111D1F8000B40F40010E6
:10940000C1F8000BFFE7002004B0704780B588B0BA
:10941000079006918DF81720079804900698007819
:10942000039006984078012840F00381FFE70698F2
:109430008069F8B9FFE70498039900EB4111D1F86E
:1094400010096FF3DC40C1F810090498039900EB90
:109450004111D1F8100940F40020C1F81009049816
:10946000039900EB4111D1F810096FF31200C1F814
:10947000100950E00498039900EB4111D1F810094C
:109480006FF31200C1F810090498039900EB411121
:10949000D1F810096FF3DC40C1F810090698C168D3
:1094A000806908440138B0FBF1F10020C1F6F87082
:1094B00000EAC1420498039900EB4111D1F8100968
:1094C0001043C1F81009069882696FF3DF420498CF
:1094D000039900EB4111D1F810091043C1F81009AC
:1094E00006980079012815D1FFE70498039900EB4D
:1094F0004111D1F8100920F0C040C1F810090498BA
:10950000039900EB4111D1F8100940F00050C1F867
:109510001009FFE7FFE79DF8170001283BD1FFE79F
:109520000698406948B1FFE7069840690499039A94
:1095300001EB4211C1F81409FFE7069800790128F0
:109540001ED1FFE70498D0F80808C00500280BD406
:10955000FFE70498039900EB4111D1F8000940F0AE
:109560000050C1F800090AE00498039900EB41118A
:10957000D1F8000940F08050C1F80009FFE7FFE78B
:109580000498039900EB4111D1F8000940F0044020
:10959000C1F800094CE00498039900EB4111D1F89F
:1095A000000940F00440C1F800090698007901283C
:1095B00013D0FFE70698806970B1FFE7069800783E
:1095C00000F00F01012000FA01F20499D1F83408EB
:1095D0001043C1F83408FFE729E00498D0F80808E0
:1095E000C00500280BD4FFE70498039900EB411154
:1095F000D1F8000940F00050C1F800090AE00498D1
:10960000039900EB4111D1F8000940F08050C1F8F6
:109610000009FFE70798069B19691A781B8B9DF8CC
:1096200017C0EE46CEF800C000F036FCFFE7FFE7BB
:109630009DE00498039900EB4111D1F8100B6FF3F2
:109640001200C1F8100B0498039900EB4111D1F8F6
:10965000100B6FF3DC40C1F8100B06988069C0B99D
:10966000FFE70698C2686FF3DF420498039900EBA6
:109670004111D1F8100B1043C1F8100B0498039955
:1096800000EB4111D1F8100B40F40020C1F8100B91
:109690002CE00698C168806908440138B0FBF1F0FD
:1096A000ADF80A000699C868BDF80A205043C861A1
:1096B000BDF80A100020C1F6F87000EAC142049813
:1096C000039900EB4111D1F8100B1043C1F8100BB6
:1096D0000698C2696FF3DF420498039900EB4111C9
:1096E000D1F8100B1043C1F8100BFFE79DF81700DD
:1096F00001280ED1FFE70698006948B1FFE70698F8
:1097000000690499039A01EB4211C1F8140BFFE7B9
:10971000FFE70698007901281ED1FFE70498D0F8EA
:109720000808C00500280BD4FFE70498039900EB54
:109730004111D1F8000B40F00050C1F8000B0AE0D5
:109740000498039900EB4111D1F8000B40F08050D0
:10975000C1F8000BFFE7FFE70498039900EB411104
:10976000D1F8000B40F00440C1F8000BFFE70020E7
:1097700008B080BD85B004900391002002908DF860
:109780000700049800900398407801283ED1FFE735
:1097900000980399097800EB4110D0F80009C00F38
:1097A00098B3FFE700980399097800EB4111D1F8CD
:1097B000000940F00060C1F8000900980399097899
:1097C00000EB4111D1F8000940F08040C1F80009D8
:1097D000FFE7029801300290029842F2117188422C
:1097E00004D3FFE701208DF807000DE0FFE70098A4
:1097F0000399097800EB4110D0F8000900F000400F
:10980000B0F1004FE5D0FFE7FFE73DE00098039996
:10981000097800EB4110D0F8000BC00F98B3FFE7B8
:1098200000980399097800EB4111D1F8000B40F042
:109830000060C1F8000B00980399097800EB411112
:10984000D1F8000B40F08040C1F8000BFFE7029810
:1098500001300290029842F21171884204D3FFE76E
:1098600001208DF807000DE0FFE7009803990978C3
:1098700000EB4110D0F8000B00F00040B0F1004FB9
:10988000E5D0FFE7FFE7FFE79DF8070005B0704769
:1098900081B000900099886840F001008860002045
:1098A00001B0704783B0019000200090FFE700985E
:1098B00001300090009840F64151C0F20301884207
:1098C00004D3FFE703208DF80B0027E0FFE70198A2
:1098D0000069C00F0028EAD0FFE70020009001993E
:1098E00010200861FFE7009801300090009840F6D2
:1098F0004151C0F20301884204D3FFE703208DF8F1
:109900000B000BE0FFE70198006900F01000102841
:10991000E9D0FFE700208DF80B00FFE79DF80B0072
:1099200003B0704784B00290019100200090FFE7DF
:10993000009801300090009840F64151C0F20301B8
:10994000884204D3FFE703208DF80F0029E0FFE7EA
:1099500002980069C00F0028EAD0FFE700200090BD
:1099600001988001203002990861FFE700980130DA
:109970000090009840F64151C0F20301884204D3A0
:10998000FFE703208DF80F000BE0FFE70298006966
:1099900000F020002028E9D0FFE700208DF80F001C
:1099A000FFE79DF80F0004B07047000084B00390FB
:1099B000039802900298D0F8080800F00600009082
:1099C000009820B9FFE700208DF8070010E000980C
:1099D000022804D0FFE70098062804D1FFE7022000
:1099E0008DF8070003E00F208DF80700FFE7FFE781
:1099F0009DF8070004B0704781B00090009840695E
:109A000000F0010001B0704783B00290029801900D
:109A10000198D0F8180800900198D0F81C18009808
:109A200008400090BDF8000003B0704783B002907A
:109A3000029801900198D0F8180800900198D0F889
:109A40001C18009808400090BDF8020003B0704751
:109A500086B005908DF81310059803900398D0F800
:109A6000100801900398D0F83408009000989DF8F1
:109A7000131001F00F01C84000F00101019840EA05
:109A8000C110019003989DF8131000EB4110D0F81D
:109A90000809019908400290029806B0704700003A
:109AA00084B003908DF80B100398019001989DF8F5
:109AB0000B1000EB4110D0F8080B00900198D0F883
:109AC0001418009808400090009804B070470000F7
:109AD00082B00190019840690090019881690098D6
:109AE00008400090009802B07047000089B00890CC
:109AF0000791ADF81A200898059007980490BDF8D2
:109B00001A0080080190BDF81A0000F00300ADF8BB
:109B1000020000200290FFE702980199884217D2C4
:109B2000FFE705984FF48051405804990860049865
:109B3000013004900498013004900498013004909E
:109B4000049801300490FFE7029801300290E3E7A7
:109B5000BDF8020008B3FFE70020029005984FF41B
:109B6000805140580390FFE703989DF80810C90002
:109B7000C84004990870029801300290049801309E
:109B80000490BDF802000138ADF80200FFE7BDF80F
:109B900002000028E8D1FFE7FFE7049809B070470A
:109BA00080B586B004908DF80F10002002900499C3
:109BB000C86820F0C040C8609DF80F00012823D17C
:109BC000FFE70499C86840F00050C860FFE7012033
:109BD000F7F7C0FE029801300290FFE70498FFF704
:109BE0000BFF014600200129019007D0FFE70299F1
:109BF0000020322938BF01200190FFE70198C007FB
:109C00000028E4D1FFE72AE09DF80F0010BBFFE732
:109C10000499C86840F08040C860FFE70120F7F76A
:109C200099FE029801300290FFE70498FFF7E4FEE6
:109C300001460020009039B1FFE702990020322947
:109C400038BF01200090FFE70098C0070028E5D149
:109C5000FFE703E001208DF817000CE0FFE7029812
:109C6000322804D1FFE701208DF8170003E000201F
:109C70008DF81700FFE79DF8170006B080BD0000C3
:109C800083B002908DF80710029800900099D1F8E7
:109C9000000820F4FE60C1F800089DF8070000F0FD
:109CA0007F020099D1F8000840EA0210C1F80008CC
:109CB000002003B07047000083B002908DF80710B9
:109CC000029800909DF807200099D1F800081043F1
:109CD000C1F80008002003B07047000084B0039072
:109CE00002918DF807209DF80700022840F0B88007
:109CF000FFE702984AF6C041C0F2D80188420BD370
:109D0000FFE702984EF2BF11C0F2E401884203D887
:109D1000FFE70F200090A2E002984EF2C011C0F2BF
:109D2000E40188420BD3FFE7029842F2FF31C0F210
:109D3000F401884203D8FFE70E2000908EE00298DD
:109D400042F20041C0F2F40188420BD3FFE70298CF
:109D500047F27F31C0F20611884203D8FFE70D2099
:109D600000907AE0029847F28031C0F206118842F2
:109D70000BD3FFE7029844F69F11C0F21A118842F4
:109D800003D8FFE70C20009066E0029844F6A0118B
:109D9000C0F21A1188420BD3FFE7029842F6FF4146
:109DA000C0F23111884203D8FFE70B20009052E047
:109DB000029842F60051C0F2311188420BD3FFE7FE
:109DC00002984AF23F41C0F24C11884203D8FFE7A3
:109DD0000A2000903EE002984AF24041C0F24C1145
:109DE00088420BD3FFE7029843F2FF51C0F26E1195
:109DF000884203D8FFE7092000902AE0029843F246
:109E00000061C0F26E1188420BD3FFE702984AF658
:109E10001F31C0F2A611884203D8FFE70820009046
:109E200016E002984AF62031C0F2A61188420BD300
:109E3000FFE7029844F2FF71C0F2E811884203D8AC
:109E4000FFE70720009002E006200090FFE7FFE711
:109E5000FFE7FFE7FFE7FFE7FFE7FFE7FFE70AE0CE
:109E60009DF8070018B9FFE70920009002E00920DB
:109E70000090FFE7FFE70399C86820F47050C860BE
:109E8000009800F00F020399C86840EA8220C86079
:109E9000002004B07047000080B588B084460A985E
:109EA000CDF81CC006918DF81720ADF814308DF850
:109EB000130007980390069802909DF8130048BB82
:109EC000FFE7BDF8140003308008019000200090E7
:109ED000FFE70098019988421BD2FFE702980068CB
:109EE00003999DF8172001EB02314FF480528850FE
:109EF00002980130029002980130029002980130DD
:109F00000290029801300290FFE700980130009023
:109F1000DFE7FFE7002008B080BD0000FFE7FEE7B5
:109F200081B08DF803009DF9030000280ED4FFE7EF
:109F30009DF9031001F01F02012090404A094EF2E2
:109F40000011CEF2000141F82200FFE701B0704796
:109F50004EF60C50CEF200000068C0F302207047AD
:109F600082B08DF8070000919DF9070000280AD4FF
:109F7000FFE7009800019DF907104EF20042CEF273
:109F8000000288540BE0009800019DF8071001F0D2
:109F90000F014EF61452CEF200028854FFE702B0D1
:109FA0007047000083B00290029800F00700009014
:109FB0004EF60C51CEF200010868019001984FF660
:109FC000FF02104001900198009A40EA022000220E
:109FD000C0F2FA52104301900198086003B0704734
:109FE00080B582B0019000919DF80400FBF7C2FC9F
:109FF000019802B080BD000080B582B000200090C2
:10A000000190F7F7D1FEFBF79FFDFAF7BFFEFBF7D4
:10A010008FF8FBF76DF8FBF72BF8FAF793FEFAF7DA
:10A02000D7FFFAF7FDFF41F67460C2F20000FAF7BD
:10A0300075F8009B40F20000C2F200004FF480620D
:10A0400019464FF0FF30FCF7E5F94FF47A70F7F757
:10A0500081FC4AF6E610C0F6000000F017F8009800
:10A0600041F67A71C2F200010870FFE7FBF710FABF
:10A07000FCF76AF9FBF7C6FCF8E7000041F67460EC
:10A08000C2F200000068406A704700000FB4054B40
:10A0900010B503A9044A029800F0E2F810BC5DF87C
:10A0A00014FB0000E19F00080000002002E008C847
:10A0B000121F08C1002AFAD170477047002001E042
:10A0C00001C1121F002AFBD1704700002DE9FF5F7C
:10A0D00082B00021DDE90430020DDDF840B0034319
:10A0E00018D044F61050A2F2FF32424315141198D2
:10A0F00001281FD0A5EB0B00401C5FEA000A4FF0BF
:10A1000000064E4FDFF83891B046504615D5CAF1DB
:10A11000000413E0119801244AA3012801D16FEA39
:10A120000B010298119AC0E90031C0E9024206B061
:10A13000BDE8F09FCBF10000DFE704460021404A74
:10A14000491842EB0450CDE9001012E0E00707D0B7
:10A1500032463B4640464946F6F719FD8046894659
:10A1600032463B4610461946F6F711FD06460F46A5
:10A170006410002CEAD1DDE90401DDE90023BAF125
:10A18000000F06DAF6F703FD42464B46F6F7FFFCF2
:10A1900005E0F6F76EFD42464B46F6F76AFD0446CB
:10A1A0000E460022284BF6F7EBFD03D84FF0FF30A8
:10A1B000014607E00022254B20463146F6F740FCD9
:10A1C000F6F7C6FD102409E0002C0ADB0A22002362
:10A1D000F5F7F6FF039B30321A55641E50EA010270
:10A1E000F2D1641C039AC4F111031444119A012A98
:10A1F00003D0012208430DD10AE0084304D0002017
:10A200004FF0110B119072E7A3EB0B056D1E0DE0E3
:10A210005B4504DD4FF0000205F1010504E003DABF
:10A220004FF00002A5F10105002AECD00298119927
:10A23000C0E90231C0E9004579E7000000001440A0
:10A240000000F03F300000000000F0430000E03F5D
:10A2500030380A2801D201207047002070470000E2
:10A260002DE9FF4F95B09B468946064600250FE233
:10A27000252877D100242746F84A0121059400E0DB
:10A28000044316F8013F203B01FA03F01042F7D1D6
:10A2900030782A2811D06FF02F033078A0F13002E7
:10A2A000092A16D8059A44F0020402EB820203EB55
:10A2B00042021044761C0590EFE759F8042B0592F2
:10A2C000002A03DA504244F40054059044F002049A
:10A2D000761C30782E2816D116F8010F44F00404AD
:10A2E0002A280DD06FF02F023078A0F13003092B0F
:10A2F00009D807EB870302EB4303C718761CF3E783
:10A3000059F8047B761C30786C280FD006DC4C287A
:10A3100017D068280DD06A2814D104E0742810D012
:10A320007A280FD10DE044F400140AE044F48014BC
:10A3300001E044F440147278824202D104F58014A2
:10A34000761C761C307866280BD013DC582877D022
:10A3500009DC002875D04528F6D04628F4D04728D7
:10A360001AD19DE118E0632835D0642879D065289A
:10A3700012D195E1702873D008DC6728F1D06928E4
:10A380006FD06E280DD06F2806D1B5E073282CD081
:10A39000752875D0782874D05A46179990476D1C47
:10A3A00075E1C4F30250022809D003280DD0D9F872
:10A3B000001004280DD00D6009F1040967E1D9F8F7
:10A3C0000010EA17C1E90052F6E7D9F800100D8035
:10A3D000F2E70D70F0E719F8041B8DF8001000206B
:10A3E0008DF80100EA46012003E059F804AB4FF074
:10A3F000FF3061074FF0000102D40DE008F10101C8
:10A400008846B9420FDA8045F8DB1AF808100029AF
:10A41000F4D108E008F1010188468142FADB1AF81C
:10A4200008100029F6D105985B46A0EB08072146E5
:10A430003846179A00F094FA284400EB080507E024
:10A440004DE029E10DE01AF8010B5A4617999047A3
:10A45000B8F10108F7D25B4621463846179A13E156
:10A4600042E00A220092C4F302524FF0000A022A8C
:10A4700008D059F804CB032A4FEAEC710AD00DE05A
:10A4800029E02AE009F1070121F00702F2E802C100
:10A49000914609E00FFA8CFC4FEAEC71042A03D1D3
:10A4A0004FFA8CFC4FEAEC71002907DA0A460021CA
:10A4B000DCF1000C61EB02012D2202E0220504D543
:10A4C0002B228DF80420012203E0E20701D0202294
:10A4D000F7E7904659E00A2102E010220DE0102132
:10A4E0004FF0000A00910BE010224FF0000A44F0F8
:10A4F00004040827009203E008224FF0000A0092AB
:10A50000C4F30252022A05D059F804CB0021032AD1
:10A5100008D009E009F1070121F00702F2E802C1C1
:10A52000914605E01FFA8CFC042A01D10CF0FF0CC7
:10A530004FF00008220728D5702806D0009B83F032
:10A54000100353EA0A0305D00EE040228DF80420E0
:10A55000012208E05CEA010206D030228DF80420D6
:10A560008DF8050002229046009B83F0080353EA11
:10A570000A030AD15CEA010201D1620705D5302243
:10A580008DF804204FF001087F1E582804D034A015
:10A5900003900EA802900DE036A0F9E753466046FE
:10A5A000009AF5F70DFE84460398825C0298401EDF
:10A5B000029002705CEA0100F0D1029806A9081A24
:10A5C00000F1200A600702D524F4803400E001275E
:10A5D000574502DDA7EB0A0000E0002000EB0A016E
:10A5E000009005984144401A0590E00306D45B466C
:10A5F0002146179A059800F0B3F90544002706E0B4
:10A6000001A85A46C05D179990476D1C7F1C4745AD
:10A61000F6DBE0030CD55B462146179A059800F05F
:10A620009FF9054404E030205A46179990476D1C65
:10A630000099481E00900029F5DC08E00298029974
:10A640005A460078491C0291179990476D1CBAF13F
:10A650000001AAF1010AF1DC65E10000092801000E
:10A660003031323334353637383961626364656688
:10A67000000000003031323334353637383941424A
:10A68000434445460000000000F058F90544761C9C
:10A69000307800287FF4ECAD19B02846BDE8F08F83
:10A6A000620700D4062709F1070222F0070CFCE834
:10A6B0000223E14603F000485FEA080C02D00FF2E3
:10A6C000702C0DE05FEA045C02D50FF2682C07E005
:10A6D0005FEAC47C02D00FF2602C01E0AFF2700C94
:10A6E0004FF0FF3823F00043CDF850C065280CD060
:10A6F00006DC452809D046281DD047283DD13DE03D
:10A70000662818D067287ED138E00021112F01DBA0
:10A71000112000E0781CCDE9000106A90EA8FFF782
:10A72000D5FCDDE90F010E9A03910021009207F19B
:10A73000010A04914DE04FF000400097CDE901106F
:10A7400006A90EA8FFF7C2FCDDE90F0203920E9BDB
:10A7500011990022DDF80CA00093049211B9791C24
:10A7600000EB010AB7EB0A0004D4C0F1FF3007F197
:10A77000010A0490AAEB0700019044E0012F00DADF
:10A7800001270021112F01DD112000E03846CDE91D
:10A79000000106A90EA8FFF799FCDDE90F010E9A4A
:10A7A0000391002104910092BA4621070CD4039929
:10A7B000514500DA8A46BAF1010F05DD009AAAF187
:10A7C0000101515C302908D0B84202DA10F1040FBF
:10A7D00006DA0121CDE9011015E0AAF10101E9E74E
:10A7E000002805DC049901440491AAEB000102E071
:10A7F000411C514500DD8A460499401A401C0190D5
:10A800004FF000400290200704D40198504501DB2E
:10A81000CDF8048000208DF84F0002980DF14F070D
:10A82000B0F1004F25D02B200E9002984FF0020877
:10A8300000280CDA404202902D200E9007E00A21F9
:10A840000298F5F723FD3031029007F8011DB8F1A9
:10A850000001A8F10108F2DC02980028EFD1791E6E
:10A860000E980870307800F0200040F0450007F89E
:10A87000020D12A8C01B00F107081498007800B15F
:10A88000012000EB0A01019801EBE07105984144B9
:10A89000401A401E0590E00306D45B462146179AF5
:10A8A000059800F05DF805441498007818B15A46F0
:10A8B000179990476D1CE00324D55B462146179AF3
:10A8C000059800F04DF805441CE00498002807DBCB
:10A8D000DDE90301884203DD0098405C179901E03F
:10A8E000179930205A469047049805F10105401CFD
:10A8F00004900198401E019004D12E205A461799C9
:10A9000090476D1CBAF10001AAF1010ADDDC05E0F7
:10A9100017F8010B5A46179990476D1CB8F10001C2
:10A92000A8F10108F4DC5B462146179A0598ABE6CE
:10A930002D0000002B000000200000002DE9F04158
:10A94000044600251E461746880404D405E039460F
:10A950002020B0476D1C641EF9D52846BDE8F08163
:10A960002DE9F041044600251E469046C80301D556
:10A97000302700E02027880404D505E0414638460A
:10A98000B0476D1C641EF9D52846BDE8F081DDDDB9
:10A99000DDDDDCBBBBDDDDDDDDDDDDDDDDDD9888C6
:10A9A00088888888888877777777778888888555B2
:10A9B0005556666666666666666666688888833328
:10A9C000333222222222222222222228888D0000B3
:10A9D000000000000000010203040607080900004F
:10A9E000000001020304696E697420737563737358
:10A9F000657366756C6C20210A0043444320496EE0
:10AA0000746572666163650043444320436F6E66FC
:10AA100069670053544D6963726F656C6563747246
:10AA20006F6E6963730053544D33322056697274EC
:10AA300075616C20436F6D506F7274004F4B0D0A3F
:10AA40000042616420436F6D6D616E640D0A0051B8
:10AA5000756575652046756C6C0D0A0025632025AB
:10AA6000752025752025640088AA000800000020B4
:10AA700000010000ACA0000888AB00080001002025
:10AA800080280000BCA000080000000082810100B6
:10AA9000117000087D70000899700008C1700008EE
:10AAA00011710008C16F00082D7000080024F40027
:10AAB00069680008A5650008BD6B0008000000007B
:10AAC0009166000841640008356500080000000038
:10AAD00000000000000000008D67000821670008EA
:10AAE000FD6700080967000809024300020100C071
:10AAF00032090400000102020100052400100105D2
:10AB00002401000104240202052406000107058235
:10AB10000308001009040100020A000000070501F3
:10AB20000240000007058102400000000A06000202
:10AB3000000000400100000012010002020200407B
:10AB40008304405700020102030100006113000862
:10AB50005D1300080113000895130008E1130008B5
:10AB6000040309041A0300000000000000000000B4
:10AB700000000000000000000000000000000100D4
:08AB80001000000000000000BD
:040000050800018965
:00000001FF
