:020000040800F2
:10000000682900209D010008F14D0008C54800083E
:10001000ED4D0008FD1200081D97000800000000CB
:10002000000000000000000000000000C1520008B5
:100030005115000800000000F95100085153000854
:10004000B7010008B7010008B7010008B7010008B0
:10005000B7010008B7010008B7010008B7010008A0
:10006000B7010008B7010008B7010008B701000890
:10007000B7010008B7010008B7010008B701000880
:10008000B7010008B7010008B7010008B701000870
:10009000B7010008B7010008B7010008B701000860
:1000A000B7010008B7010008B7010008B701000850
:1000B000B7010008B7010008B7010008B701000840
:1000C000B7010008B7010008B7010008B701000830
:1000D000B7010008315C0008B7010008B70100084B
:1000E000B7010008B7010008B7010008B701000810
:1000F000B7010008B7010008B7010008B701000800
:10010000B7010008B7010008B7010008B7010008EF
:10011000B7010008B7010008B7010008B7010008DF
:10012000B7010008B7010008B7010008B7010008CF
:10013000B7010008B7010008B7010008B7010008BF
:10014000B7010008B7010008B7010008614E0008B8
:10015000B7010008B7010008B7010008B70100089F
:10016000B7010008B7010008B7010008B70100088F
:10017000B7010008B7010008B7010008000000003F
:10018000B7010008B7010008DFF80CD000F010FE3E
:1001900000480047F9970008682900200648804772
:1001A00006480047FEE7FEE7FEE7FEE7FEE7FEE75C
:1001B000FEE7FEE7FEE7FEE71554000889010008A8
:1001C0002DE9F05F0546002092469B46884606468C
:1001D000814640241BE0284641464746224600F01F
:1001E0007AF853465A46C01A914110D31146184620
:1001F000224600F061F82D1A67EB01084F462246AF
:100200000120002100F058F817EB00094E41201E94
:10021000A4F10104DFDC484631462A464346BDE8E6
:10022000F09FD2B201E000F8012B491EFBD27047CB
:100230000022F6E710B513460A4604461946FFF7B2
:10024000F0FF204610BD421C10F8011B0029FBD115
:10025000801A70470FB400B58DB010A909900B90AB
:1002600000914FF0FF300A9000200C900548069056
:10027000054807906A4609A80F9900F0B3FB0DB036
:100280005DF814FB010A00081F0A000830B50B4690
:10029000014600202022012409E021FA02F59D42B6
:1002A00005D303FA02F5491B04FA02F52844151E8A
:1002B000A2F10102F1DC30BD202A04DB203A00FA71
:1002C00002F1002070479140C2F1200320FA03F3AD
:1002D000194390407047202A04DB203A21FA02F0AB
:1002E0000021704721FA02F3D040C2F12002914070
:1002F0000843194670472DE9FF4F1C4681B0002185
:10030000D4E9016791464FF0FF358A468846A169D6
:100310006D1C02988847216A834688470028F6D1D9
:10032000BBF1FF3F0CD026F4C066002F1ADD70062B
:1003300015D5BBF12B0F0AD0BBF12D0F0FD104E067
:100340004FF0FF3005B0BDE8F08F46F48066A1693C
:100350006D1C029888477F1E8346002F02DDBBF18B
:10036000300F03D0B9F1000F2AD025E0A1696D1C30
:1003700046F400767F1E029888478346002F05DDED
:10038000BBF1780F06D0BBF1580F03D0B9F1000FC5
:1003900010D011E0B9F1000F02D0B9F1100F0BD15C
:1003A000A1696D1C26F400767F1E0298884783465B
:1003B000102000E0082081464FEAE970009017E025
:1003C0000A20F8E74346AAFB092803FB0980DDF869
:1003D00000C07F1E0AFB0C0112EB0B0A41EBEB780D
:1003E000A16946F4007605F1010502988847834625
:1003F000002F06DD4946584600F009FD5FEA000B74
:10040000E0D5E16902988847B00502D46FF0010099
:1004100098E7F00718D1700610D57005514605D53C
:100420000023D1EB030163EB080200E042462068A1
:10043000031D23600068C0E9001205E02068011D6B
:1004400021600068C0E900A828467BE72DE9FF5F2E
:100450001D464FF0FF3BD5E9014691465F464FF000
:100460000008A9697F1C01988847296A8246884745
:100470000028F6D1BAF1FF3F0CD024F4C064002E5E
:1004800019DD600614D5BAF12B0F09D0BAF12D0F82
:100490000ED103E0584604B0BDE8F09F44F48064F8
:1004A000A9697F1C01988847761E8246002E02DDCE
:1004B000BAF1300F03D0B9F1000F26D032E0A969AC
:1004C000761E44F400747F1C019888478246002EF3
:1004D00005DDBAF1780F06D0BAF1580F03D0B9F1A3
:1004E000000F10D01EE0B9F1000F02D0B9F1100FCB
:1004F00018D1A969761E24F400747F1C01988847DE
:100500008246102002E0082000E00A20814609E02F
:1005100008FB0908A969761E44F400747F1C019841
:1005200088478246002E05DD4946504600F06FFCA4
:100530000028EDDAE96901988847A00502D46FF038
:100540000100A8E7E00725D1600613D5600502D5B4
:10055000C8F1000000E0404629680A1D2A600968C9
:10056000220501D5087015E0220701D5088011E0A9
:1005700008600FE02868011D29600068210502D588
:1005800080F8008006E0210702D5A0F8008001E095
:10059000C0F8008038467EE72DE9FF5FD2E901A769
:1005A0004FF00008916999461446DDF838B0464688
:1005B00001988847054659EA0B0005D009E0A16972
:1005C000761C019888470546216A284688470028F6
:1005D000F5D1681C03D05FEACA7005D015E04FF072
:1005E000FF3004B0BDE8F09F2068011D2160D0F805
:1005F00000800AE05FEACA7001D108F8015BA169D6
:10060000761C7F1E019888470546002F1ADD681C5E
:1006100018D0B9F1000F0DD0E81705EBD0604211EA
:1006200020F01F0059F822102A1A012090400142A0
:10063000E0D107E0BBF1000FDCD1216A28468847F2
:100640000028D7D0E16901988847BBF1000F07D196
:10065000002E05DD5FEACA7002D1002188F8001083
:10066000A068B84203DDBBF1000F03D017B16FF0F3
:100670000100B6E73046B4E72DE9FF4F087883B0B4
:100680009946FF2805D0491C2D2804D000240020BD
:1006900008E000200BE00124F9E700EB800003EB09
:1006A0004000491C0B78FF2BF7D104B140420023D6
:1006B0000293147819461D462D2C01D02B2C04D101
:1006C000521C2D2C13D000240294AA461478FF2C1F
:1006D0000FD00A25A3FB057801FB05814FF0000C24
:1006E00003FB0C11521CE3194AEB0101EEE7012454
:1006F000EAE7814453EA010002D019F5C87F06DA1F
:1007000003980021C0E9001107B0BDE8F08F002573
:10071000AE4E2F46DFF8B882184600F07AFDCDE9DC
:100720000001B9F1000002DAC9F1000400E004465A
:100730000023A74A1AEB030B42EB045A12E0E0072E
:1007400007D02A4633463846414600F020FA07468D
:1007500088462A4633461046194600F018FA0546E0
:100760000E466410002CEAD1DDE90001B9F1000F5A
:100770005A46534606DA00F07CFA3A46434600F001
:1007800078FA05E000F003FA3A46434600F0FFF934
:10079000029A0AB181F00041039AC2E90001B3E76D
:1007A0002DE9FF4F1F468DB0D7E901464FF0FF38C6
:1007B0002E2045464FF000090B90B9696D1C0E982C
:1007C0008847396A824688470028F6D1BAF1FF3F48
:1007D0000AD024F4D064002E11DDBAF12B0F08D01A
:1007E000BAF12D0F0BD102E0404611B08DE744F471
:1007F0008064B9696D1C0E9888478246761E6946EA
:10080000600501D52D2000E02B208DF8000001F1BE
:10081000010B0DF1200809E0B9696D1C0E9888479D
:1008200082460F9844F40074761E0560002E02DDA7
:10083000BAF1300FF0D00B998A453ED144F08004D4
:1008400006E00F99681CA9F1010944F400740860DE
:10085000B9696D1C761E0E98884782463028F0D004
:100860002BE00B998A4505D1200603D444F080047F
:10087000761E18E0504609F0D3F808B30DF11302C4
:10088000761EAAF1300044F40074934506D20BF8AA
:10089000010B200607D5A9F1010003E0200602D4D0
:1008A00009F101008146A00502D50F99681C086076
:1008B000B9696D1C0E9888478246002ED1DC53E042
:1008C000002E51DDBAF1650F02D0BAF1450F4BD1C0
:1008D000A00549D5B9696D1C24F44074761E0E98A4
:1008E00088478246002E0CDD2B2804D0BAF12D0F4C
:1008F00007D144F48074B9696D1C0E98884782460C
:10090000761EE00501D52D2100E02B2108F8011B02
:10091000CDF82C8021E00DF12901761E44F40074FD
:1009200088450CD2AAF1300010F0FF0088F80000D2
:1009300002D10B99884509D908F1010806E0E005C4
:1009400001D5244801E042F20F708146B9696D1C5F
:100950000E98884782460F980560002E04DD5046A9
:1009600009F05EF80028D6D1F9690E988847FF2073
:100970008BF8000088F800000020069007904B4696
:100980006A4608A906A8FFF777FEA00502D46FF013
:1009900001002AE714F0240F0AD0E00714D1DDE9A2
:1009A00006123868031D3B600068C0E900120BE0C6
:1009B000DDE9060100F039FC0146E00704D13868A2
:1009C000021D3A600068016028460EE700001440EE
:1009D0000000F03FF1D8FFFF026811441378016076
:1009E00018467047D16004495161044911620021E1
:1009F0001161114600F01ABAD9090008050E000865
:100A0000426842B1016811F8013B23B1521EC0E9AE
:100A10000012184670470121C160881E7047426865
:100A20005AB1C368016843B983688B4205D0491E37
:100A3000521CC0E90012002070474FF0FF30704791
:100A40002DE9FE4F804681EA0300C00F0C4600905E
:100A500021F0004123F00045B8EB0200A94105D286
:100A60004046214690461C460B46024623F0004075
:100A7000104347D0270DC7F30A00C3F30A51029071
:100A8000401A019040286BDAC3F3130040F4801B36
:100A90000098924620B10023D2EB030A63EB0B0BC4
:100AA00001985946C0F140025046FFF705FC064642
:100AB0000D4650465946019A00F092F910EB080095
:100AC0006141002487EA115284EAE7731A4340D057
:100AD000009A62B3019A012A4FEA075215DC001B03
:100AE00061EB02014FF0004202EA0752CDE90042F9
:100AF000001C41F5801132462B4600F03CFB03B050
:100B0000BDE8F08F40462146F9E7001B61EB02018A
:100B1000001C41F5801300185B412018A2F5001756
:100B200047EB030140EAD570B6196D4111E06D083D
:100B30004FEA360645EAC0754FEA0752001B61EBE3
:100B40000201001C41F5801149084FEA30000019EC
:100B5000514132462B4603B0BDE8F04F00F0FCBADD
:100B60000098012240000023D0EB020263EBE07307
:100B7000009821464FEAE074B8EB000061EB0401F5
:100B8000E9E783F000435BE781F0004158E72DE996
:100B9000FE4F81EA030404F0004421F00041009478
:100BA0004FF0000B23F0004350EA01045ED052EAFC
:100BB00003045BD0C3F30A54C1F30A552C44A4F2D6
:100BC000F3340194A0FB0254C1F3130141F48011EA
:100BD000C3F3130343F4801301FB024400FB034EF1
:100BE000840A970A44EA815447EA8357A4FB0768BA
:100BF00002958D0A05FB07854FEA932C04FB0C54E4
:100C00002705029D4FEA065847EA1637B5EB080557
:100C10006EEB070C870E920E47EA811742EA8312A9
:100C2000A7FB0201B6EB0B0164EB00042B0D43EABA
:100C30000C335E1844EB1C50DA465146E7FB0201C8
:100C4000C5F313044FEA0B3343EA14534FEA04325B
:100C5000019C43EA0603A4F10C040294009CCDE934
:100C600000B400F088FA03B0BDE8F08F0020014620
:100C7000F9E72DE9F04D81EA030404F0004B21F07F
:100C8000004514464FF0000A23F0004150EA0502E7
:100C900020D054EA01021DD0C5F30A570246C5F31D
:100CA0001303C1F31300C1F30A5640F4801543F453
:100CB0008013A7EB0608101BD64608F2FD3873EB2D
:100CC000050002D308F1010801E092185B41B8F178
:100CD000000F03DA00200146BDE8F08D00204FF43C
:100CE0008011064684460EE0171B73EB050705D3FB
:100CF000121B63EB050306434CEA010C49084FEA5B
:100D0000300092185B4150EA0107EDD152EA03002E
:100D100012D082EA040083EA0501084305D0101BC3
:100D2000AB4106D20122002306E000224FF000432F
:100D300002E06FF0010253101AEB06004CEB085171
:100D400010EB0A0041EB0B01BDE8F04D00F004BAD6
:100D5000C1F30A52C1F3130140F2FF3341F4801191
:100D60009A4202DA00200146704740F233439A4229
:100D7000A2F2334202DC5242FFF7ADBAFFF79CBA4F
:100D800030B5041E71F1000404DB4FF00044404212
:100D900064EB0101141E73F1000405DB1C464FF0E7
:100DA0000043524263EB0403994208BF904230BDB6
:100DB0001CB509480090094801900546009C06E0D2
:100DC000E06840F0010394E8070098471034AC4213
:100DD000F6D3FFF7DDF900003CA200085CA2000892
:100DE000202A06DBCB17203A41FA02F043EAE073EF
:100DF00006E041FA02F3D040C2F1200291400843DC
:100E000019467047C0B24FF4F05100F02BBA3A289F
:100E100000D2303820F02002412A01D3A2F137005D
:100E2000884201D34FF0FF30704700002DE9F34FA7
:100E30008BB04FF0000801F10C000C464FF0010B95
:100E400046460DF1080A0190626901210198904718
:100E5000051E2DD0252D2CD0216A8847C0B162698E
:100E6000012101989047216A88470028F7D1411E47
:100E700062690198904700E0761CA1690B98884749
:100E8000216A88470028F7D1E1690B988847DBE79A
:100E9000A1690B9888470746A84201D1761CD3E781
:100EA000E1690B9888477F1C02D1B8F1000F6FD021
:100EB00046E1002762693D463946019890472A2855
:100EC00004D162690121019890470125DFF88492DD
:100ED0006269012101989047A0F130010A290AD2E4
:100EE0004F45E5DC07EB870100EB4107303FDFD4DE
:100EF00045F01005ECE7E90601D46FF000476C28D7
:100F00000AD04C2814D0682815D06A280DD074282F
:100F10001CD07A281AD01DE06269012101989047FF
:100F20006C2802D045F0040514E045F002050DE000
:100F300045F020050AE06269012101989047682880
:100F400002D045F0080505E045F40065626901211D
:100F500001989047C4E9015765283DD019DC58280D
:100F60007AD00CDC452837D004DC252826D041284F
:100F700031D131E046282FD047282CD12CE05B28F6
:100F800077D0612828D063287CD0642823D15AE008
:100F9000D0E06F2848D008DC66281DD067281BD019
:100FA000692821D06E2816D127E0702845D07328F3
:100FB00068D0752847D078280DD14DE0A1690B98ED
:100FC0008847054625283FF469AFE1690B988847B3
:100FD0006D1C3FF46AAFB3E023466A466FF0010030
:100FE0000B99FFF7DDFB9EE045F040006060A8072D
:100FF00023464FF0000236D43EE0E8077FF447AFC7
:101000002068011D21600068290501D506701BE7D5
:10101000290701D5068017E7A90703D5F117C0E90D
:10102000006111E706600FE745F040006060A80727
:1010300023464FF0080216D41EE040F60E0125EAC2
:101040000100606016E045F040006060A80723469C
:101050004FF00A0207D40FE045F040006060A80797
:1010600008D5234610226FF001000B99FFF743F9D2
:1010700059E007E0234610226FF001000B99FFF7BB
:10108000E5F950E04FF000094F464B46632802D087
:101090005B2806D040E0E80601D40120A0600127CB
:1010A0003AE062690121019890475E2805D14FF02E
:1010B00001096269494601989047216939B90021BF
:1010C0000A46534643F82120491C0829FADBB0B3ED
:1010D000216969B9C11700EBD16253110AEB830191
:1010E00022F01F02821A01200B68904003430B601C
:1010F00062690121019890475D28E8D1B9F1000F9C
:1011000009D00020514651F82020D24341F8202038
:10111000401C0828F7DB02AB224600976FF0010065
:101120000B99FFF739FA00280CDA401C08D1BBF103
:10113000000F05D04FF0FF300DB0BDE8F08FFFE796
:101140004046F9E7E90701D108F1010806444FF0EC
:10115000000B79E6CCCCCC0C10B5141E73F1000456
:1011600008DA401C41F1000192185B411A4301D199
:1011700020F0010010BD2DE9F04D92469B4611B1C3
:10118000B1FA81F202E0B0FA80F220329046FFF725
:1011900093F804460F4640EA0A0041EA0B01534621
:1011A0005A46084313D0114653EA010019D0C8F13A
:1011B00040025046FFF78FF805460E465046594606
:1011C0004246FFF779F8084305D0012004E02046A5
:1011D0003946BDE8F08D0020054346EAE0762C4311
:1011E00037430A986305E40AA0EB08000022FD0AD1
:1011F00044EA47540A3002D500200146E9E70105D8
:1012000010196941DDE9084500196941BDE8F04D53
:10121000A2E70EB540F2334202920022CDE900224D
:101220001346FFF7A8FF03B000BD01F0004330B440
:1012300021F0004150EA010206D00A0DA2F56072C9
:10124000C1F31301002A02DC30BC00207047440FB8
:1012500044EAC104C100E01830BC00EBC25000F009
:1012600015B800007F2801D9002208E0064A02EBE9
:101270005002C007127800D1120902F00F020120BB
:1012800090400840704700005EA100080029A8BFF8
:101290007047401C490008BF20F00100704710B49F
:1012A000B0FA80FC00FA0CF050EA010404BF10BC54
:1012B000704749B1CCF1200421FA04F411FA0CF181
:1012C00018BF012121430843A3EB0C01CB1D4FEABA
:1012D00000614FEA102042BF002010BC704700EBB5
:1012E000C35010440029A4BF10BC7047401C4900E3
:1012F00008BF20F0010010BC70470000FFE7FEE7C8
:1013000084B08DF80F000291ADF806209DF80F0013
:101310000146009123281DD80099DFE801F012133F
:101320001415161B1B1B1B1B1B1B1B1B1B1B1B1B1F
:101330001B1B1B1B1B1B1B1B1B1B1B1B1B1B171804
:10134000191A08E007E006E005E004E003E002E027
:1013500001E000E0FFE7002004B070470020704784
:1013600080B582B041F2A850C2F20000009040F671
:101370006451C2F200010022019204F0FBFF0098C8
:1013800040F26451C2F2000104F0D6FF019802B0AD
:1013900080BD000080B584B00390029100200190D0
:1013A000FFE701980299096888420AD2FFE703988B
:1013B0000199405C00F090F8FFE70198013001903E
:1013C000EFE7039941F2A850C2F20000009004F048
:1013D000B3FF009804F056FF002004B080BD000069
:1013E00083B0029001918DF8032000208DF8020057
:1013F0009DF9020003B0704780B586B00490ADF847
:101400000E1000208DF80D0041F2A850C2F200002D
:10141000D0F8BC0202900298D0F8140220B1FFE785
:1014200001208DF8170013E00499BDF80E2041F259
:10143000A850C2F20000019004F09CFF019805F052
:10144000A3F88DF80D009DF80D008DF81700FFE74B
:101450009DF8170006B080BD80B58AB00990099844
:101460006A460DF11701516006A911604AF22C215C
:10147000C0F600010DF1230207ABFEF7EBFE0428D6
:1014800020D1FFE79DF823008DF811000798029006
:10149000069803909DF817008DF8100002A803F03D
:1014A000ADFE38B9FFE74AF21F20C0F6000003F096
:1014B00049FA06E04AF20C20C0F6000003F042FAB6
:1014C000FFE706E04AF21120C0F6000003F03AFA06
:1014D000FFE70AB080BD000080B584B08DF80F0032
:1014E0009DF80F000A2805D0FFE79DF80F000D2892
:1014F00013D1FFE741F2A450C2F20000019002783C
:1015000041F26450C2F20000002102918154FFF7C1
:10151000A3FF01990298087017E041F2A450C2F2AB
:10152000000000783E280FDCFFE79DF80F0041F235
:10153000A453C2F200031A78511C197041F264518D
:10154000C2F200018854FFE7FFE704B080BD00004D
:101550007047000072B6FFE7FEE7000080B584B078
:1015600047F61020C1F6FF700068039047F614207C
:10157000C1F6FF700068029047F61820C1F6FF70B0
:10158000006801900199039808440390039888B17A
:10159000FFE7039840F2DC01C2F200010091023142
:1015A000082203F091F9009902981231042203F005
:1015B0008BF9FFE704B080BD80B584B0029002983B
:1015C00020B9FFE701208DF80F00E0E0029890F8C5
:1015D000200020B9FFE7029800F0DEF8FFE702984C
:1015E0000168086840F00100086000F0CBFB019042
:1015F000FFE7029800684068C007A8B9FFE700F05D
:10160000C1FB0199401A0B280DD3FFE70299486AE4
:1016100040F4003048620299052081F82000012042
:101620008DF80F00B3E0E4E702980168086820F045
:101630000200086000F0A6FB0190FFE70298006836
:1016400040688007002815D5FFE700F09BFB019953
:10165000401A0B280DD3FFE70299486A40F4003086
:1016600048620299052081F8200001208DF80F00C2
:101670008DE0E3E70298007E012807D1FFE702989A
:101680000168086840F08000086006E00298016880
:10169000086820F080000860FFE70298407E01287B
:1016A00007D1FFE702980168086840F04000086031
:1016B00006E002980168086820F040000860FFE733
:1016C0000298807E012807D1FFE702980168086828
:1016D00040F02000086006E002980168086820F0E9
:1016E00020000860FFE70298C07E012807D1FFE7CD
:1016F00002980168086820F01000086006E002986F
:101700000168086840F010000860FFE70298007F59
:10171000012807D1FFE702980168086840F0080037
:10172000086006E002980168086820F00800086078
:10173000FFE70298407F012807D1FFE70298016880
:10174000086840F00400086006E002980168086834
:1017500020F004000860FFE7029B19685A68986847
:10176000D3F80CC040EA0C00D3F810C040EA0C00DB
:101770005B691843013A1043C8610299002048622E
:10178000029A012182F820108DF80F00FFE79DF8E2
:101790000F0004B080BD000080B588B00790002025
:1017A000069005900490039002900798006846F216
:1017B0000041C4F20001884233D1FFE7FFE7002077
:1017C000019043F64000C4F20200016841F000714C
:1017D0000160006800F0007001900198FFE7FFE7EA
:1017E0000020009043F63000C4F20200016841F08E
:1017F00008010160006800F0080000900098FFE711
:1018000003200290022103910021049105900920F8
:10181000069040F60040C4F2020002A900F0BEF8B3
:10182000FFE708B080BD000080B584B00290029848
:10183000806D019000F0A6FA0090029890F83500B3
:1018400002280DD0FFE7029980204865FFE7029942
:10185000002081F83400FFE701208DF80F0055E0EB
:1018600002980168086820F0160008600298016874
:10187000486920F0800048610298006C20B9FFE7B9
:101880000298806C38B1FFE702980168086820F080
:1018900008000860FFE702980168086820F001006E
:1018A0000860FFE7029800680068C007C8B1FFE75A
:1018B00000F068FA0099401A062811D3FFE7029950
:1018C000202048650299032081F83500FFE702993E
:1018D000002081F83400FFE703208DF80F0015E0A9
:1018E000E0E70298C16D3F20884001998860029925
:1018F000012081F83500FFE70299002081F83400CB
:10190000FFE7FFE700208DF80F00FFE79DF80F00CD
:1019100004B080BD82B00090009890F83500022895
:1019200007D0FFE700998020486501208DF8070067
:101930000EE00099052081F83500009801680868DC
:1019400020F001000860FFE700208DF80700FFE7A6
:101950009DF8070002B0704780B584B0039000F096
:1019600011FA0290039801900198013048B1FFE705
:1019700040F2F700C2F2000001780198084401909B
:10198000FFE7FFE700F0FEF90299401A019988424B
:1019900001D2FFE7F6E704B080BD00008EB00D90E5
:1019A0000C9100200A90099008900B90FFE70B988B
:1019B0000F2800F2CC81FFE70B99012088400A90A4
:1019C0000C9800680A990840099009980A99884279
:1019D00040F0B881FFE70C98406800F00300012850
:1019E00007D0FFE70C98406800F0030002282FD1D1
:1019F000FFE70D98806808900B984100032000FADB
:101A000001F10898884308900C98C0680B99490028
:101A100000FA01F108980843089008980D99886029
:101A20000D98406808900B99012000FA01F1089880
:101A3000884308900C984068C0F300100B9900FA96
:101A400001F108980843089008980D994860FFE74D
:101A50000C98406800F00300032818D0FFE70D98A9
:101A6000C06808900B984100032000FA01F1089823
:101A7000884308900C9880680B99490000FA01F19E
:101A800008980843089008980D99C860FFE70C98DB
:101A9000406800F00300022826D1FFE70D980B995B
:101AA0006FF0030202EA51010844006A08900B98A3
:101AB00000F0070081000F2000FA01F10898884328
:101AC00008900C9800690B9901F00701890000FA51
:101AD00001F108980843089008980D990B9B02EAB9
:101AE000530211440862FFE70D98006808900B98B4
:101AF0004100032000FA01F10898884308900C98EF
:101B0000406800F003000B99490000FA01F10898C1
:101B10000843089008980D9908600C988079800710
:101B2000002800F00E81FFE7FFE70020079043F652
:101B30004400C4F20200016841F480410160006881
:101B400000F4804007900798FFE70B9820F003000F
:101B500043F60801C4F20101405808900B9800F0C8
:101B6000030081000F2000FA01F1089888430890D3
:101B70000D980021C4F20201884203D1FFE7002042
:101B800006905EE00D9840F20041C4F202018842E6
:101B900003D1FFE70120059050E00D9840F60001C9
:101BA000C4F20201884203D1FFE70220049042E020
:101BB0000D9840F60041C4F20201884203D1FFE7CC
:101BC0000320039034E00D9841F20001C4F20201B9
:101BD000884203D1FFE70420029026E00D9841F2ED
:101BE0000041C4F20201884203D1FFE705200190C1
:101BF00018E00D9841F60001C4F20201884203D1B9
:101C0000FFE7062000900AE00D9941F60042C4F279
:101C100002020820914208BF07200090FFE70098C9
:101C20000190FFE701980290FFE702980390FFE719
:101C300003980490FFE704980590FFE70598069045
:101C4000FFE70698C0B20B9901F00301890000FA82
:101C500001F108980843089008980B9921F00301B6
:101C600043F60802C4F20102885043F60840C4F269
:101C700001000068089009990898884308900C981A
:101C80008079C006002805D5FFE709990898084320
:101C90000890FFE7089843F60841C4F20101086084
:101CA00043F60C40C4F201000068089009990898B6
:101CB000884308900C9880798006002805D5FFE7B6
:101CC0000999089808430890FFE7089843F60C41E3
:101CD000C4F20101086043F60440C4F20100006848
:101CE000089009990898884308900C988079800793
:101CF000002805D5FFE70999089808430890FFE7F1
:101D0000089843F60441C4F20101086043F600401C
:101D1000C4F2010000680890099908988843089067
:101D20000C988079C00728B1FFE709990898084303
:101D30000890FFE7089843F60041C4F201010860EB
:101D4000FFE7FFE7FFE70B9801300B902FE60EB09F
:101D50007047000082B00190ADF802108DF80120AC
:101D60009DF8010028B1FFE7BDF8020001998861E4
:101D700005E0BDF80200000401998861FFE702B0A8
:101D80007047000042F26030C2F200000068704705
:101D900040F2F700C2F20000027842F26031C2F273
:101DA00000010868104408607047000080B543F6E1
:101DB0000041C4F20201086840F40070086008683D
:101DC00040F480600860086840F480700860032078
:101DD00000F08AF80F2000F005F800F03BF8002032
:101DE00080BD000080B582B0009040F22400C2F2B5
:101DF0000000006840F2F701C2F200010A784FF4D7
:101E00007A71B1FBF2F1B0FBF1F002F073F820B19E
:101E1000FFE701208DF8070018E000980F280DD883
:101E2000FFE700994FF0FF30002200F043F80098E0
:101E300040F2F801C2F20001086003E001208DF8D1
:101E4000070003E000208DF80700FFE79DF807007A
:101E500002B080BD82B0FFE70020019043F644004D
:101E6000C4F20200016841F480410160006800F49E
:101E7000804001900198FFE7FFE70020009043F6C3
:101E80004000C4F20200016841F080510160006826
:101E900000F0805000900098FFE702B0704700000B
:101EA00080B582B08DF807009DF9070007F038FC77
:101EB00002B080BD80B586B08DF817000491039202
:101EC0000020029007F044FC02909DF91700019059
:101ED00002980499039A02F08DFF0146019807F0D9
:101EE0003FFC06B080BD000080B582B00190019833
:101EF00007F058FC02B080BD82B001908DF803104D
:101F000002B0704782B00190ADF80210BDF8020037
:101F1000019909684862002002B0704784B00390BC
:101F20008DF80B10ADF8082003980068406A009007
:101F30009DF80B0048B9FFE7BDF80810009840EA8B
:101F4000014003990968886233E003980068816A58
:101F5000009800EB1140009000208DF80700FFE78B
:101F60009DF807009DF80B100139884213D2FFE756
:101F7000039800689DF8071000EB8100D0F8041169
:101F8000009800EB11400090FFE79DF8070001303A
:101F90008DF80700E4E7BDF80810009840EA01401A
:101FA000039909689DF80B2001EB8201C1F800013B
:101FB000FFE7002004B0704780B582B0019001981F
:101FC000D0F8080505F07AF902B080BD80B582B07E
:101FD00001908DF80310019AD2F808059DF80310BE
:101FE00001EBC10302EB8302D26C04F0C3FF02B029
:101FF00080BD000080B582B001908DF80310019A79
:10200000D2F808059DF8031001EBC10302EB83022F
:10201000D2F88C2205F078F802B080BD80B582B08D
:1020200001900198D0F8080505F04EF902B080BD86
:1020300080B584B003908DF80B109DF80B0000065E
:1020400000280CD5FFE703989DF80B1001F00F0155
:1020500001EBC10100EB81003C3001900CE00398E2
:102060009DF80B1001F00F0101EBC10100EB8100A5
:1020700000F51F700190FFE703980068019906F0D2
:1020800079FF8DF80A009DF80A0004B080BD0000B9
:1020900080B584B002908DF807109DF80700000607
:1020A00000280FD5FFE702989DF8071001F00F01F7
:1020B00001EBC10100EB81003C3000900099012050
:1020C00048700FE002989DF8071001F00F0101EB36
:1020D000C10100EB810000F51F7000900099002005
:1020E0004870FFE79DF8070000F00F0000990870A6
:1020F000FFE7029890F8BC04012804D1FFE7022012
:102100008DF80F0014E00299012081F8BC04FFE76C
:10211000FFE702980068009906F054F9FFE702997A
:10212000002081F8BC04FFE700208DF80F00FFE7D6
:102130009DF80F0004B080BD80B584B002908DF88A
:1021400007109DF8070000F00F00029949688842C7
:1021500004D9FFE701208DF80F004DE09DF807003E
:10216000000600280FD5FFE702989DF8071001F040
:102170000F0101EBC10100EB81003C3000900099A0
:10218000012048700FE002989DF8071001F00F0140
:1021900001EBC10100EB810000F51F700090009978
:1021A00000204870FFE70099002088709DF8070024
:1021B00000F00F0000990870FFE7029890F8BC0447
:1021C000012804D1FFE702208DF80F0014E00299E6
:1021D000012081F8BC04FFE7FFE70298006800993E
:1021E00006F070FCFFE70299002081F8BC04FFE7CD
:1021F00000208DF80F00FFE79DF80F0004B080BDB0
:1022000082B001908DF8031001989DF8031001F041
:102210000F0101EBC10100EB8100D0F89C0202B07C
:102220007047000080B586B004908DF80F10ADF8AF
:102230000C208DF80B3000208DF80A009DF80F005F
:10224000000600280FD5FFE704989DF80F1001F055
:102250000F0101EBC10100EB81003C3001900199BD
:10226000012048700FE004989DF80F1001F00F0155
:1022700001EBC10100EB810000F51F700190019995
:1022800000204870FFE79DF80F0000F00F00019953
:102290000870BDF80C000199C8609DF80B00019909
:1022A00008710198407820B1FFE70199087808810A
:1022B000FFE79DF80B00022804D1FFE701990020F9
:1022C0004871FFE7FFE7049890F8BC04012804D1A7
:1022D000FFE702208DF8170015E00499012081F82E
:1022E000BC04FFE7FFE704980068019905F024FFAC
:1022F000FFE70499002081F8BC04FFE79DF80A007D
:102300008DF81700FFE79DF8170006B080BD0000AC
:1023100080B586B005908DF813100392029305984E
:102320009DF8131001F00F0101EBC10100EB8100DA
:1023300000F51F70019003980199086102980199B6
:102340008861019900200862019948709DF8130086
:1023500000F00F000199087005980069012804D168
:10236000FFE7039801994861FFE79DF81300000714
:1023700038B9FFE7059A10680199127C06F056FA01
:1023800006E0059A10680199127C06F03FFCFFE711
:10239000002006B080BD000080B584B002908DF8AA
:1023A00007109DF8070000F00F0002994968884265
:1023B00004D9FFE701208DF80F0058E09DF80700D1
:1023C000000600280FD5FFE702989DF8071001F0DE
:1023D0000F0101EBC10100EB81003C30009000993E
:1023E000012048700DE002989DF8071001EBC10133
:1023F00000EB810000F51F700090009900204870EC
:10240000FFE70099012088709DF8070000F00F0099
:1024100000990870FFE7029890F8BC04012804D1E5
:10242000FFE702208DF80F0021E00299012081F8DA
:10243000BC04FFE7FFE702980068009906F092FBF2
:102440009DF80700000740B9FFE7029A1068117C69
:1024500002F2C44206F0E6FAFFE7FFE70299002025
:1024600081F8BC04FFE700208DF80F00FFE79DF81E
:102470000F0004B080BD000080B586B005908DF8D7
:1024800013100392029305989DF8131001F00F01A9
:1024900001EBC10100EB81003C30019003980199F0
:1024A00008610298019988610199002008620199E8
:1024B000012048709DF8130000F00F00019908708A
:1024C00005980069012804D1FFE703980199486144
:1024D000FFE79DF81300000738B9FFE7059A106879
:1024E0000199127C06F0A2F906E0059A106801999C
:1024F000127C06F08BFBFFE7002006B080BD0000D9
:1025000080B58CB00B900B9800680A900A980990DF
:102510000B98006806F070FE002840F00D84FFE77D
:102520000B98006806F0D4FE10B9FFE700F004BC79
:102530000998D0F80808C0F30D200B99C1F8FC04E5
:102540000B98006806F0C4FE8007002807D5FFE757
:102550000B980168486900F002004861FFE70B989A
:10256000006806F0B5FEC006002862D5FFE70B98AC
:102570000168886920F0100088610A98006A02905A
:102580000B98029901F00F0101EBC10100EB8100F2
:1025900000F51F700890029800F4F0110220B0EBD3
:1025A000514F23D1FFE7BDF8080047F6F07108420C
:1025B0001BD0FFE70A9808990969029AC2F30A1228
:1025C00006F094FE029847F6F07100EA0103089ABB
:1025D000106900EB13101061029800EA01020899DB
:1025E000086A00EB12100862FFE71BE0029800F493
:1025F000F0110620B0EB514F12D1FFE70A980B996A
:1026000001F2C441082206F071FE029847F6F0710B
:1026100000EA01020899086A00EB1210086200E063
:10262000FFE7FFE70B980168886940F010008861B8
:10263000FFE70B98006806F04BFE0003002840F10E
:10264000A680FFE7002004900B98006806F0EEFDDE
:102650000690FFE70698002800F09880FFE79DF8B5
:102660001800C007002800F08A80FFE70B98006878
:102670009DF8101006F014FE05909DF81400C00798
:1026800060B1FFE70998049900EB41110120C1F8FE
:10269000080B0B98049902F031FCFFE79DF8140039
:1026A000000700280CD5FFE70998049900EB4111B9
:1026B0000820C1F8080B0B98049902F0D9FBFFE73A
:1026C0009DF81400C006002808D5FFE70998049972
:1026D00000EB41111020C1F8080BFFE79DF8140032
:1026E000800700282DD5FFE70A98406900060028DA
:1026F00008D5FFE70999D1F8040840F48060C1F8D3
:102700000408FFE70B98049901EBC10100EB81007D
:1027100000F51F7008900898C078012809D1FFE7DC
:1027200008990020C8700B989DF8101000F014FB59
:10273000FFE70998049900EB41110220C1F8080B4A
:10274000FFE79DF814008006002808D5FFE70998E8
:10275000049900EB41112020C1F8080BFFE79DF818
:1027600015008006002809D5FFE70998049900EBB9
:1027700041114FF40050C1F8080BFFE7FFE7049840
:102780000130049006984008069063E7FFE70B9835
:10279000006806F09DFD4003002840F1C680FFE779
:1027A0000B98006806F030FD069000200490FFE7CB
:1027B0000698002800F0B880FFE79DF81800C007D1
:1027C000002800F0AA80FFE70B9800689DF8101021
:1027D00006F03EFD05909DF81400C00700283ED08D
:1027E000FFE7049800F00F01012000FA01F10391C6
:1027F000039B099AD2F834189943C2F834180999FE
:10280000049A01EB4211C1F808090B9800690128EC
:102810001FD1FFE70B98049901EBC10100EB810187
:102820008A6CC86C1044C864049888B9FFE70B9898
:10283000049901EBC10100EB8100406D40B9FFE755
:102840000B99086801F2C442012106F0EBF8FFE79A
:10285000FFE70B989DF81010FFF7B8FBFFE79DF816
:1028600014000007002808D5FFE70998049900EB39
:1028700041110820C1F80809FFE79DF81400C006BF
:10288000002808D5FFE70998049900EB41111020B2
:10289000C1F80809FFE79DF814004006002808D594
:1028A000FFE70998049900EB41114020C1F808099D
:1028B000FFE79DF814008007002822D5FFE70A985B
:1028C000049906F02FFC0B98049901EBC10100EB71
:1028D00081003C3008900898C078012809D1FFE7B2
:1028E00008990020C8700B989DF8101000F026FA87
:1028F000FFE70998049900EB41110220C1F808098B
:10290000FFE79DF814000006002805D5FFE70B98A7
:10291000049902F0D7FBFFE7FFE704980130049029
:1029200006984008069043E7FFE70B98006806F01A
:10293000CFFCC00F00B3FFE70999D1F8040820F0DD
:102940000100C1F804080B9890F8F404012808D19C
:10295000FFE70B98002180F8F4140B98FFF7CCFAEE
:1029600003E00B9800F0E2FBFFE70B980168486971
:1029700000F000404861FFE70B98006806F0A8FCF3
:102980000005002811D5FFE70998D0F80808C0070E
:1029900020B1FFE70B9800F057FCFFE70B980168A8
:1029A000486900F400604861FFE70B98006806F092
:1029B0008FFCC004002840F18680FFE70999D1F818
:1029C000040820F00100C1F804080B9800681021E9
:1029D00006F0A8FB00200790FFE707980B994968CD
:1029E000884231D2FFE70998079900EB41114FF671
:1029F0007F30C1F808090999079A01EB4212D2F811
:102A0000001921F40011C2F800190999079A01EB85
:102A10004211C1F8080B0998079900EB4111D1F850
:102A2000000B20F40010C1F8000B0998079900EB87
:102A30004111D1F8000B40F00060C1F8000BFFE736
:102A4000079801300790C8E70999D1F81C0840F0B1
:102A50000110C1F81C080B98006B78B1FFE70999C9
:102A6000D1F8840840F00B00C1F884080999D1F826
:102A7000440840F00B00C1F844080FE00999D1F870
:102A8000140842F22B021043C1F814080999D1F836
:102A9000100840F00B00C1F81008FFE70999D1F8C1
:102AA000000820F4FE60C1F800080B9A1068117C41
:102AB00002F2C44205F0B6FF0B980168486900F4C1
:102AC00080504861FFE70B98006806F001FC800425
:102AD00000281FD5FFE70B98006805F09DFB0B98B9
:102AE000006806F063FB0B99C8600B9800680190C2
:102AF00000F0FCFC014601980B9A127B06F0EEFCFC
:102B00000B9800F0E9FA0B980168486900F400504E
:102B10004861FFE70B98006806F0DAFB0007002821
:102B20000AD5FFE70B9800F00BFB0B98016848698A
:102B300000F008004861FFE70B98006806F0C8FB4A
:102B40000006002825D5FFE70A99886920F0800053
:102B5000886101200490FFE704980B994968884236
:102B600016D2FFE70B98049901EBC10100EB81003D
:102B700090F87F02012806D1FFE70B989DF810100E
:102B8000FFF756FAFFE7FFE7049801300490E3E708
:102B9000FFE70B98006806F09BFBC00200283ED5BB
:102BA000FFE701200490FFE704980B9949688842E9
:102BB0002ED2FFE70998049900EB4110D0F80009E4
:102BC00002900B98049901EBC10100EB810090F891
:102BD0004000012817D1FFE79DF80B0000060028F0
:102BE00011D5FFE70B98049901EBC10100EB8101BE
:102BF000012081F83F000B989DF8101041F08001F2
:102C0000FFF716FAFFE7FFE7049801300490CBE7DF
:102C10000B980168486900F480104861FFE70B9841
:102C2000006806F055FB8002002855D5FFE701201B
:102C30000490FFE704980B994968884245D2FFE762
:102C40000998049900EB4110D0F8000B02900B9802
:102C5000049901EBC10100EB810090F8800201288A
:102C60002ED1FFE79DF80B000006002828D5FFE7CE
:102C7000029800F480300B99D1F8FC1401F00101A6
:102C800088421DD1FFE70B98049901EBC10100EBCD
:102C90008101012081F87F020A99886940F0800053
:102CA00088610A9840690006002808D4FFE709995E
:102CB000D1F8040840F40070C1F8040805E0FFE70B
:102CC000FFE7049801300490B4E70B980168486965
:102CD00000F400104861FFE70B98006806F0F8FA6E
:102CE000400000280AD5FFE70B98FFF765F90B981D
:102CF0000168486900F080404861FFE70B98006870
:102D000006F0E6FA4007002815D5FFE70B980068A3
:102D1000406802909DF808004007002804D5FFE7AE
:102D20000B98FFF77BF9FFE7029A0B980168486858
:102D300010434860FFE7FFE70CB080BD80B582B06C
:102D400001908DF803100198D0F808059DF8031044
:102D500004F056FB02B080BD80B582B001908DF8C2
:102D600003100198D0F808059DF8031004F080FBCB
:102D700002B080BD2DE9F04F97B01590159820B99D
:102D8000FFE701208DF85B0049E115980068149079
:102D9000159890F8BD0440B9FFE71599002081F817
:102DA000BC04159800F040F9FFE71599032081F85D
:102DB000BD041498C06BC005002804D4FFE7159922
:102DC00000200861FFE71598006805F025FD1598BB
:102DD00010900168119141688268C368D0F810C0F2
:102DE00044698569C669076AD0F82480D0F82890BC
:102DF000D0F82CA0D0F830B0D0F834E0684612906B
:102E0000C0F824E01198DDF848E0CEF820B0CEF804
:102E10001CA0CEF81890CEF81480CEF81070CEF822
:102E20000C60CEF80850CEF80440CEF800C005F093
:102E300009FA40B1FFE71599022081F8BD0401208D
:102E40008DF85B00EBE01598006800210F9106F00B
:102E5000A7FA0F988DF84F00FFE79DF84F001599DE
:102E60004968884245D2FFE715989DF84F1001EB5D
:102E7000C10100EB8101012081F83D009DF84F0068
:102E8000159900EBC00201EB820181F83C009DF82E
:102E90004F00159900EBC00201EB8201A1F844003C
:102EA00015989DF84F1001EBC10100EB8101002046
:102EB00081F8400015999DF84F2002EBC20201EB0A
:102EC0008201886415999DF84F2002EBC20201EB44
:102ED0008201C86415999DF84F2002EBC20201EBF4
:102EE00082014865FFE79DF84F0001308DF84F00E3
:102EF000B3E700208DF84F00FFE79DF84F001599CC
:102F0000496888423ED2FFE715989DF84F1001EBC3
:102F1000C10100EB8101002081F87D029DF84F1076
:102F2000159A01EBC10302EB830282F87C1215991A
:102F30009DF84F2002EBC20201EB820181F8800272
:102F400015999DF84F2002EBC20201EB8201C1F8F6
:102F5000880215999DF84F2002EBC20201EB820115
:102F6000C1F88C0215999DF84F2002EBC20201EBCB
:102F70008201C1F89402FFE79DF84F0001308DF8FF
:102F80004F00BAE715980C9001680D91416882686E
:102F9000C368D0F810C044698569C669076AD0F86B
:102FA0002480D0F82890D0F82CA0D0F830B0D0F8F9
:102FB00034E068460E90C0F824E00D98DDF838E063
:102FC000CEF820B0CEF81CA0CEF81890CEF8148021
:102FD000CEF81070CEF80C60CEF80850CEF8044051
:102FE000CEF800C005F0B6FA40B1FFE7159902200F
:102FF00081F8BD0401208DF85B0010E015990020D8
:103000000B9081F838001599012081F8BD041598BE
:10301000006805F089FA0B988DF85B00FFE79DF8D2
:103020005B0017B0BDE8F08F80B58AB00990002032
:103030000890079006900590049009980068B0F1F8
:10304000A04F47D1FFE7FFE70020039043F6300091
:10305000C4F20200016841F001010160006800F063
:10306000010003900398FFE74FF4C0500490022042
:10307000059000200690032007900A200890002069
:10308000C4F2020004A9FEF789FCFFE743F634010D
:10309000C4F20201086840F080000860FFE70020E9
:1030A000029043F64400C4F20200016841F48041FA
:1030B0000160006800F4804002900298FFE7FFE79B
:1030C0004320019000221146FEF7F4FE0198FEF71E
:1030D000E7FEFFE70AB080BD80B582B00190012015
:1030E0008DF803000198C06820B9FFE700208DF833
:1030F00003000CE00198C068022804D1FFE701201A
:103100008DF8030002E0FEF725FAFFE7FFE70198DC
:10311000D0F808059DF8031004F0AAFA0198D0F839
:10312000080504F025FA02B080BD000080B582B029
:1031300001900198D0F8080504F068FA02B080BD4B
:1031400080B582B001900198D0F8080504F070FABB
:1031500002B080BD80B584B002908DF80710FFE703
:10316000029890F8BC04012804D1FFE702208DF8F2
:103170000F001AE00299012081F8BC04FFE7FFE785
:103180009DF80700029981F83800029800689DF8C0
:10319000071006F075F9FFE70299002081F8BC04DA
:1031A000FFE700208DF80F00FFE79DF80F0004B047
:1031B00080BD000080B582B001900199D1F808056A
:1031C00001F2C44104F07EFA02B080BD80B584B043
:1031D0000290029800680190FFE7029890F8BC0402
:1031E000012804D1FFE702208DF80F0027E00299A3
:1031F000012081F8BC04FFE7FFE70298806A0128FC
:103200000BD1FFE702988069012806D0FFE70199FA
:10321000886B40F480308863FFE70298006805F00F
:1032200037FF0298006805F069F9FFE7029900206E
:1032300081F8BC04FFE700208DF80F00FFE79DF840
:103240000F0004B080BD000080B582B001900198ED
:10325000D0F8080504F0B8FA01980168D1F8000E1A
:1032600040F00100C1F8000E0198006A48B1FFE784
:103270004EF61051CEF20001086840F006000860DA
:10328000FFE702B080BD000080B584B002900191DC
:10329000029820B9FFE701208DF80F0021E1019885
:1032A00043F60041C4F20201096801F007018842B7
:1032B00012D9FFE7019943F60040C4F20200017001
:1032C000006800F007000199884204D0FFE7012060
:1032D0008DF80F0005E1FFE70298007880070028CD
:1032E0002AD5FFE7029800784007002809D5FFE7B4
:1032F00043F60801C4F20201086840F4E050086097
:10330000FFE7029800780007002809D5FFE743F699
:103310000801C4F20201086840F460400860FFE759
:1033200043F60801C4F20201086820F0F000029A96
:10333000926810430860FFE702980078C0070028F1
:103340006ED0FFE702984068012811D1FFE743F6ED
:103350000000C4F20200006800F400310020B0EB6D
:10336000514F04D1FFE701208DF80F00B9E02CE0A8
:1033700002984068022805D0FFE7029840680328B9
:1033800011D1FFE743F60000C4F20200006800F02C
:1033900000710020B0EB516F04D1FFE701208DF8E0
:1033A0000F009EE010E043F60000C4F20200006847
:1033B00000F002010020B0EB510F04D1FFE7012023
:1033C0008DF80F008DE0FFE7FFE743F60801C4F238
:1033D0000201086820F00300029A52681043086056
:1033E000FEF7D0FC0090FFE743F60800C4F20200AD
:1033F000006800F00C0002994968B0EB810F0ED014
:10340000FFE7FEF7BFFC0099401A41F2893188427C
:1034100004D3FFE703208DF80F0062E0E4E7FFE745
:10342000019843F60041C4F20201096801F0070166
:10343000884212D2FFE7019943F60040C4F202002D
:103440000170006800F007000199884204D0FFE78E
:1034500001208DF80F0044E0FFE702980078400754
:1034600000280CD5FFE743F60801C4F20201086802
:1034700020F4E050029AD26810430860FFE70298F7
:103480000078000700280DD5FFE743F60801C4F2D5
:103490000201086820F46040029A126940EAC20002
:1034A0000860FFE700F04CF843F60801C4F202019F
:1034B0000968C9B20A094AF29E11C0F60001895C86
:1034C000C84040F22401C2F20001086040F2F80056
:1034D000C2F200000068FEF785FC00208DF80F00A6
:1034E000FFE79DF80F0004B080BD000040F224000B
:1034F000C2F200000068704780B5FFF7F7FF43F69F
:103500000801C4F202010968C1F382224AF2AE1135
:10351000C0F60001895CC84080BD000080B5FFF79F
:10352000E5FF43F60801C4F20201096889B24A0BBB
:103530004AF2AE11C0F60001895CC84080BD0000AF
:1035400080B586B00020059004900390029043F669
:103550000800C4F20200006800F00C00014601916E
:1035600040B1FFE7019804280AD0FFE70198082836
:103570000CD04FE042F20040C0F2F40002904FE065
:1035800041F20020C0F27A00029049E043F60400C4
:10359000C4F20200016801F03F0105910068400299
:1035A000002813D5FFE743F60400C4F202000068C8
:1035B000C0F3881041F20021C0F27A01A0FB0101A2
:1035C000059A0023FCF7FCFD049012E043F604008A
:1035D000C4F202000068C0F3881042F20041C0F259
:1035E000F401A0FB0101059A0023FCF7E9FD04901A
:1035F000FFE743F60400C4F20200006800F4403123
:10360000022000EBD130039004980399B0FBF1F055
:10361000029005E042F20040C0F2F4000290FFE7A1
:10362000029806B080BD000080B586B00490049872
:1036300020B9FFE701208DF8170050E304980078C7
:10364000C007002800F0A580FFE743F60800C4F299
:103650000200006800F00C00042813D0FFE743F6D6
:103660000800C4F20200006800F00C0008281ED117
:10367000FFE743F60400C4F202000068400200289D
:1036800015D5FFE743F60000C4F20200006800F41D
:1036900000310020B0EB514F08D0FFE7049840689C
:1036A00020B9FFE701208DF8170018E370E0FFE76D
:1036B00004984068B0F5803F09D1FFE743F6000168
:1036C000C4F20201086840F48030086020E00498E9
:1036D0004068B0F5A02F0DD1FFE743F60001C4F21A
:1036E0000201086840F480200860086840F48030D7
:1036F00008600CE043F60001C4F20201086820F4FF
:1037000080300860086820F480200860FFE7FFE749
:10371000FFE704984068E8B1FFE7FEF733FB03904A
:10372000FFE743F60000C4F20200006800F4003135
:103730000020B0EB514F0CD1FFE7FEF723FB0399BC
:10374000401A652804D3FFE703208DF81700C6E26E
:10375000E7E71CE0FEF716FB0390FFE743F60000E7
:10376000C4F20200006800F400310020B0EB514FB9
:103770000CD0FFE7FEF706FB0399401A652804D337
:10378000FFE703208DF81700A9E2E7E7FFE7FFE76F
:10379000FFE7049800788007002840F19680FFE753
:1037A00043F60800C4F20200006810F00C0F13D0BA
:1037B000FFE743F60800C4F20200006800F00C00C6
:1037C00008282CD1FFE743F60400C4F20200006889
:1037D0004002002823D4FFE743F60000C4F20200B1
:1037E000006800F002010020B0EB510F09D0FFE7A4
:1037F0000498C068012804D0FFE701208DF8170065
:103800006DE243F60001C4F20201086820F0F800FE
:10381000049A126940EAC2000860FFE754E0049885
:10382000C06870B3FFE70021C4F24721012008609F
:10383000FEF7A8FA0390FFE743F60000C4F2020087
:10384000006800F002010020B0EB510F0CD1FFE73F
:10385000FEF798FA0399401A032804D3FFE70320E0
:103860008DF817003BE2E7E743F60001C4F20201DE
:10387000086820F0F800049A126940EAC200086063
:1038800021E00021C4F2472100200860FEF77AFA07
:103890000390FFE743F60000C4F20200006800F066
:1038A00002010020B0EB510F0CD0FFE7FEF76AFADF
:1038B0000399401A032804D3FFE703208DF817006B
:1038C0000DE2E7E7FFE7FFE7FFE70498007800076E
:1038D00000284BD5FFE70498406918B3FFE740F68E
:1038E0008061C4F2472101200860FEF74BFA039083
:1038F000FFE743F67400C4F20200006800F0020122
:103900000020B0EB510F0CD1FFE7FEF73BFA039913
:10391000401A032804D3FFE703208DF81700DEE1E7
:10392000E7E722E040F68061C4F24721002008600A
:10393000FEF728FA0390FFE743F67400C4F2020092
:10394000006800F002010020B0EB510F0CD0FFE73F
:10395000FEF718FA0399401A032804D3FFE703205F
:103960008DF81700BBE1E7E7FFE7FFE70498007871
:103970004007002840F1CE80FFE700208DF80700C7
:1039800043F64000C4F202000068C000002815D4CD
:10399000FFE7FFE70020009043F64000C4F202007A
:1039A000016841F080510160006800F08050009093
:1039B0000098FFE701208DF80700FFE747F20000BD
:1039C000C4F200000068C005002822D4FFE747F2D7
:1039D0000001C4F20001086840F480700860FEF73E
:1039E000D1F90390FFE747F20000C4F2000000683D
:1039F000C00500280CD4FFE7FEF7C4F90399401A6C
:103A0000032804D3FFE703208DF8170067E1EAE7F6
:103A1000FFE7FFE704988068012809D1FFE743F634
:103A20007001C4F20201086840F0010008601FE064
:103A30000498806805280DD1FFE743F67001C4F2B1
:103A40000201086840F004000860086840F00100C6
:103A500008600CE043F67001C4F20201086820F02F
:103A600001000860086820F004000860FFE7FFE735
:103A7000FFE704988068F8B1FFE7FEF783F9039049
:103A8000FFE743F67000C4F20200006800F0020194
:103A90000020B0EB510F0ED1FFE7FEF773F9039949
:103AA000401A41F28931884204D3FFE703208DF8A0
:103AB000170014E1E5E71EE0FEF764F90390FFE765
:103AC00043F67000C4F20200006800F0020100201A
:103AD000B0EB510F0ED0FFE7FEF754F90399401AEF
:103AE00041F28931884204D3FFE703208DF81700A3
:103AF000F5E0E5E7FFE79DF80700012809D1FFE7BA
:103B000043F64001C4F20201086820F080500860CA
:103B1000FFE7FFE704988069002800F0DC80FFE7FA
:103B200043F60800C4F20200006800F00C00082808
:103B300000F08580FFE70498806902285CD1FFE7E8
:103B40006021C4F2472100200860FEF71BF90390B2
:103B5000FFE743F60000C4F20200006800F00071C5
:103B60000020B0EB516F0CD0FFE7FEF70BF9039983
:103B7000401A032804D3FFE703208DF81700AEE0B6
:103B8000E7E70499C869D1F820C04B6A8A6A40EA1D
:103B90000C0040EA8310D2034FF6FF739A43A2F55C
:103BA00080321043C96A40EA016043F60401C4F25E
:103BB000020108606021C4F2472101200860FEF77D
:103BC000E1F80390FFE743F60000C4F2020000684A
:103BD00000F000710020B0EB516F0CD1FFE7FEF751
:103BE000D1F80399401A032804D3FFE703208DF886
:103BF000170074E0E7E721E06021C4F247210020CC
:103C00000860FEF7BFF80390FFE743F60000C4F238
:103C10000200006800F000710020B0EB516F0CD082
:103C2000FFE7FEF7AFF80399401A032804D3FFE734
:103C300003208DF8170052E0E7E7FFE74AE0049819
:103C40008069012804D1FFE701208DF8170046E0C4
:103C500043F60400C4F202000068029004988069F0
:103C6000012831D0FFE7029800F480000499C96967
:103C7000884229D1FFE7029800F03F000499096AC1
:103C8000884221D1FFE7029847F6C07108400499A5
:103C9000496AB0EB811F17D1FFE7029800F440306A
:103CA0000499896AC9034FF6FF729143A1F58031E7
:103CB000884209D1FFE7029800F070600499C96A50
:103CC000B0EB016F04D0FFE701208DF8170006E08C
:103CD000FFE7FFE7FFE700208DF81700FFE79DF8FB
:103CE000170006B080BD000080B584B00290029835
:103CF00020B9FFE701208DF80F0071E00298406ABB
:103D000060B9FFE702984068B0F5827F01D1FFE714
:103D100003E002990020C861FFE705E00299002056
:103D2000086102994861FFE70299002088620298C1
:103D300090F8510040B9FFE70299002081F8500047
:103D4000029800F051F8FFE70299022081F8510033
:103D500002980168086820F040000860029A019209
:103D600011685068D2F808C0D36800F482700CF46F
:103D7000044C604403F400631844136903F0020325
:103D80001844536903F001031844936903F4007362
:103D90001844D36903F038031844136A03F080030E
:103DA0001843926A02F4005210430860029A508B42
:103DB00000F004001168526A02F0100210444860DA
:103DC00002980168C86920F40060C8610299002067
:103DD0004865029A012182F851108DF80F00FFE723
:103DE0009DF80F0004B080BD80B58AB00990002016
:103DF000089007900690059004900998006843F297
:103E00000001C4F20101884233D1FFE7FFE700203F
:103E1000039043F64400C4F20200016841F480516B
:103E20000160006800F4805003900398FFE7FFE70B
:103E30000020029043F63000C4F20200016841F015
:103E400001010160006800F0010002900298FFE7A4
:103E5000E0200490022005900020069003200790A7
:103E6000052008900020C4F2020004A9FDF796FD89
:103E70003EE00998006843F60041C4F20001884220
:103E800035D1FFE7FFE70020019043F64000C4F280
:103E90000200016841F400410160006800F4004044
:103EA00001900198FFE7FFE70020009043F6300003
:103EB000C4F20200016841F004010160006800F0F2
:103EC000040000900098FFE74FF4E05004900220B7
:103ED000059000200690032007900620089040F6E9
:103EE0000000C4F2020004A9FDF758FDFFE7FFE758
:103EF0000AB080BD80B582B00190019801F0FEF952
:103F000002B080BD85B003900291FFE7039890F85E
:103F10003C00012804D1FFE702208DF813007EE069
:103F20000399012081F83C00FFE7FFE70399022095
:103F300081F83D000398006840680190039800688C
:103F400080680090019820F070000190029801684C
:103F50000198084301900198039909684860039803
:103F600000680021C4F2010188423CD0FFE70398B9
:103F70000068B0F1804F36D0FFE70398006840F248
:103F80000041C4F2000188422DD0FFE70398006889
:103F900040F60001C4F20001884224D0FFE70398F4
:103FA000006840F60041C4F2000188421BD0FFE7E0
:103FB0000398006840F20041C4F20101884212D027
:103FC000FFE70398006844F20001C4F2010188424F
:103FD00009D0FFE70398006841F60001C4F2000130
:103FE00088420ED1FFE7009820F0800000900298F0
:103FF0004168009808430090009803990968886018
:10400000FFE70399012081F83D00FFE703990020B5
:1040100081F83C00FFE700208DF81300FFE79DF8D2
:10402000130005B07047000080B582B00090009882
:1040300020B9FFE701208DF807003FE0009890F8D5
:104040003D0040B9FFE70099002081F83C0000984E
:1040500000F038F8FFE70099022081F83D00009950
:1040600051F8040B01F0E0F90099012081F84600B5
:10407000FFE70099012081F83E00009981F83F0098
:10408000009981F84000009981F84100FFE7FFE7BF
:104090000099012081F84200009981F843000099BD
:1040A00081F84400009981F84500FFE7009901205C
:1040B00081F83D0000208DF80700FFE79DF807001C
:1040C00002B080BD82B0019001980068B0F1804FCD
:1040D00012D1FFE7FFE70020009043F64000C4F252
:1040E0000200016841F001010160006800F0010078
:1040F00000900098FFE7FFE702B0704780B586B0F8
:104100000490039100208DF80B00FFE7049890F8CD
:104110003C00012804D1FFE702208DF81700ABE036
:104120000499012081F83C00FFE7FFE70499022091
:1041300081F83D000498006880680190019820F0A3
:1041400077000190019820F47F4001900198049934
:1041500009688860039800680090002872D0FFE723
:10416000009810286ED0FFE7009820286AD0FFE75B
:104170000098302866D0FFE70098402855D0FFE728
:104180000098502837D0FFE70098602840D0FFE71C
:10419000009870280BD0FFE70098B0F5805F05D03D
:1041A000FFE70098B0F5005F16D052E055E00498A4
:1041B0000068039B5A689968DB6801F003FA049869
:1041C000006880680190019840F0770001900198A4
:1041D00004990968886040E004980068039B5A6865
:1041E0009968DB6801F0EEF904980168886840F48A
:1041F0008040886031E004980068039A5168D26872
:1042000001F010FA04980068502101F0F5F924E05B
:1042100004980068039A5168D26801F02BFA049858
:104220000068602101F0E8F917E004980068039A3B
:104230005168D26801F0F6F904980068402101F055
:10424000DBF90AE0049800680399096801F0D4F9E1
:1042500003E001208DF80B00FFE70499012081F8AD
:104260003D00FFE70499002081F83C00FFE79DF83E
:104270000B008DF81700FFE79DF8170006B080BD12
:1042800082B00190ADF8021002B0704781B000908A
:1042900001B0704780B592B0119011980068006825
:1042A000109011980068C0680F90119800684069DC
:1042B0000E9000200D900C90109800F00F000D90C3
:1042C0000D9888B9FFE79DF84000800600280AD5C0
:1042D000FFE79DF83C008006002804D5FFE7119811
:1042E00001F060FAE3E1FFE70D98002800F0C280DA
:1042F000FFE79DF83800C00738B9FFE7BDF83C007C
:1043000010F4907F00F0B680FFE79DF84000C007F2
:1043100058B1FFE79DF83D00C00730B1FFE71199A4
:10432000086C40F001000864FFE79DF8400040077A
:1043300000280BD5FFE79DF83800C00730B1FFE734
:104340001199086C40F002000864FFE79DF84000F6
:10435000800700280BD5FFE79DF83800C00730B173
:10436000FFE71199086C40F004000864FFE79DF82E
:1043700040000007002811D5FFE79DF83C008006AB
:10438000002805D4FFE79DF83800C00730B1FFE7EB
:104390001199086C40F008000864FFE71198006C60
:1043A000002866D0FFE79DF84000800600280AD567
:1043B000FFE79DF83C008006002804D5FFE7119830
:1043C00001F0F0F9FFE7119800684069C0F3801030
:1043D0000C901198006C0007002804D4FFE70C989B
:1043E00000283ED0FFE7119801F07EF9119800688F
:1043F0004069400600282FD5FFE7FFE7FFE7119847
:10440000006850E8050F20F040000B90FFE70B9983
:104410001198026842E805100028F0D1FFE7FFE795
:104420001198806B98B1FFE71198816B45F2C960D4
:10443000C0F6000008651198806BFDF76BFA28B193
:10444000FFE71198806B016D8847FFE703E0119843
:10445000FFF71CFFFFE703E01198FFF717FFFFE7E7
:1044600006E01198FFF712FF119900200864FFE79A
:10447000FFE71CE11198006B012840F0F880FFE78E
:104480009DF84000C006002840F1F180FFE79DF84C
:104490003C00C006002840F1EA80FFE7FFE700206B
:1044A0000A901198006800680A90119800684068A6
:1044B0000A900A98FFE711980068406940060028B2
:1044C0007ED5FFE71198806B00684068ADF8260044
:1044D000BDF82600002872D0FFE7BDF8260011992C
:1044E000898D88426BDAFFE7BDF826001199C885EF
:1044F0001198806BC069B0F5807F58D0FFE7FFE767
:10450000FFE71198006850E8030F20F480700890CE
:10451000FFE708991198026842E803100028F0D1DB
:10452000FFE7FFE7FFE7FFE71198006850E8050F96
:1045300020F001000790FFE707991198026842E810
:1045400005100028F0D1FFE7FFE7FFE7FFE711982C
:10455000006850E8050F20F040000690FFE706993C
:104560001198026842E805100028F0D1FFE7FFE744
:104570001199202081F83E00119900200863FFE77F
:10458000FFE71198006850E8030F20F01000059035
:10459000FFE705991198026842E803100028F0D15E
:1045A000FFE7FFE71198806BFDF73EF9FFE71198F1
:1045B000818DC28D891A89B2FFF762FEFFE776E02E
:1045C0001199888DC98D401AADF812001198C08DCF
:1045D00000284BD0FFE7BDF81200002846D0FFE7C7
:1045E000FFE7FFE71198006850E8030F20F4907090
:1045F0000390FFE703991198026842E8031000282E
:10460000F0D1FFE7FFE7FFE7FFE71198006850E808
:10461000050F20F001000290FFE70299119802684F
:1046200042E805100028F0D1FFE7FFE711992020AC
:1046300081F83E00119900200863FFE7FFE7119819
:10464000006850E8030F20F010000190FFE7019987
:104650001198026842E803100028F0D1FFE7FFE755
:104660001198BDF81210FFF70BFEFFE71FE09DF851
:104670004000000600280AD5FFE79DF83C00000630
:10468000002804D5FFE7119801F014FA0FE09DF817
:104690004000400600280AD5FFE79DF83C00400690
:1046A000002804D5FFE7119801F068F8FFE712B081
:1046B00080BD000080B582B00090009820B9FFE76F
:1046C00001208DF807003EE00098806908B1FFE7FF
:1046D00000E0FFE7009890F83D0040B9FFE700993F
:1046E000002081F83C00009800F032F8FFE70099C4
:1046F000242081F83D0000980168C86820F400502B
:10470000C860009801F000F900980168086920F479
:104710009040086100980168486920F02A004861CB
:1047200000980168C86840F40050C86000990020F3
:104730000864009A202182F83D10009A82F83E1009
:104740008DF80700FFE79DF8070002B080BD00006C
:1047500080B58AB0099000200890079006900590D7
:1047600004900998006841F20001C4F201018842F6
:104770003ED1FFE7FFE70020039043F64400C4F278
:104780000200016841F010010160006800F01000B3
:1047900003900398FFE7FFE70020029043F6300004
:1047A000C4F20200016841F002010160006800F0FB
:1047B000020002900298FFE7C020049002200590BA
:1047C000002000900690032007900720089040F2F8
:1047D0000040C4F2020004A9FDF7E0F8009A252089
:1047E00001901146FDF766FB0198FDF759FBFFE7C5
:1047F0000AB080BD80B584B002900191ADF802206E
:10480000029890F83E00202828D1FFE7019820B1B7
:10481000FFE7BDF8020020B9FFE701208DF80F0087
:1048200020E0FFE7029890F83C00012804D1FFE760
:1048300002208DF80F0015E00299012081F83C005C
:10484000FFE7FFE702990020086302980199BDF88D
:10485000022001F0F7F88DF80F0003E002208DF838
:104860000F00FFE79DF80F0004B080BD80B582B057
:10487000019040F2F600C2F200000078D8B1FFE7E4
:104880000198006841F20001C4F20101884211D18F
:10489000FFE740F20010C2F200000090007800F044
:1048A000E5FC009941F6B460C2F200000122FFF776
:1048B000A1FFFFE7FFE702B080BD000081B00090DC
:1048C00001B07047FFE7FEE783B0029001918DF8D9
:1048D000032000208DF802008DF80200FFE79DF80C
:1048E00002009DF80310884229DAFFE70298000FC2
:1048F000092809D8FFE70298000F303001999DF888
:10490000022001F8120009E00299372000EB117033
:1049100001999DF8022001F81200FFE702980001BA
:10492000029001989DF8021000EB410100204870B0
:10493000FFE79DF8020001308DF80200CFE703B0D9
:104940007047000080B582B001900198FBF77BFCB6
:10495000ADF802000020ADF80000FFE7BDF8000050
:10496000BDF8021088420DDAFFE70198BDF800108B
:10497000405C00F07BFCFFE7BDF800000130ADF8C3
:104980000000EBE702B080BD80B582B041F6840044
:10499000C2F20000009046F20041C4F20001016042
:1049A00010214160002101918160C160016141617C
:1049B000017641768176C17601774177FCF7FCFD7F
:1049C00018B1FFE7FCF7C6FDFFE702B080BD0000AD
:1049D00080B59AB0002019901890179016901590F5
:1049E000FFE70020149043F63000C4F20200016893
:1049F00041F010010160006800F01000149014985C
:104A0000FFE7FFE70020139043F63000C4F20200F6
:104A1000016841F004010160006800F00400139097
:104A20001398FFE7FFE70020129043F63000C4F22E
:104A30000200016841F080010160006800F0800020
:104A400012901298FFE7FFE70020119043F6300024
:104A5000C4F20200016841F001010160006800F049
:104A6000010011901198FFE7FFE70020109043F636
:104A70003000C4F20200016841F0020101600068E8
:104A800000F0020010901098FFE7FFE700200F9061
:104A900043F63000C4F20200016841F008010160F1
:104AA000006800F008000F900F98FFE70020C4F2A4
:104AB000020002900B21019100220C92FDF74AF9AD
:104AC0000C9A40F60000C4F20200049030210391D9
:104AD000FDF740F90C9A40F20040C4F20200069043
:104AE00041F602010591FDF735F90C9A41F20000FB
:104AF000C4F2020008904BF280510791FDF72AF9A9
:104B00000C9A40F60040C4F202000D904FF4506140
:104B10000991FDF71FF908980C9944F67F22159228
:104B200003220B921692179115A90E91FCF736FFEE
:104B300004980B9B0C9A0E994EF2CF3CCDF854C0C2
:104B400016931792FCF72AFF019B02980C9A0E9974
:104B5000159301230A93169317921892FCF71EFFE0
:104B600002980B9B0C9A0E9948F2147CCDF854C015
:104B700016931792FCF712FFDDF80CC004980A9BFD
:104B80000C9A0E99CDF854C0169317921892FCF710
:104B900005FF06980B9B0C9A0E994EF23D7CCDF8C2
:104BA00054C016931792FCF7F9FEDDF814C006986E
:104BB0000A9B0C9A0E99CDF854C01693179218922E
:104BC000FCF7ECFEDDF81CC008980A9B0C9A0E99C5
:104BD000CDF854C0169317921892FCF7DFFEDDF85B
:104BE00024C00A9B0C9A0D980E99CDF854C01693C8
:104BF00017921892FCF7D2FE0B9B0C9A0D980E9907
:104C00004FF2FC2CCDF854C016931792FCF7C6FE59
:104C10001AB080BD80B582B041F6BC50C2F200002F
:104C2000009043F20001C4F2010101604FF482716F
:104C30004160002101918160C160016141614FF4D7
:104C400000728261C1610162416281620A21C162B6
:104C5000FFF74AF818B1FFE7FCF77CFCFFE702B06A
:104C600080BD000080B582B041F61460C2F2000041
:104C7000009043F60041C4F2000101604FF48271DC
:104C80004160002101918160C160016141614FF487
:104C900000728261C1610162416281620A21C16266
:104CA000FFF722F818B1FFE7FCF754FCFFE702B06A
:104CB00080BD000080B588B0002101910791069168
:104CC000059104910391029141F66C60C2F20000DB
:104CD0004FF080420260416081604FF0FF32C2605D
:104CE00001618161FFF7A0F918B1FFE7FCF732FC21
:104CF000FFE74FF48050049041F66C60C2F2000070
:104D000004A9FFF7FBF918B1FFE7FCF723FCFFE765
:104D100000200290039041F66C60C2F2000002A9EC
:104D2000FFF7F0F818B1FFE7FCF714FCFFE708B055
:104D300080BD000080B582B041F6B460C2F20000D0
:104D4000019041F20001C4F2010101604FF4E13130
:104D5000416000218160C16001610C22426181617A
:104D6000C161FFF7A7FC18B1FFE7FCF7F3FBFFE712
:104D700002B080BD80B541F2A850C2F2000040F2FE
:104D80000801C2F20001002202F082F818B1FFE728
:104D9000FCF7E0FBFFE741F2A850C2F2000040F24E
:104DA0002801C2F2000102F073FD18B1FFE7FCF721
:104DB000D1FBFFE741F2A850C2F2000040F2C4016B
:104DC000C2F2000101F09EFA18B1FFE7FCF7C2FB46
:104DD000FFE741F2A850C2F2000002F0E3FE18B172
:104DE000FFE7FCF7B7FBFFE780BD0000FFE7FEE74A
:104DF000FFE7FEE788B0079006910592079800F05C
:104E0000070004900498C0F10700052803D3FFE7CA
:104E10000420019004E00498C0F107000190FFE72E
:104E20000198039004980430062803D8FFE7002077
:104E3000009003E0049803380090FFE70098029088
:104E400006980399012202FA01F101390840029BF8
:104E5000984005999A40013A1140084308B07047BC
:104E600080B541F6B000C2F20000FDF749FB80BDFD
:104E700080B586B00590049105980068039003986A
:104E800002900398006C01900298049900EB411085
:104E9000D0F8080B0090019843F20B01C4F654714E
:104EA00088420FD3FFE79DF801000006002809D5CE
:104EB000FFE70298049900EB41114FF40040C1F85C
:104EC000080BFFE70598FEF775F9019843F20B010F
:104ED000C4F6547188420DD3FFE705980069012894
:104EE00008D1FFE70599086801F2C442012103F0E7
:104EF00099FDFFE7002006B080BD000080B588B0B6
:104F0000079006910798006804900498039004980D
:104F1000006C02900398069900EB4110D0F8080B42
:104F2000019007980069012840F08180FFE79DF813
:104F300004000007002818D5FFE7029843F20B0190
:104F4000C4F6547188420FD3FFE79DF805000006B0
:104F5000002809D5FFE70398069900EB41114FF4AB
:104F60000040C1F8080BFFE760E09DF804008006F0
:104F7000002808D5FFE70398069900EB411120208F
:104F8000C1F8080B51E09DF8040010F0280F4AD139
:104F9000FFE7029843F20B01C4F6547188420FD325
:104FA000FFE79DF805000006002809D5FFE70398F4
:104FB000069900EB41114FF40040C1F8080B31E0B5
:104FC0000798069901EBC10100EB810000F51F7005
:104FD00005900598C0690399069A01EB4211D1F832
:104FE000101B6FF3DF41401A05990862069898B9C3
:104FF000FFE70598806940B9FFE70799086801F263
:10500000C442012103F00EFD05E0059908690A6A12
:1050100010440861FFE7FFE707989DF81810FCF7B8
:10502000E9FFFFE700E0FFE7FFE7FFE747E002985F
:1050300043F20A11C4F65471884224D1FFE79DF867
:1050400005000006002809D5FFE70398069900EB44
:1050500041114FF40040C1F8080B13E09DF8040023
:105060008006002808D5FFE70398069900EB411158
:105070002020C1F8080BFFE707989DF81810FCF7EF
:10508000B9FFFFE71AE0069890B9FFE7079806997D
:1050900001EBC10100EB8100D0F8940240B9FFE7B9
:1050A0000799086801F2C442002103F0BBFCFFE746
:1050B00007989DF81810FCF79DFFFFE7FFE7002019
:1050C00008B080BD80B58CB00A9009910A9800683C
:1050D0000890089807900A98099901EBC10100EB24
:1050E00081003C30069006988169006A884204D9A4
:1050F000FFE701208DF82F0079E006998869096A99
:10510000401A059005980699C968884204D9FFE7B6
:105110000698C0680590FFE7059803308008049062
:10512000FFE70798099900EB4110D0F8180981B200
:10513000049A0020914202900FD3FFE706988269FB
:10514000016A00209142029007D2FFE70698806929
:10515000002818BF01200290FFE70298C00770B333
:10516000FFE706998869096A401A0590059806992B
:10517000C968884204D9FFE70698C0680590FFE730
:1051800005980330800804900898069909699DF8ED
:105190002420BDF81430DDF828C09CF810C0EE467D
:1051A000CEF800C004F078FA059A06990869104410
:1051B0000861059A0699086A10440862B1E70699E1
:1051C0008869096A88420ED8FFE7099800F00F0144
:1051D000012088400390039A0799D1F8340890433E
:1051E000C1F83408FFE700208DF82F00FFE79DF895
:1051F0002F000CB080BD00007047000080B583B068
:10520000019041F6F861C2F2000191F860000130AE
:1052100000F007008DF803009DF8030091F861107D
:10522000884204D1FFE700208DF80B001AE041F618
:10523000F861C2F2000191F8600000EB400E01EB52
:105240008E02019BD3F800C058689B6841F82EC0BD
:10525000936050609DF8030081F8600001208DF894
:105260000B00FFE79DF80B0003B080BD81B08DF807
:10527000030041F6AC00C2F20000008801306FF379
:105280009F20ADF80000BDF8000041F65C71C2F24D
:1052900000010988884210D0FFE79DF8030041F61D
:1052A000AC01C2F200010B8841F65E72C2F200024C
:1052B000D054BDF800000880FFE701B0704700003F
:1052C0007047000084B00390039800900098007825
:1052D000ADF8080000980130009000980078ADF813
:1052E0000600BDF80610BDF8080040EA0120ADF840
:1052F0000A00BDF80A0004B07047000080B582B013
:10530000009000980138B0F1807F03D3FFE70120BF
:10531000019019E0009801384EF21401CEF200011C
:1053200008604FF0FF300F2104F01AFA4EF2180116
:10533000CEF20001002008604EF21002CEF2000210
:10534000072111600190FFE7019802B080BD0000C5
:1053500080B5FCF71DFD80BD80B594B008A8302154
:10536000FAF766FF002007900690059004900390DE
:10537000FFE70020029043F64000C4F202000168FB
:1053800041F080510160006800F080500290029866
:10539000FFE7FFE70020019047F20000C4F20000A1
:1053A000016841F480410160006800F48040019090
:1053B0000198FFE7012008904FF480300990022007
:1053C0000E904FF480010F9104211091A8211191AA
:1053D00012900720139008A8FEF726F918B1FFE7EE
:1053E000FCF7B8F8FFE70F2003900220049000209C
:1053F00005904FF4A05006904FF48050079003A8FA
:105400000521FDF741FF18B1FFE7FCF7A3F8FFE71F
:1054100014B080BD4EF68851CEF20001086840F409
:10542000700008607047000083B0029001910298FC
:105430000068009002980021C4F20101884225D042
:10544000FFE70298B0F1804F20D0FFE7029840F2CA
:105450000041C4F20001884218D0FFE7029840F6EC
:105460000001C4F20001884210D0FFE7029840F624
:105470000041C4F20001884208D0FFE7029840F2E0
:105480000041C4F2010188420AD1FFE7009820F0F0
:105490007000009001984168009808430090FFE771
:1054A00002980021C4F20101884255D0FFE702981A
:1054B000B0F1804F50D0FFE7029840F20041C4F2B3
:1054C0000001884248D0FFE7029840F60001C4F28C
:1054D0000001884240D0FFE7029840F60041C4F244
:1054E0000001884238D0FFE7029840F20041C4F240
:1054F0000101884230D0FFE7029844F20001C4F273
:105500000101884228D0FFE7029844F20041C4F22A
:105510000101884220D0FFE7029844F60001C4F25E
:105520000101884218D0FFE7029841F60001C4F259
:105530000001884210D0FFE7029841F60041C4F212
:105540000001884208D0FFE7029842F20001C4F24D
:10555000000188420AD1FFE7009820F440700090D3
:105560000198C168009808430090FFE7009820F078
:1055700080000199496908430090009802990860E9
:10558000019880680299C86201980068029988624F
:1055900002980021C4F20101884208D0FFE7029876
:1055A00040F20041C4F20101884205D1FFE70198B1
:1055B000006902990863FFE702990120486103B07E
:1055C0007047000085B00490039102920193049803
:1055D00080680090009820F47F4000900398029922
:1055E000019A41EA02210143009808430090009883
:1055F0000499886005B0704783B0029001910298C9
:1056000080680090009820F0700000900198009948
:10561000084340F00700009000980299886003B0AA
:105620007047000085B00490039102920498006ACC
:1056300000900499086A20F00100086204988069CB
:105640000190019820F0F00001900299019840EA41
:1056500001100190009820F00A0000900399009832
:1056600008430090019804998861009804990862A1
:1056700005B0704785B00490039102920499086ABE
:1056800020F0100008620498806901900498006A74
:105690000090019820F4704001900299019840EA2E
:1056A00001300190009820F0A0000090039900982C
:1056B00040EA0110009001980499886100980499CB
:1056C000086205B07047000080B582B00190019873
:1056D000806B009000990020C8850099C8840098CC
:1056E000FEF7D4FD02B080BD84B00390FFE7FFE772
:1056F0000398006850E8030F20F490700290FFE7D1
:1057000002990398026842E803100028F0D1FFE7ED
:10571000FFE7FFE7FFE70398006850E8050F20F078
:1057200001000190FFE701990398026842E8051023
:105730000028F0D1FFE7FFE70398006B012814D1A0
:10574000FFE7FFE7FFE70398006850E8030F20F04A
:1057500010000090FFE700990398026842E80310E8
:105760000028F0D1FFE7FFE7FFE70399202081F849
:105770003E0003990020086304B0704780B582B0F2
:10578000019001980168C86820F04000C860019944
:10579000202081F83D000198FFF790F8002002B02A
:1057A00080BD000080B586B00490049890F83E005B
:1057B000222840F0A180FFE704988068B0F5805F60
:1057C00015D1FFE70498006988B9FFE7002003902E
:1057D0000498806A02900498006840686FF35F2024
:1057E000029908800499886A0230886225E004984A
:1057F000806A03900020029004988068B0F5805F72
:1058000008D0FFE70498806850B9FFE70498006962
:1058100030B9FFE70498006840680399087007E012
:1058200004980068406800F07F0003990870FFE763
:105830000499886A01308862FFE70499C88D0138AD
:10584000C8850004002853D1FFE704980168C868A0
:1058500020F02000C86004980168C86820F48070B7
:10586000C86004980168486920F001004861049903
:10587000202081F83E000498006B012830D1FFE71A
:10588000049900200863FFE7FFE70498006850E8E8
:10589000030F20F010000190FFE7019904980268BF
:1058A00042E803100028F0D1FFE7FFE70498006802
:1058B0000068C00600280ED5FFE7FFE70020009033
:1058C00004980068006800900498006840680090A0
:1058D0000098FFE7FFE70498818DFEF7D1FC03E015
:1058E0000498FEF7C3FFFFE700208DF8170007E0DC
:1058F00000208DF8170003E002208DF81700FFE765
:105900009DF8170006B080BD80B586B0059005985B
:105910000068006920F44050059A1168D26810436D
:105920000861059988680B694A69C9691843104379
:105930000843049005980068C06849F20C618843E8
:105940000499084305990968C8600598006840698A
:1059500020F44070059A11689269104348610598D7
:10596000006841F20001C4F20101884209D0FFE75A
:105970000598006841F20041C4F20101884204D157
:10598000FFE7FDF7CBFD039003E0FDF7B5FD0390C6
:10599000FFE70598C069B0F5004F29D1FFE70398EC
:1059A0001921A0FB0101059A1368029353685A005C
:1059B000DB0FFAF705FC0299864648F21F53C5F241
:1059C000EB13AEFB0320420910014FF0640C02FB05
:1059D0001CEC322202EBCC02A2FB0332F82303EAD6
:1059E000521300EB4300C2F342121044886026E0D9
:1059F00003981921A0FB0101059A136801935368CC
:105A00009A009B0FFAF7DCFB0199844648F21F527B
:105A1000C5F2EB12ACFB02304309642003FB10CC4F
:105A2000322000EB0C10A0FB0202F02000EA521022
:105A300000EB0310C2F3431210448860FFE706B086
:105A400080BD000083B002900191ADF80220019862
:105A500002998862BDF8020002998885BDF80200AB
:105A60000299C8850299002008640299222081F8D1
:105A70003E00FFE70299002081F83C00FFE7029812
:105A8000006938B1FFE702980168C86840F4807087
:105A9000C860FFE702980168486940F0010048616A
:105AA00002980168C86840F02000C860002003B078
:105AB0007047000083B00190019890F83D002128C4
:105AC0003AD1FFE701988068B0F5805F13D1FFE716
:105AD0000198006978B9FFE70198006A0090009882
:105AE00000886FF35F200199096848600199086A8E
:105AF0000230086208E0019A106A411C11620078C5
:105B0000019909684860FFE70199C88C0138C88489
:105B1000000468B9FFE701980168C86820F08000B8
:105B2000C86001980168C86840F04000C860FFE79D
:105B300000208DF80B0003E002208DF80B00FFE73A
:105B40009DF80B0003B0704780B584B041F2A850B7
:105B5000C2F2000090F89C02032801D0FFE756E053
:105B600000208DF80F0041F65C70C2F20000008842
:105B7000ADF80C0041F6AC00C2F200000088ADF8B0
:105B80000A00FFE79DF80F1000203F29019009DC73
:105B9000FFE7BDF80C00BDF80A10401A18BF01203D
:105BA0000190FFE70198C007C8B1FFE7BDF80C10EE
:105BB00041F65E70C2F20000405C9DF80F20511C5F
:105BC0008DF80F1040F20111C2F200018854BDF8A7
:105BD0000C0001306FF39F20ADF80C00D2E79DF868
:105BE0000F00012813DBFFE79DF80F1040F20110B2
:105BF000C2F20000FBF700FC40B9FFE7BDF80C0063
:105C000041F65C71C2F200010880FFE7FFE704B0D3
:105C100080BD000080B541F6B460C2F2000040F2E1
:105C20000011C2F200010122FEF7E4FD80BD000078
:105C300080B541F6B460C2F20000FEF72BFB80BDD8
:105C400080B586B004908DF80F100498D0F8C80283
:105C500001900498D0F8D41200EB8100D0F8C00273
:105C600020B9FFE703208DF817005FE00498D0F813
:105C7000D41200EB8100D0F8C002029004989DF885
:105C80000F1001F00F0101EB810100EB8100806931
:105C900040B3FFE704989DF80F1001F00F0101EBEE
:105CA000810200EB82008269019801EBC10100EBE7
:105CB0008100816CB2FBF1F000FB112090B9FFE78D
:105CC00004989DF80F1001F00F0101EB810100EB2A
:105CD00081000023836104989DF80F101A4601F09B
:105CE00083FD1FE002990020C1F814020498D0F847
:105CF000D41200EB8100D0F8C402006988B1FFE73C
:105D00000498D0F8D41200EB8100D0F8C4020369E3
:105D10000299D1F8080201F504719DF80F20984707
:105D2000FFE7FFE700208DF81700FFE79DF8170059
:105D300006B080BD80B584B002908DF8071002983F
:105D4000D0F8D41200EB8100D0F8C0020090029885
:105D5000D0F8D41200EB8100D0F8C00220B9FFE7E0
:105D600003208DF80F0019E002989DF8071001F04C
:105D7000CBFA0099C1F80C020298D0F8D41200EBCB
:105D80008100D0F8C402C2680099D1F8040201F57C
:105D90000371904700208DF80F00FFE79DF80F007A
:105DA00004B080BD80B586B005908DF813100598BD
:105DB00040F20501C2F200010091097801F0BCF83F
:105DC00000990598097801F00F0101EB810100EBC2
:105DD0008101002003908884059840F20601C2F2F8
:105DE00000010191097801F0A7F8019A039805993B
:105DF000127802F00F0202EB820201EB8201A1F89D
:105E00006401059840F20401C2F200010291097890
:105E100001F092F8029A03980599137803F00F03A2
:105E200003EB830301EB830188840599127802F068
:105E30000F0202EB820201EB8201C8840598D0F8C0
:105E4000D41200EB8100D0F8C002F0B1FFE7059852
:105E5000D0F8D41200EB8100D0F8C402406880472B
:105E60000598D0F8D41200EB8100D0F8C00202F0FF
:105E700057F90598D0F8D41200EB81010020C1F841
:105E8000C0020599C1F8BC02FFE7002006B080BD42
:105E900080B584B002900298D0F8D41200EB810053
:105EA000D0F8C0020190019820B9FFE703208DF8D7
:105EB0000F0025E00298D0F8D41200EB8100D0F852
:105EC000C402C8B1FFE7019890F80002FF2813D080
:105ED000FFE70298D0F8D41200EB8100D0F8C4029A
:105EE0008368019991F8000291F80122984701997D
:105EF000FF2081F80002FFE700208DF80F00FFE788
:105F00009DF80F0004B080BD81B0009000990A2078
:105F1000088040F2A400C2F2000001B07047000007
:105F200080B586B0059040F26000C2F2000001909A
:105F3000822100F09BFE014601980491012100F0AE
:105F400095FE014601980391812100F08FFE029099
:105F5000049820B1FFE7049910208871FFE70398A7
:105F600020B1FFE7039940208880FFE7029820B125
:105F7000FFE7029940208880FFE7059943200880C9
:105F800040F26000C2F2000006B080BD80B586B06D
:105F9000059040F26000C2F200000190822100F002
:105FA00065FE014601980491012100F05FFE014663
:105FB00001980391812100F059FE0290049820B1CC
:105FC000FFE7049910208871FFE7039828B1FFE7E5
:105FD00003994FF400708880FFE7029828B1FFE72B
:105FE00002994FF400708880FFE7059943200880EC
:105FF00040F26000C2F2000006B080BD80B586B0FD
:10600000059040F26000C2F200000190822100F091
:106010002DFE014601980491012100F027FE014662
:1060200001980391812100F021FE0290049820B193
:10603000FFE7049910208871FFE7039820B1FFE77C
:10604000039940208880FFE7029820B1FFE702997A
:1060500040208880FFE705994320088040F26000D7
:10606000C2F2000006B080BD80B590B00E908DF8F1
:1060700037104FF4077002F057F80C900C9860B985
:10608000FFE70E98D0F8D41200EB81010020C1F890
:10609000C00202208DF83F00F0E00C984FF4077129
:1060A000FAF7C6F80C980E99D1F8D42201EB8201C8
:1060B000C1F8C0020E99D1F8D40201EB8000D0F8EB
:1060C000C002C1F8BC020E98007C002840D1FFE756
:1060D0000E9840F20501C2F20001079109780222F0
:1060E00008924FF40073099301F0FAF90799089A9E
:1060F000099B0E98097801F00F0101EB810100EB7B
:10610000810101200B9088840E9840F20601C2F2B2
:1061100000010A91097801F0E3F90A9A0B980E99A7
:10612000127802F00F0202EB820201EB8201A1F869
:1061300064010E9840F20401C2F20001097801F0F6
:106140000F0101EB810100EB81011020C8843EE0CA
:106150000E9840F20501C2F2000102910978022274
:1061600003924023049301F0BBF90299039A049B24
:106170000E98097801F00F0101EB810100EB81011C
:106180000120069088840E9840F20601C2F20001B8
:106190000591097801F0A4F9059A06980E991278EC
:1061A00002F00F0202EB820201EB8201A1F864010E
:1061B0000E9840F20401C2F20001097801F00F01CB
:1061C00001EB810100EB81011020C884FFE70E98EC
:1061D00040F20401C2F20001009109780322082371
:1061E00001F07EF900990E98097801F00F0101EB9A
:1061F000810100EB8101012088840C99002001902D
:10620000C1F804020E98D0F8D41200EB8100D0F847
:10621000C4020068804701980C99C1F814020C99D7
:10622000C1F818020C98D0F8040220B9FFE7022048
:106230008DF83F0022E00E98007C70B9FFE70E98C1
:1062400040F20601C2F2000109780C9AD2F8042249
:106250004FF4007301F06AF90CE00E9840F2060169
:10626000C2F2000109780C9AD2F80422402301F00E
:106270005DF9FFE700208DF83F00FFE79DF83F0044
:1062800010B080BD80B584B002900298D0F8D412CE
:1062900000EB8100D0F8C00201900298D0F8D4122F
:1062A00000EB8100D0F8C00220B9FFE703208DF891
:1062B0000F0022E00298007C70B9FFE7029840F2DC
:1062C0000601C2F200010978019AD2F804224FF4C3
:1062D000007301F02BF90CE0029840F20601C2F2C3
:1062E00000010978019AD2F80422402301F01EF936
:1062F000FFE700208DF80F00FFE79DF80F0004B0C6
:1063000080BD000083B001900091009820B9FFE7A4
:1063100003208DF80B000BE000980199D1F8D422EE
:1063200001EB8201C1F8C40200208DF80B00FFE7E9
:106330009DF80B0003B0704784B002900191029861
:10634000D0F8D41200EB8100D0F8C0020090009881
:1063500020B9FFE703208DF80F0007E001980099AE
:10636000C1F8040200208DF80F00FFE79DF80F0030
:1063700004B0704785B00390029101920398D0F861
:10638000D41200EB8100D0F8C0020090009820B930
:10639000FFE703208DF813000BE002980099C1F885
:1063A000080201980099C1F8100200208DF813002E
:1063B000FFE79DF8130005B07047000080B58AB074
:1063C000089007910898D0F8D41200EB8100D0F81B
:1063D000C002069000208DF81500ADF812008DF86F
:1063E0001100069820B9FFE703208DF82700C7E0C9
:1063F0000798007800F060000146039100285ED005
:10640000FFE70398202840F0AE80FFE70798C08898
:10641000002846D0FFE7079800780006002823D51B
:10642000FFE70898D0F8D41200EB8100D0F8C4023E
:106430008368079A50780699D28898470798C08849
:10644000082803D3FFE70720029003E00798C088DD
:106450000290FFE70298ADF8160008980699BDF87B
:10646000162000F081F91BE007984078069981F822
:1064700000020798C0883F2804D8FFE70798C08823
:10648000019002E040200190FFE70198069981F811
:1064900001020898069991F8012200F037F9FFE708
:1064A0000CE00898D0F8D41200EB8100D0F8C402B8
:1064B00083680799487800229847FFE75BE00798D0
:1064C0004078014600910B2844D80099DFE801F09C
:1064D000064142424242424242421C32089890F8EF
:1064E0009C02032807D1FFE708980DF11201022250
:1064F00000F03AF907E00898079900F0F9F803204E
:106500008DF81100FFE72DE0089890F89C02032811
:1065100007D1FFE708980DF11501012200F024F9D9
:1065200007E00898079900F0E3F803208DF81100C0
:10653000FFE717E0089890F89C02032808D0FFE7CF
:106540000898079900F0D4F803208DF81100FFE7B0
:1065500008E007E00898079900F0CAF803208DF8D2
:106560001100FFE707E00898079900F0C1F8032041
:106570008DF81100FFE79DF811008DF82700FFE767
:106580009DF827000AB080BD80B584B002900298C3
:10659000D0F8D41200EB8100D0F8C00201900120A5
:1065A0008DF803000298D0F8D41200EB8100D0F8E7
:1065B000C00220B9FFE703208DF80F002AE0019800
:1065C000D0F8140208BBFFE701990120C1F81402BA
:1065D0000198D0F81002029A40F20501C2F20001BF
:1065E0000B7803F00F0303EB830302EB830290614C
:1065F00002980978019BD3F80822D3F8103201F0F1
:10660000F3F800208DF80300FFE79DF803008DF8F4
:106610000F00FFE79DF80F0004B080BD80B582B089
:1066200001908DF8031000208DF802000198D0F839
:10663000B8124A689DF80310904720B1FFE7032085
:106640008DF80200FFE79DF8020002B080BD000057
:1066500080B582B001900091019890F89C020138B9
:1066600002280ED8FFE700984088012808D1FFE7EC
:1066700001990020C1F8A402019800F08FF8FFE70B
:1066800004E00198009900F033F8FFE702B080BD04
:1066900082B001908DF80310002002B07047000016
:1066A00082B001908DF80310002002B07047000006
:1066B00080B584B00390029101920398029A019BE5
:1066C0000021009100F032FF009804B080BD00006E
:1066D00080B584B00390029101920398029A019BC5
:1066E0000021009101F080F8009804B080BD000006
:1066F00080B582B0019000910198802101F02CF8C2
:106700000198002101F028F802B080BD80B584B066
:1067100003900291019203990320C1F89402019819
:106720000399C1F8580101980399C1F85C010398D5
:10673000029A019B0021009100F0F8FE009804B03D
:1067400080BD000080B582B0019001990520C1F89C
:10675000940201980023009319461A4600F0E6FEC1
:10676000009802B080BD000080B584B00390029113
:10677000019203990220C1F894020198039988615B
:1067800001980399C8610398029A019B0021009126
:1067900001F02AF8009804B080BD000080B582B0F6
:1067A000019001990420C1F89402019800230093FC
:1067B00019461A4601F018F8009802B080BD000092
:1067C00080B582B08DF8070000919DF8070060B990
:1067D000FFE7009A4AF2D810C0F6000040F24411D8
:1067E000C2F2000100F0DEFA0BE0009A4AF2D81083
:1067F000C0F6000040F24411C2F2000100F0D2FAEB
:10680000FFE740F24410C2F2000002B080BD000079
:1068100082B08DF80700009100991220088040F2A4
:10682000B000C2F2000002B07047000080B582B034
:106830008DF8070000919DF8070060B9FFE7009A06
:106840004AF2CA10C0F6000040F24411C2F2000140
:1068500000F0A8FA0BE0009A4AF2CA10C0F6000055
:1068600040F24411C2F2000100F09CFAFFE740F24E
:106870004410C2F2000002B080BD000082B08DF86A
:106880000700009100990420088040F2D800C2F26D
:10689000000002B07047000080B584B08DF80F0092
:1068A0000291029A4AF2E310C0F6000040F244114D
:1068B000C2F20001019100F075FA019804B080BDA8
:1068C00080B582B08DF8070000919DF8070060B98F
:1068D000FFE7009A4AF2F610C0F6000040F24411B9
:1068E000C2F2000100F05EFA0BE0009A4AF2F610E4
:1068F000C0F6000040F24411C2F2000100F052FA6A
:10690000FFE740F24410C2F2000002B080BD000078
:1069100080B582B08DF80700009100991A20088098
:10692000FAF71CFE40F2DC00C2F2000002B080BDAB
:1069300080B584B0039002910298C088012805D0E8
:10694000FFE703980299FFF7D3FE21E0039890F840
:106950009C12481E0191022804D3FFE701980328E6
:106960000AD00FE0039900208860039800F1080125
:106970000122FFF7F9FE0AE00398011D0122FFF74B
:10698000F3FE04E003980299FFF7B2FEFFE7FFE78A
:1069900004B080BD80B588B0079006910020ADF8A6
:1069A000160004908DF80F000698C0780138014653
:1069B0000291062800F21E810299DFE811F007001B
:1069C00011002E001B011B01E80000010798D0F800
:1069D000B4120A68007C0DF116019047049013E18F
:1069E0000798007C60B9FFE70798D0F8B802816A81
:1069F0000DF11600884704900499022048700BE0BE
:106A00000798D0F8B802C16A0DF1160088470490C3
:106A1000049902204870FFE7F6E006988078014666
:106A20000191052800F2A8800199DFE801F0031E1A
:106A300039546F8A0798D0F8B402406850B1FFE724
:106A40000798D0F8B4124A68007C0DF116019047FF
:106A5000049009E007980699FFF74AFE9DF80F0099
:106A600001308DF80F00FFE790E00798D0F8B402EE
:106A7000806850B1FFE70798D0F8B4128A68007CAC
:106A80000DF116019047049009E007980699FFF769
:106A90002FFE9DF80F0001308DF80F00FFE775E025
:106AA0000798D0F8B402C06850B1FFE70798D0F853
:106AB000B412CA68007C0DF116019047049009E0F9
:106AC00007980699FFF714FE9DF80F0001308DF826
:106AD0000F00FFE75AE00798D0F8B402006950B100
:106AE000FFE70798D0F8B4120A69007C0DF116018F
:106AF0009047049009E007980699FFF7F9FD9DF883
:106B00000F0001308DF80F00FFE73FE00798D0F845
:106B1000B402406950B1FFE70798D0F8B4124A694F
:106B2000007C0DF116019047049009E00798069942
:106B3000FFF7DEFD9DF80F0001308DF80F00FFE735
:106B400024E00798D0F8B402806950B1FFE70798B5
:106B5000D0F8B4128A69007C0DF1160190470490B8
:106B600009E007980699FFF7C3FD9DF80F00013073
:106B70008DF80F00FFE709E007980699FFF7B8FDC9
:106B80009DF80F0001308DF80F00FFE73CE00798FB
:106B9000007C48B9FFE70798D0F8B802416B0DF1C7
:106BA00016008847049009E007980699FFF7A0FDB2
:106BB0009DF80F0001308DF80F00FFE724E00798E3
:106BC000007C60B9FFE70798D0F8B802016B0DF1BF
:106BD00016008847049004990720487009E0079838
:106BE0000699FFF785FD9DF80F0001308DF80F0025
:106BF000FFE709E007980699FFF77AFD9DF80F0077
:106C000001308DF80F00FFE79DF80F0008B1FFE796
:106C10002AE00698C08818B3FFE7BDF81600C8B18F
:106C2000FFE7BDF816000699C988884204DAFFE735
:106C3000BDF81600009003E00698C0880090FFE7BA
:106C40000098ADF8160007980499BDF81620FFF7D4
:106C50008BFD04E007980699FFF74AFDFFE703E084
:106C60000798FFF79BFDFFE708B080BD80B586B0B1
:106C700005908DF813100598039005980290002058
:106C80000190029948880978884227DDFFE7029839
:106C90000078ADF80200FFE7BDF8020002994988CC
:106CA00088421ADAFFE703980DF1020100F034F888
:106CB00003900398407805280ED1FFE703980190D0
:106CC000019880789DF81310884201D1FFE704E015
:106CD00000200190FFE7FFE7DEE7FFE7019806B03D
:106CE00080BD000083B0029000208DF8070002985C
:106CF0000090FFE70098007848B1FFE79DF8070093
:106D000001308DF80700009801300090F2E79DF8FF
:106D1000070003B07047000083B002900191029811
:106D20000090009802780199088810440880029821
:106D30000099097808440090009803B0704700005B
:106D400080B582B001900091019890F89C020138C2
:106D500002281FD8FFE70098C088022805D0FFE767
:106D600001980099FFF7C4FC19E001990120C8605F
:106D70000198D0F8A40230B1FFE70199C86840F04B
:106D80000200C860FFE7019800F10C010222FFF742
:106D9000EBFC04E001980099FFF7AAFCFFE702B0C2
:106DA00080BD000080B586B005900491039200205C
:106DB0008DF80B00059808B9FFE73DE005980190B4
:106DC0000198FFF78FFF0146022000EB4100039975
:106DD00008800398007804999DF80B2088549DF84A
:106DE0000B0001308DF80B0004999DF80B20032057
:106DF00088549DF80B0001308DF80B00FFE70198D7
:106E00000078C8B1FFE70198007804999DF80B203D
:106E100088540198013001909DF80B0001308DF8E5
:106E20000B0004999DF80B20002088549DF80B005E
:106E300001308DF80B00E2E706B080BD82B08DF81E
:106E4000070000208DF806009DF80700014600911C
:106E5000032814D80099DFE801F002060A0E00208A
:106E60008DF806000FE003208DF806000BE00120EE
:106E70008DF8060007E003208DF8060003E00320EC
:106E80008DF80600FFE79DF8060002B0704700008D
:106E900080B584B0029001918DF80320029820B94A
:106EA000FFE703208DF80F0023E002990020C1F8CE
:106EB000B8020299C1F8C4020299C1F8D00201983F
:106EC00028B1FFE701980299C1F8B402FFE70299DF
:106ED000012081F89C029DF8030002990870029835
:106EE00000F020FA8DF802009DF802008DF80F00E6
:106EF000FFE79DF80F0004B080BD000080B582B0B0
:106F000001908DF8031000208DF802008DF801002B
:106F10000198D0F8C8029DF80310FBF70DF98DF821
:106F200002009DF80200FFF789FF8DF801009DF82F
:106F3000010002B080BD000080B582B001908DF8E4
:106F4000031000208DF802008DF801000198D0F8A0
:106F5000C8029DF80310FBF79BF88DF802009DF81E
:106F60000200FFF76BFF8DF801009DF8010002B0F1
:106F700080BD000080B588B006908DF8171004928F
:106F80009DF81700002875D1FFE70698143003908C
:106F90000698D0F8940202285DD1FFE7039988682B
:106FA000C968884212D9FFE703998868CA68801ABD
:106FB000886006980499039A9268FFF789FB0698FF
:106FC000002319461A4600F0B1FA43E0039881689D
:106FD000C06888421ED1FFE703994868C9688842A3
:106FE00018D3FFE7039840680699D1F898128842B1
:106FF00010D2FFE70698002201921146FFF768FBC6
:10700000019B0698C0F89832069819461A4600F077
:107010008DFA1EE0069890F89C02032811D1FFE734
:107020000698D0F8B802C06850B1FFE70699002072
:10703000C1F8D4020698D0F8B812C9688847FFE7AB
:10704000FFE70698802100F087FB0698FFF77AFBA0
:10705000FFE7FFE700E0FFE7069890F8A00240B1E5
:10706000FFE7069800F04EFC0699002081F8A00288
:10707000FFE740E006989DF8171041F08001FFF708
:1070800007FB8DF80A009DF80A00FF2832D0FFE7C1
:107090009DF80A0070BBFFE7069890F89C02032851
:1070A00027D1FFE706989DF80A1000EB8100D0F881
:1070B000B8024069E0B1FFE79DF80A000699C1F8FF
:1070C000D40206989DF80A1000EB8101D1F8B8129D
:1070D0004A699DF8171090478DF80B009DF80B003A
:1070E00028B1FFE79DF80B008DF81F0007E0FFE7D0
:1070F000FFE7FFE7FFE700208DF81F00FFE79DF89F
:107100001F0008B080BD000080B58AB008908DF8DF
:107110001F10069200208DF813009DF81F00002814
:1071200040F08380FFE7089800F5AA700590089862
:10713000D0F89402032876D1FFE705998868C968DA
:1071400088421DD9FFE705998868CA68801A886057
:10715000089802900698039005998868C968884243
:1071600004D2FFE705988068019003E00598C068A5
:107170000190FFE703990298019AFFF799FA51E00D
:10718000089890F8AA0200F01F000146009140B153
:10719000FFE70098012808D0FFE7009802280CD0EC
:1071A00013E000208DF8120013E0089890F8AE125A
:1071B000FFF776FA8DF812000BE0089890F8AE12FF
:1071C000FFF766FA8DF8120003E000208DF8120038
:1071D000FFE79DF8120008BBFFE7089890F89C02B3
:1071E00003281AD1FFE708989DF8121000EB8100E0
:1071F000D0F8B802006978B1FFE79DF8120008994D
:10720000C1F8D40208989DF8121000EB8101D1F862
:10721000B81209698847FFE7FFE7FFE70898FFF71B
:10722000BDFAFFE700E0FFE740E008989DF81F1077
:1072300001F07F01FFF72CFA8DF812009DF8120083
:10724000FF2832D0FFE79DF8120070BBFFE70898D7
:1072500090F89C0203281ED1FFE708989DF81210B1
:1072600000EB8100D0F8B802806998B1FFE79DF883
:1072700012000899C1F8D40208989DF8121000EB8A
:107280008101D1F8B8128A699DF81F1090478DF8D6
:107290001300FFE7FFE79DF8130028B1FFE79DF813
:1072A00013008DF8270005E0FFE7FFE700208DF8C9
:1072B0002700FFE79DF827000AB080BD81B000904D
:1072C000002001B07047000080B582B0019000201E
:1072D0008DF803000199012081F89C020198D0F8F3
:1072E000B80268B1FFE70198D0F8B8124A6801798E
:1072F000904720B1FFE703208DF80300FFE7FFE789
:107300009DF8030002B080BD80B582B001908DF879
:1073100003100198D0F8C8029DF80310FAF770FF27
:1073200002B080BD80B584B0039003980078A8BBFC
:10733000FFE7039941F6B000C2F200000290C0F8E6
:1073400008150399C1F8C8024FF0A041016004215B
:1073500041600222C260002101618261C16101625B
:107360004162C1620163FBF705FD18B1FFE7FAF75F
:10737000F1F8FFE741F6B000C2F200000190802171
:107380000091FAF7BFFD019800214022FAF7C6FDEF
:10739000009A01980121FAF7C1FDFFE7002004B02F
:1073A00080BD000084B002908DF807100298D0F8DC
:1073B000C80200909DF80700000600280ED5FFE7E0
:1073C00000989DF8071001F07F0101EBC10100EB6F
:1073D000810090F83E008DF80F000DE000989DF8B8
:1073E000071001F07F0101EBC10100EB810090F873
:1073F0007E028DF80F00FFE79DF80F0004B0704784
:1074000080B584B002908DF807100298D0F8D4129D
:1074100000EB8100D0F8B80220B9FFE703208DF817
:107420000F0020E0029890F89C02032817D1FFE794
:107430000298D0F8D41200EB8100D0F8B802006AAC
:1074400060B1FFE70298D0F8D41200EB8101D1F8C7
:10745000B8120A6A9DF807109047FFE7FFE700207F
:107460008DF80F00FFE79DF80F0004B080BD00000D
:1074700080B584B002908DF807100298D0F8D4122D
:1074800000EB8100D0F8B80220B9FFE703208DF8A7
:107490000F0020E0029890F89C02032817D1FFE724
:1074A0000298D0F8D41200EB8100D0F8B802406AFC
:1074B00060B1FFE70298D0F8D41200EB8101D1F857
:1074C000B8124A6A9DF807109047FFE7FFE70020CF
:1074D0008DF80F00FFE79DF80F0004B080BD00009D
:1074E00080B584B003908DF80B108DF80A20ADF8AC
:1074F000083000208DF807008DF806000398D0F8BA
:10750000C8029DF80B10BDF808209DF80A30FAF764
:1075100089FE8DF807009DF80700FFF78FFC8DF8B6
:1075200006009DF8060004B080BD000080B586B05E
:1075300005908DF813100392029300208DF8070038
:107540008DF806000598D0F8C8029DF81310039A2C
:10755000029BFAF7DDFE8DF807009DF80700FFF7A4
:107560006DFC8DF806009DF8060006B080BD000099
:1075700080B586B0059000208DF81300059A012192
:1075800082F89C120599C1F8940205994860059902
:10759000C1F8A402059981F8A0020598D0F8B802B4
:1075A000A0B1FFE70598D0F8B802406868B1FFE7DE
:1075B0000598D0F8B8124A680179904720B1FFE7E2
:1075C00003208DF81300FFE7FFE7FFE7059800228F
:1075D0000192402303931146FFF782FF019A039B18
:1075E000059901200290A1F864010598C0F8603166
:1075F00005988021FFF774FF02990398059A9184FA
:10760000059908629DF8130006B080BD81B0009016
:10761000009890F89C02042807D1FFE7009890F8A2
:107620009D02009981F89C02FFE7002001B070479D
:1076300080B582B00190019890F89C02032813D184
:10764000FFE70198D0F8B80268B1FFE70198D0F8D9
:10765000B802C06930B1FFE70198D0F8B812C96923
:107660008847FFE7FFE7FFE7002002B080BD00008A
:1076700082B001908DF803109DF803000199087401
:10768000002002B07047000080B582B001908DF8F4
:10769000031000208DF802008DF801000198D0F849
:1076A000C8029DF80310FBF755FD8DF802009DF808
:1076B0000200FFF7C3FB8DF801009DF8010002B046
:1076C00080BD000080B584B003900291039800F261
:1076D000AA20029900F0AAF803990120C1F89402A7
:1076E0000399B1F8B002C1F89802039890F8AA0281
:1076F00000F01F000146009140B1FFE7009801280B
:107700000CD0FFE70098022810D017E0039800F291
:10771000AA2100F04FFA8DF8070019E0039800F253
:10772000AA2100F083FC8DF8070011E0039800F215
:10773000AA2100F0A5FA8DF8070009E0039890F857
:10774000AA1201F0800100F007F88DF80700FFE7AA
:107750009DF8070004B080BD80B582B001908DF81F
:10776000031000208DF802008DF801000198D0F878
:10777000C8029DF80310FAF70FFE8DF802009DF87D
:107780000200FFF75BFB8DF801009DF8010002B0DD
:1077900080BD000080B582B0019000208DF803000C
:1077A0008DF802000198D0F8C802FBF70FFD8DF8A4
:1077B00003009DF80300FFF741FB8DF802009DF8E0
:1077C000020002B080BD000081B00090009890F8E7
:1077D0009C02009981F89D020099042081F89C0286
:1077E000002001B07047000080B586B005908DF88C
:1077F00013100392029300208DF807008DF8060005
:107800000598D0F8C8029DF81310039A029BFAF766
:1078100033FE8DF807009DF80700FFF70FFB8DF88A
:1078200006009DF8060006B080BD000080B584B05B
:1078300003900291029801900198007803990870D2
:1078400001980130019001980078039948700198DF
:10785000013001900198FDF735FD039948800198AA
:10786000013001900198013001900198FDF72AFD47
:1078700003998880019801300190019801300190AE
:107880000198FDF71FFD0399C88004B080BD00007A
:1078900080B584B0029001910020ADF802000198FB
:1078A00020B9FFE703208DF80F0026E00198029928
:1078B000C1F8B8020298D0F8D41200EB8100D0F8D9
:1078C000B802C06A78B1FFE70298D0F8D41200EB92
:1078D0008100D0F8B802C16A0DF102008847029910
:1078E000C1F8D002FFE70299D1F8D8020130C1F8FF
:1078F000D80200208DF80F00FFE79DF80F0004B0BC
:1079000080BD000081B00090002001B070470000F1
:1079100080B584B00390029102988088B8BBFFE7DD
:107920000298C08898BBFFE7029840887F282ED82D
:10793000FFE70298807800F07F008DF80700039839
:1079400090F89C02032805D1FFE703980299FEF7FF
:10795000CFFE1BE09DF80700039981F89E02039873
:107960009DF80710FFF790FE0398FEF717FF9DF8AC
:10797000070028B1FFE70399022081F89C0204E088
:107980000399012081F89C02FFE7FFE704E00398D8
:107990000299FEF7ADFEFFE704B080BD80B582B06E
:1079A00001908DF8031000208DF802000198D0F8A6
:1079B000B80250B1FFE70198D0F8B8120A689DF8F4
:1079C000031090478DF80200FFE79DF8020002B017
:1079D00080BD000080B586B00490039100208DF832
:1079E0000B000398817840F24110C2F20000017050
:1079F0000078022808D3FFE704980399FEF778FE81
:107A000003208DF81700A0E0049890F89C0201462E
:107A10000191022804D0FFE7019803282FD07FE0CE
:107A200040F24110C2F20000007818B3FFE740F2C4
:107A30004111C2F200010878049A50600498097854
:107A4000FFF7ACFF8DF80B009DF80B0048B1FFE786
:107A500004980399FEF74CFE0499022081F89C02D9
:107A600007E00498FEF79AFE0499032081F89C022F
:107A7000FFE703E00498FEF791FEFFE760E040F2C5
:107A80004110C2F20000007898B9FFE70499022083
:107A900081F89C0240F24111C2F200010878049A78
:107AA000506004980978FEF7B9FD0498FEF776FE59
:107AB00035E040F24110C2F20000007804994968B4
:107AC000884227D0FFE704980179FEF7A7FD40F22E
:107AD0004111C2F200010878049A506004980978B4
:107AE000FFF75CFF8DF80B009DF80B0068B1FFE716
:107AF00004980399FEF7FCFD04980179FEF78EFDCA
:107B00000499022081F89C0203E00498FEF746FEE7
:107B1000FFE703E00498FEF741FEFFE7FFE70FE011
:107B200004980399FEF7E4FD049840F24111C2F273
:107B300000010978FEF772FD03208DF80B00FFE7C6
:107B40009DF80B008DF81700FFE79DF8170006B0B1
:107B500080BD000080B582B00190009100984088FF
:107B6000012808D1FFE701990120C1F8A40201987A
:107B7000FEF714FE13E000984088022809D1FFE7C1
:107B800000984079019981F8A0020198FEF706FE5D
:107B900004E001980099FEF7ABFDFFE7FFE702B0B4
:107BA00080BD000080B582B001900198FFF7F2FD22
:107BB00002B080BD80B586B00590049100208DF89C
:107BC0000F000498007800F0600001460291A8B10F
:107BD000FFE70298202804D0FFE70298402846D10A
:107BE000FFE70598D0F8D41200EB8101D1F8B81264
:107BF0008A68049990478DF80F003DE0049840781A
:107C00000146019109282CD80199DFE801F01B25D4
:107C10002A202A0A052A160F05980499FEF7BAFEAB
:107C200024E005980499FFF773FE1FE00598049976
:107C3000FFF7D0FE8DF80F0018E005980499FEF7C5
:107C400077FE13E005980499FFF77AF80EE005989F
:107C50000499FFF77FFF09E005980499FEF7F8FC07
:107C600004E005980499FEF743FDFFE704E005985A
:107C70000499FEF73DFDFFE79DF80F0006B080BDBB
:107C800080B58CB00B900A9100208DF821000A98E5
:107C900080888DF823000A98007800F06000014683
:107CA0000791B8B3FFE70798202805D0FFE70798AA
:107CB000402840F0B281FFE70B989DF82310FEF7B3
:107CC000E7FC8DF822009DF82200FF2821D0FFE775
:107CD0009DF82200E8B9FFE79DF822000B99C1F852
:107CE000D4020B989DF8221000EB8100D0F8B80266
:107CF000806868B1FFE70B989DF8221000EB8101C6
:107D0000D1F8B8128A680A9990478DF82100FFE7E8
:107D1000FFE787E10A98407801460691002800F0C5
:107D2000BD80FFE7069801284CD0FFE7069803289E
:107D300040F06D81FFE70B9890F89C020146059199
:107D4000022804D0FFE70598032819D034E09DF8F5
:107D5000230078B1FFE79DF8230080280AD0FFE7D1
:107D60000B989DF82310FFF7F7FC0B988021FFF785
:107D7000F3FC04E00B980A99FEF7BAFCFFE720E059
:107D80000A984088A0B9FFE79DF8230078B1FFE783
:107D90009DF8230080280AD0FFE70A98C08830B9F0
:107DA000FFE70B989DF82310FFF7D6FCFFE7FFE7EE
:107DB0000B98FEF7F3FC04E00B980A99FEF798FC89
:107DC000FFE729E10B9890F89C02014604910228F4
:107DD00004D0FFE70498032819D059E09DF8230048
:107DE00078B1FFE79DF8230080280AD0FFE70B98C1
:107DF0009DF82310FFF7B0FC0B988021FFF7ACFC37
:107E000004E00B980A99FEF773FCFFE745E00A9837
:107E10004088E0BBFFE79DF82300400630B1FFE754
:107E20000B989DF82310FFF769F8FFE70B98FEF712
:107E3000B5FC0B989DF82310FEF72AFC8DF8220064
:107E40009DF82200FF2821D0FFE79DF82200E8B925
:107E5000FFE79DF822000B99C1F8D4020B989DF81A
:107E6000221000EB8100D0F8B802806868B1FFE70B
:107E70000B989DF8221000EB8101D1F8B8128A68A6
:107E80000A9990478DF82100FFE7FFE7FFE704E03C
:107E90000B980A99FEF72CFCFFE7BDE00B9890F8D1
:107EA0009C0201460391022804D0FFE703980328AF
:107EB00038D0A6E09DF8230050B1FFE79DF82300DD
:107EC000802805D0FFE70B980A99FEF711FC9DE08A
:107ED0009DF82300000600280CD5FFE70B989DF8BD
:107EE000231001F07F0101EB810100EB81001430D0
:107EF00002900CE00B989DF8231001F07F0101EB3C
:107F0000810100EB810000F5AA700290FFE7029862
:107F100009900999002008600B9809990222FEF740
:107F200023FC73E09DF823000006002812D5FFE72C
:107F30000B989DF8231001F00F0101EB810100EB7C
:107F40008100808C28B9FFE70B980A99FEF7D0FBD7
:107F50005CE012E00B989DF8231001F00F0101EB9B
:107F6000810100EB8100B0F8640128B9FFE70B98AC
:107F70000A99FEF7BDFB49E0FFE79DF823000006E4
:107F800000280CD5FFE70B989DF8231001F07F0126
:107F900001EB810100EB8100143001900CE00B98A3
:107FA0009DF8231001F07F0101EB810100EB8100BE
:107FB00000F5AA700190FFE7019809909DF8230051
:107FC00028B1FFE79DF82300802804D1FFE7099935
:107FD000002008600FE00B989DF82310FFF7E2F9EE
:107FE00020B1FFE709990120086003E0099900200A
:107FF0000860FFE7FFE70B9809990222FEF7B4FB40
:1080000004E00B980A99FEF773FBFFE704E00B9876
:108010000A99FEF76DFBFFE704E00B980A99FEF75B
:1080200067FBFFE79DF821000CB080BD80B584B0F0
:108030000390029100208DF807000298007800F06C
:1080400060000146009140B1FFE70098202804D06D
:10805000FFE7009840285AD1FFE7039890F89C0268
:10806000013802284DD8FFE702980079012842D84C
:10807000FFE7039802990979FEF712FB8DF80600D5
:108080009DF80600FF2825D0FFE79DF8060008BBF5
:10809000FFE703989DF8061000EB8100D0F8B802C6
:1080A000806890B1FFE79DF806000399C1F8D402FB
:1080B00003989DF8061000EB8101D1F8B8128A6888
:1080C000029990478DF8070003E003208DF8070020
:1080D000FFE703E003208DF80700FFE70298C08860
:1080E00040B9FFE79DF8070020B9FFE70398FEF7C6
:1080F00055FBFFE704E003980299FEF7F9FAFFE762
:1081000004E003980299FEF7F3FAFFE704E003980E
:108110000299FEF7EDFAFFE79DF8070004B080BD75
:1081200081B0009001B0704781B0009040F24430BF
:10813000C2F2000001B0704784B00390029103982E
:10814000019002980078009002984078012830D180
:10815000FFE70298007800F00F01012000FA01F219
:108160000199D1F81C081043C1F81C080198009926
:1081700000EB4110D0F800090004002818D4FFE7F4
:108180000299C8686FF3DF20097940EA8140009ABC
:1081900040EA8250019901EB4211D1F800291043C5
:1081A00048F20002C1F200021043C1F80009FFE7E3
:1081B0002EE00298007800F00F01012000FA01F291
:1081C0000199D1F81C0840EA0240C1F81C08019846
:1081D000009900EB4110D0F8000B0004002816D4E1
:1081E000FFE70299C8686FF3DF20097940EA814010
:1081F0000199009A01EB4211D1F8002B104348F28B
:108200000002C1F200021043C1F8000BFFE7FFE7D4
:10821000002004B07047000082B0019001980090E7
:108220000099D1F8000940F2FF729043C1F80009AB
:108230000099D1F8040840F48070C1F804080020C7
:1082400002B070472DE9F04F91B00191DDF88CB08C
:10825000DDF888A0DDF88490DDF880801F9F1E9EE9
:108260001D9D1C9CDDF86CE0DDF868C0019901994A
:10827000CDF840B0CDF83CA0CDF83890CDF83480A2
:108280000C970B960A950994CDF820E0CDF81CC008
:1082900006930592049103900998012822D1FFE7E3
:1082A0000399886B20F4803088630399C8684FF67F
:1082B000BF72CFF6BD721040C8600399C86820F441
:1082C0004010C8601098012806D1FFE70399C868DC
:1082D00040F48010C860FFE7039800F031F88DF893
:1082E0000B0019E00399C86840F04000C86003988B
:1082F00000F026F88DF80B000D9830B9FFE70399D0
:10830000886B40F48030886305E00399886B20F423
:1083100080308863FFE7FFE7079801280BD1FFE76C
:108320000399886840F0060088600399886840F0E7
:1083300020008860FFE79DF80B0011B0BDE8F08FCA
:1083400083B0019000200090FFE70098013000907A
:10835000009840F64151C0F20301884204D3FFE780
:1083600003208DF80B0028E0FFE701980069C00F9B
:108370000028EAD0FFE7002000900199086940F04A
:1083800001000861FFE7009801300090009840F676
:108390004151C0F20301884204D3FFE703208DF866
:1083A0000B000AE0FFE701980069C0070028EAD146
:1083B000FFE700208DF80B00FFE79DF80B0003B0EE
:1083C0007047000084B003900291039801900298D6
:1083D0000078009002984078012845D1FFE7019885
:1083E000009900EB4110D0F80009C00FA8B1FFE7D9
:1083F0000198009900EB4111D1F8000940F00060AC
:10840000C1F800090198009900EB4111D1F8000969
:1084100040F08040C1F80009FFE70298007800F0C2
:108420000F01012000FA01F3019AD2F83C18994398
:10843000C2F83C180299097801F00F0100FA01F224
:108440000199D1F81C089043C1F81C0801980099C3
:1084500000EB4111D1F8000947F60002CEF6334295
:108460001040C1F8000946E00198009900EB411066
:10847000D0F8000BC00FA8B1FFE70198009900EBFE
:108480004111D1F8000B40F00060C1F8000B0198D9
:10849000009900EB4111D1F8000B40F08040C1F889
:1084A000000BFFE70298007800F00F01012000FAAE
:1084B00001F3019AD2F83C1821EA0341C2F83C18B2
:1084C0000299097801F00F0100FA01F20199D1F83F
:1084D0001C0820EA0240C1F81C080198009900EB32
:1084E0004111D1F8000B47F60002CEF6F3721040AE
:1084F000C1F8000BFFE7002004B0704782B0019084
:10850000019800900099D1F8000E20F00300C1F806
:10851000000E0099D1F8040820F00200C1F8040808
:10852000002002B07047000082B0019001980090D6
:108530000099D1F8000E20F00300C1F8000E009958
:10854000D1F8040840F00200C1F80408002002B08D
:10855000704700002DE9F04F93B00191DDF894B021
:10856000DDF890A0DDF88C90DDF88880219F209EBA
:108570001F9D1E9CDDF874E0DDF870C00199019923
:10858000CDF848B0CDF844A0CDF84090CDF83C806F
:108590000E970D960C950B94CDF828E0CDF824C0DD
:1085A000089307920691059000208DF81300059915
:1085B00003910290FFE702980E280CD8FFE7059878
:1085C000029900EB81010020C1F80401FFE7029845
:1085D00001300290EFE71098B8B9FFE70399D1F89E
:1085E000040840F00200C1F804080599886B40F4C3
:1085F000001088630599886B20F400208863059932
:10860000886B20F4802088630AE00599886B20F449
:10861000001088630599886B40F400208863FFE7A9
:1086200003990020C1F8000E0399D1F80008C1F8A1
:1086300000080B9801280ED1FFE7089828B9FFE73A
:108640000598002100F038FF04E00598012100F0B2
:1086500033FFFFE704E00598032100F02DFFFFE75B
:108660000598102100F05EFD20B1FFE701208DF894
:108670001300FFE7059800F015FD20B1FFE701208A
:108680008DF81300FFE703990020C1F81008039943
:10869000C1F814080399C1F81C080290FFE702987A
:1086A000069988423BD2FFE70398029900EB4110FC
:1086B000D0F80009C00FB0B1FFE7029848B9FFE752
:1086C0000398029900EB41114FF00060C1F80009D6
:1086D00008E00398029900EB41114FF09040C1F877
:1086E0000009FFE707E00398029900EB4111002021
:1086F000C1F80009FFE70398029900EB411100203F
:10870000C1F810090398029900EB41114FF67F3030
:10871000C1F80809FFE7029801300290BFE7002086
:108720000290FFE70298069988423BD2FFE7039840
:10873000029900EB4110D0F8000BC00FB0B1FFE779
:10874000029848B9FFE70398029900EB41114FF0F6
:108750000060C1F8000B08E00398029900EB41119A
:108760004FF09040C1F8000BFFE707E00398029933
:1087700000EB41110020C1F8000BFFE703980299BC
:1087800000EB41110020C1F8100B0398029900EB97
:1087900041114FF67F30C1F8080BFFE70298013016
:1087A0000290BFE70399D1F8100820F48070C1F857
:1087B000100805990020886105996FF08040486194
:1087C000099830B9FFE70599886940F01000886181
:1087D000FFE70599886943F60002C8F23C0210439E
:1087E00088610C9830B1FFE70599886940F008006E
:1087F0008861FFE71098012808D1FFE7059988698B
:108800000422C4F2000210438861FFE79DF81300C0
:1088100013B0BDE8F08F000081B000900099886827
:1088200020F001008860002001B0704785B00490FE
:1088300003918DF80B200498019003980078009024
:1088400003984078012840F09580FFE703988069FD
:10885000F8B9FFE70198009900EB4111D1F8100930
:108860006FF3DC40C1F810090198009900EB411149
:10887000D1F8100940F40020C1F8100901980099BE
:1088800000EB4111D1F810096FF31200C1F8100983
:1088900035E00198009900EB4111D1F810096FF310
:1088A0001200C1F810090198009900EB4111D1F8AC
:1088B00010096FF3DC40C1F810090398C1688069A2
:1088C000884204D9FFE70399C8688861FFE70198E7
:1088D000009900EB4111D1F8100940F40020C1F8D3
:1088E0001009039882696FF3DF420198009900EB49
:1088F0004111D1F810091043C1F81009FFE79DF8A4
:108900000B00012818D1FFE70398406948B1FFE741
:10891000039840690199009A01EB4211C1F81409CA
:10892000FFE70198009900EB4111D1F8000940F0F0
:108930000440C1F800091CE00198009900EB4111C6
:10894000D1F8000940F00440C1F80009039880699B
:1089500070B1FFE70398007800F00F01012000FAE2
:1089600001F20199D1F834081043C1F83408FFE747
:10897000FFE753E00198009900EB4111D1F8100B8B
:108980006FF31200C1F8100B0198009900EB411130
:10899000D1F8100B6FF3DC40C1F8100B039880691D
:1089A00020B1FFE70399C8688861FFE70399C868A9
:1089B000C8610198009900EB4111D1F8100B40F407
:1089C0000020C1F8100B0398C2696FF3DF420198D1
:1089D000009900EB4111D1F8100B1043C1F8100BB6
:1089E0009DF80B0001280ED1FFE70398006948B1FC
:1089F000FFE7039800690199009A01EB4211C1F861
:108A0000140BFFE7FFE70198009900EB4111D1F843
:108A1000000B40F00440C1F8000BFFE7002005B058
:108A20007047000086B004908DF80F1002920498F1
:108A300001900498006C0090009843F20B01C4F67A
:108A4000547188420BD3FFE70198D0F8000BC00F98
:108A500020B1FFE700208DF817002EE0FFE7019915
:108A60000020C1F8100B0199D1F8100B40F4002040
:108A7000C1F8100B0199D1F8100B40F01800C1F8A3
:108A8000100B0199D1F8100B40F0C040C1F8100B49
:108A90009DF80F0001280CD1FFE702980199C1F859
:108AA000140B0199D1F8000B40F08020C1F8000BA5
:108AB000FFE700208DF81700FFE79DF8170006B0CC
:108AC0007047000084B003900291039801900298CF
:108AD0000078009002984078012820D1FFE70198A3
:108AE000009900EB4111D1F8000920F40010C1F801
:108AF000000902980079032805D0FFE70298007961
:108B000002280BD1FFE70198009900EB4111D1F841
:108B1000000940F08050C1F80009FFE71FE001980C
:108B2000009900EB4111D1F8000B20F40010C1F8BE
:108B3000000B02980079032805D0FFE7029800791E
:108B400002280BD1FFE70198009900EB4111D1F801
:108B5000000B40F08050C1F8000BFFE7FFE700205A
:108B600004B0704784B0039002910398019002987A
:108B70000078009002984078012822D1FFE7019800
:108B8000009900EB4110D0F80009C00F70B9FFE761
:108B9000009858B1FFE70198009900EB4111D1F816
:108BA000000920F08040C1F80009FFE70198009912
:108BB00000EB4111D1F8000940F40010C1F80009A0
:108BC00021E00198009900EB4110D0F8000BC00F94
:108BD00070B9FFE7009858B1FFE70198009900EBE2
:108BE0004111D1F8000B20F08040C1F8000BFFE7E5
:108BF0000198009900EB4111D1F8000B40F40010EE
:108C0000C1F8000BFFE7002004B0704780B588B0C2
:108C1000079006918DF81720079804900698007821
:108C2000039006984078012840F00381FFE70698FA
:108C30008069F8B9FFE70498039900EB4111D1F876
:108C400010096FF3DC40C1F810090498039900EB98
:108C50004111D1F8100940F40020C1F8100904981E
:108C6000039900EB4111D1F810096FF31200C1F81C
:108C7000100950E00498039900EB4111D1F8100954
:108C80006FF31200C1F810090498039900EB411129
:108C9000D1F810096FF3DC40C1F810090698C168DB
:108CA000806908440138B0FBF1F10020C1F6F8708A
:108CB00000EAC1420498039900EB4111D1F8100970
:108CC0001043C1F81009069882696FF3DF420498D7
:108CD000039900EB4111D1F810091043C1F81009B4
:108CE00006980079012815D1FFE70498039900EB55
:108CF0004111D1F8100920F0C040C1F810090498C2
:108D0000039900EB4111D1F8100940F00050C1F86F
:108D10001009FFE7FFE79DF8170001283BD1FFE7A7
:108D20000698406948B1FFE7069840690499039A9C
:108D300001EB4211C1F81409FFE7069800790128F8
:108D40001ED1FFE70498D0F80808C00500280BD40E
:108D5000FFE70498039900EB4111D1F8000940F0B6
:108D60000050C1F800090AE00498039900EB411192
:108D7000D1F8000940F08050C1F80009FFE7FFE793
:108D80000498039900EB4111D1F8000940F0044028
:108D9000C1F800094CE00498039900EB4111D1F8A7
:108DA000000940F00440C1F8000906980079012844
:108DB00013D0FFE70698806970B1FFE70698007846
:108DC00000F00F01012000FA01F20499D1F83408F3
:108DD0001043C1F83408FFE729E00498D0F80808E8
:108DE000C00500280BD4FFE70498039900EB41115C
:108DF000D1F8000940F00050C1F800090AE00498D9
:108E0000039900EB4111D1F8000940F08050C1F8FE
:108E10000009FFE70798069B19691A781B8B9DF8D4
:108E200017C0EE46CEF800C000F036FCFFE7FFE7C3
:108E30009DE00498039900EB4111D1F8100B6FF3FA
:108E40001200C1F8100B0498039900EB4111D1F8FE
:108E5000100B6FF3DC40C1F8100B06988069C0B9A5
:108E6000FFE70698C2686FF3DF420498039900EBAE
:108E70004111D1F8100B1043C1F8100B049803995D
:108E800000EB4111D1F8100B40F40020C1F8100B99
:108E90002CE00698C168806908440138B0FBF1F005
:108EA000ADF80A000699C868BDF80A205043C861A9
:108EB000BDF80A100020C1F6F87000EAC14204981B
:108EC000039900EB4111D1F8100B1043C1F8100BBE
:108ED0000698C2696FF3DF420498039900EB4111D1
:108EE000D1F8100B1043C1F8100BFFE79DF81700E5
:108EF00001280ED1FFE70698006948B1FFE7069800
:108F000000690499039A01EB4211C1F8140BFFE7C1
:108F1000FFE70698007901281ED1FFE70498D0F8F2
:108F20000808C00500280BD4FFE70498039900EB5C
:108F30004111D1F8000B40F00050C1F8000B0AE0DD
:108F40000498039900EB4111D1F8000B40F08050D8
:108F5000C1F8000BFFE7FFE70498039900EB41110C
:108F6000D1F8000B40F00440C1F8000BFFE70020EF
:108F700008B080BD85B004900391002002908DF868
:108F80000700049800900398407801283ED1FFE73D
:108F900000980399097800EB4110D0F80009C00F40
:108FA00098B3FFE700980399097800EB4111D1F8D5
:108FB000000940F00060C1F80009009803990978A1
:108FC00000EB4111D1F8000940F08040C1F80009E0
:108FD000FFE7029801300290029842F21171884234
:108FE00004D3FFE701208DF807000DE0FFE70098AC
:108FF0000399097800EB4110D0F8000900F0004017
:10900000B0F1004FE5D0FFE7FFE73DE0009803999E
:10901000097800EB4110D0F8000BC00F98B3FFE7C0
:1090200000980399097800EB4111D1F8000B40F04A
:109030000060C1F8000B00980399097800EB41111A
:10904000D1F8000B40F08040C1F8000BFFE7029818
:1090500001300290029842F21171884204D3FFE776
:1090600001208DF807000DE0FFE7009803990978CB
:1090700000EB4110D0F8000B00F00040B0F1004FC1
:10908000E5D0FFE7FFE7FFE79DF8070005B0704771
:1090900081B000900099886840F00100886000204D
:1090A00001B0704783B0019000200090FFE7009866
:1090B00001300090009840F64151C0F2030188420F
:1090C00004D3FFE703208DF80B0027E0FFE70198AA
:1090D0000069C00F0028EAD0FFE700200090019946
:1090E00010200861FFE7009801300090009840F6DA
:1090F0004151C0F20301884204D3FFE703208DF8F9
:109100000B000BE0FFE70198006900F01000102849
:10911000E9D0FFE700208DF80B00FFE79DF80B007A
:1091200003B0704784B00290019100200090FFE7E7
:10913000009801300090009840F64151C0F20301C0
:10914000884204D3FFE703208DF80F0029E0FFE7F2
:1091500002980069C00F0028EAD0FFE700200090C5
:1091600001988001203002990861FFE700980130E2
:109170000090009840F64151C0F20301884204D3A8
:10918000FFE703208DF80F000BE0FFE7029800696E
:1091900000F020002028E9D0FFE700208DF80F0024
:1091A000FFE79DF80F0004B07047000084B0039003
:1091B000039802900298D0F8080800F0060000908A
:1091C000009820B9FFE700208DF8070010E0009814
:1091D000022804D0FFE70098062804D1FFE7022008
:1091E0008DF8070003E00F208DF80700FFE7FFE789
:1091F0009DF8070004B0704781B000900098406966
:1092000000F0010001B0704783B002900298019015
:109210000198D0F8180800900198D0F81C18009810
:1092200008400090BDF8000003B0704783B0029082
:10923000029801900198D0F8180800900198D0F891
:109240001C18009808400090BDF8020003B0704759
:1092500086B005908DF81310059803900398D0F808
:10926000100801900398D0F83408009000989DF8F9
:10927000131001F00F01C84000F00101019840EA0D
:10928000C110019003989DF8131000EB4110D0F825
:109290000809019908400290029806B07047000042
:1092A00084B003908DF80B100398019001989DF8FD
:1092B0000B1000EB4110D0F8080B00900198D0F88B
:1092C0001418009808400090009804B070470000FF
:1092D00082B00190019840690090019881690098DE
:1092E00008400090009802B07047000089B00890D4
:1092F0000791ADF81A200898059007980490BDF8DA
:109300001A0080080190BDF81A0000F00300ADF8C3
:10931000020000200290FFE702980199884217D2CC
:10932000FFE705984FF4805140580499086004986D
:1093300001300490049801300490049801300490A6
:10934000049801300490FFE7029801300290E3E7AF
:10935000BDF8020008B3FFE70020029005984FF423
:10936000805140580390FFE703989DF80810C9000A
:10937000C8400499087002980130029004980130A6
:109380000490BDF802000138ADF80200FFE7BDF817
:1093900002000028E8D1FFE7FFE7049809B0704712
:1093A00080B586B004908DF80F10002002900499CB
:1093B000C86820F0C040C8609DF80F00012823D184
:1093C000FFE70499C86840F00050C860FFE701203B
:1093D000F8F7C2FA029801300290FFE70498FFF70D
:1093E0000BFF014600200129019007D0FFE70299F9
:1093F0000020322938BF01200190FFE70198C00703
:109400000028E4D1FFE72AE09DF80F0010BBFFE73A
:109410000499C86840F08040C860FFE70120F8F771
:109420009BFA029801300290FFE70498FFF7E4FEF0
:1094300001460020009039B1FFE70299002032294F
:1094400038BF01200090FFE70098C0070028E5D151
:10945000FFE703E001208DF817000CE0FFE702981A
:10946000322804D1FFE701208DF8170003E0002027
:109470008DF81700FFE79DF8170006B080BD0000CB
:1094800083B002908DF80710029800900099D1F8EF
:10949000000820F4FE60C1F800089DF8070000F005
:1094A0007F020099D1F8000840EA0210C1F80008D4
:1094B000002003B07047000083B002908DF80710C1
:1094C000029800909DF807200099D1F800081043F9
:1094D000C1F80008002003B07047000084B003907A
:1094E00002918DF807209DF80700022840F0B8800F
:1094F000FFE702984AF6C041C0F2D80188420BD378
:10950000FFE702984EF2BF11C0F2E401884203D88F
:10951000FFE70F200090A2E002984EF2C011C0F2C7
:10952000E40188420BD3FFE7029842F2FF31C0F218
:10953000F401884203D8FFE70E2000908EE00298E5
:1095400042F20041C0F2F40188420BD3FFE70298D7
:1095500047F27F31C0F20611884203D8FFE70D20A1
:1095600000907AE0029847F28031C0F206118842FA
:109570000BD3FFE7029844F69F11C0F21A118842FC
:1095800003D8FFE70C20009066E0029844F6A01193
:10959000C0F21A1188420BD3FFE7029842F6FF414E
:1095A000C0F23111884203D8FFE70B20009052E04F
:1095B000029842F60051C0F2311188420BD3FFE706
:1095C00002984AF23F41C0F24C11884203D8FFE7AB
:1095D0000A2000903EE002984AF24041C0F24C114D
:1095E00088420BD3FFE7029843F2FF51C0F26E119D
:1095F000884203D8FFE7092000902AE0029843F24E
:109600000061C0F26E1188420BD3FFE702984AF660
:109610001F31C0F2A611884203D8FFE7082000904E
:1096200016E002984AF62031C0F2A61188420BD308
:10963000FFE7029844F2FF71C0F2E811884203D8B4
:10964000FFE70720009002E006200090FFE7FFE719
:10965000FFE7FFE7FFE7FFE7FFE7FFE7FFE70AE0D6
:109660009DF8070018B9FFE70920009002E00920E3
:109670000090FFE7FFE70399C86820F47050C860C6
:10968000009800F00F020399C86840EA8220C86081
:10969000002004B07047000080B588B084460A9866
:1096A000CDF81CC006918DF81720ADF814308DF858
:1096B000130007980390069802909DF8130048BB8A
:1096C000FFE7BDF8140003308008019000200090EF
:1096D000FFE70098019988421BD2FFE702980068D3
:1096E00003999DF8172001EB02314FF48052885006
:1096F00002980130029002980130029002980130E5
:109700000290029801300290FFE70098013000902B
:10971000DFE7FFE7002008B080BD0000FFE7FEE7BD
:1097200081B08DF803009DF9030000280ED4FFE7F7
:109730009DF9031001F01F02012090404A094EF2EA
:109740000011CEF2000141F82200FFE701B070479E
:109750004EF60C50CEF200000068C0F302207047B5
:1097600082B08DF8070000919DF9070000280AD407
:10977000FFE7009800019DF907104EF20042CEF27B
:10978000000288540BE0009800019DF8071001F0DA
:109790000F014EF61452CEF200028854FFE702B0D9
:1097A0007047000083B00290029800F0070000901C
:1097B0004EF60C51CEF200010868019001984FF668
:1097C000FF02104001900198009A40EA0220002216
:1097D000C0F2FA52104301900198086003B070473C
:1097E00080B582B0019000919DF80400FBF73EFD2A
:1097F000019802B080BD000080B582B000200090CA
:109800000190F8F7D3FAFBF7A7FDFBF7E1F8FBF7B8
:1098100091FAFBF7AFFAFBF74DFAFBF7B5F8FBF758
:10982000F9F9FBF71FFA009B40F20000C2F20000BA
:109830004FF4806219464FF0FF30FCF7EBF94FF41C
:109840007A70F8F789F84AF2B610C0F6000000F016
:1098500005F8FFE7FCF778F9FCE700000FB4054BCB
:1098600010B503A9044A029800F0E2F810BC5DF8B4
:1098700014FB0000E19700080000002002E008C887
:10988000121F08C1002AFAD170477047002001E07A
:1098900001C1121F002AFBD1704700002DE9FF5FB4
:1098A00082B00021DDE90430020DDDF840B0034351
:1098B00018D044F61050A2F2FF324243151411980A
:1098C00001281FD0A5EB0B00401C5FEA000A4FF0F7
:1098D00000064E4FDFF83891B046504615D5CAF114
:1098E000000413E0119801244AA3012801D16FEA72
:1098F0000B010298119AC0E90031C0E9024206B09A
:10990000BDE8F09FCBF10000DFE704460021404AAC
:10991000491842EB0450CDE9001012E0E00707D0EF
:1099200032463B4640464946F7F731F9804689467C
:1099300032463B4610461946F7F729F906460F46C8
:109940006410002CEAD1DDE90401DDE90023BAF15D
:10995000000F06DAF7F71BF942464B46F7F717F9FF
:1099600005E0F7F786F942464B46F7F782F90446D9
:109970000E460022284BF7F703FA03D84FF0FF30CA
:10998000014607E00022254B20463146F7F758F8FC
:10999000F7F7DEF9102409E0002C0ADB0A22002385
:1099A000F6F70EFC039B30321A55641E50EA010292
:1099B000F2D1641C039AC4F111031444119A012AD0
:1099C00003D0012208430DD10AE0084304D000204F
:1099D0004FF0110B119072E7A3EB0B056D1E0DE01C
:1099E0005B4504DD4FF0000205F1010504E003DAF8
:1099F0004FF00002A5F10105002AECD00298119960
:109A0000C0E90231C0E9004579E7000000001440D8
:109A10000000F03F300000000000F0430000E03F95
:109A200030380A2801D2012070470020704700001A
:109A30002DE9FF4F95B09B468946064600250FE26B
:109A4000252877D100242746F84A0121059400E013
:109A5000044316F8013F203B01FA03F01042F7D10E
:109A600030782A2811D06FF02F033078A0F130021F
:109A7000092A16D8059A44F0020402EB820203EB8D
:109A800042021044761C0590EFE759F8042B05922A
:109A9000002A03DA504244F40054059044F00204D2
:109AA000761C30782E2816D116F8010F44F00404E5
:109AB0002A280DD06FF02F023078A0F13003092B47
:109AC00009D807EB870302EB4303C718761CF3E7BB
:109AD00059F8047B761C30786C280FD006DC4C28B3
:109AE00017D068280DD06A2814D104E0742810D04B
:109AF0007A280FD10DE044F400140AE044F48014F5
:109B000001E044F440147278824202D104F58014DA
:109B1000761C761C307866280BD013DC582877D05A
:109B200009DC002875D04528F6D04628F4D047280F
:109B30001AD19DE118E0632835D0642879D06528D2
:109B400012D195E1702873D008DC6728F1D069281C
:109B50006FD06E280DD06F2806D1B5E073282CD0B9
:109B6000752875D0782874D05A46179990476D1C7F
:109B700075E1C4F30250022809D003280DD0D9F8AA
:109B8000001004280DD00D6009F1040967E1D9F82F
:109B90000010EA17C1E90052F6E7D9F800100D806D
:109BA000F2E70D70F0E719F8041B8DF800100020A3
:109BB0008DF80100EA46012003E059F804AB4FF0AC
:109BC000FF3061074FF0000102D40DE008F1010100
:109BD0008846B9420FDA8045F8DB1AF808100029E8
:109BE000F4D108E008F1010188468142FADB1AF855
:109BF00008100029F6D105985B46A0EB080721461E
:109C00003846179A00F094FA284400EB080507E05C
:109C10004DE029E10DE01AF8010B5A4617999047DB
:109C2000B8F10108F7D25B4621463846179A13E18E
:109C300042E00A220092C4F302524FF0000A022AC4
:109C400008D059F804CB032A4FEAEC710AD00DE092
:109C500029E02AE009F1070121F00702F2E802C138
:109C6000914609E00FFA8CFC4FEAEC71042A03D10B
:109C70004FFA8CFC4FEAEC71002907DA0A46002102
:109C8000DCF1000C61EB02012D2202E0220504D57B
:109C90002B228DF80420012203E0E20701D02022CC
:109CA000F7E7904659E00A2102E010220DE010216A
:109CB0004FF0000A00910BE010224FF0000A44F030
:109CC00004040827009203E008224FF0000A0092E3
:109CD000C4F30252022A05D059F804CB0021032A0A
:109CE00008D009E009F1070121F00702F2E802C1FA
:109CF000914605E01FFA8CFC042A01D10CF0FF0C00
:109D00004FF00008220728D5702806D0009B83F06A
:109D1000100353EA0A0305D00EE040228DF8042018
:109D2000012208E05CEA010206D030228DF804200E
:109D30008DF8050002229046009B83F0080353EA49
:109D40000A030AD15CEA010201D1620705D530227B
:109D50008DF804204FF001087F1E582804D034A04D
:109D600003900EA802900DE036A0F9E75346604636
:109D7000009AF6F725FA84460398825C0298401E02
:109D8000029002705CEA0100F0D1029806A9081A5C
:109D900000F1200A600702D524F4803400E0012796
:109DA000574502DDA7EB0A0000E0002000EB0A01A6
:109DB000009005984144401A0590E00306D45B46A4
:109DC0002146179A059800F0B3F90544002706E0EC
:109DD00001A85A46C05D179990476D1C7F1C4745E6
:109DE000F6DBE0030CD55B462146179A059800F098
:109DF0009FF9054404E030205A46179990476D1C9E
:109E00000099481E00900029F5DC08E002980299AC
:109E10005A460078491C0291179990476D1CBAF177
:109E20000001AAF1010AF1DC65E100000928010046
:109E300030313233343536373839616263646566C0
:109E40000000000030313233343536373839414282
:109E5000434445460000000000F058F90544761CD4
:109E6000307800287FF4ECAD19B02846BDE8F08FBB
:109E7000620700D4062709F1070222F0070CFCE86C
:109E80000223E14603F000485FEA080C02D00FF21B
:109E9000702C0DE05FEA045C02D50FF2682C07E03D
:109EA0005FEAC47C02D00FF2602C01E0AFF2700CCC
:109EB0004FF0FF3823F00043CDF850C065280CD098
:109EC00006DC452809D046281DD047283DD13DE075
:109ED000662818D067287ED138E00021112F01DBD9
:109EE000112000E0781CCDE9000106A90EA8FFF7BB
:109EF000D5FCDDE90F010E9A03910021009207F1D4
:109F0000010A04914DE04FF000400097CDE90110A7
:109F100006A90EA8FFF7C2FCDDE90F0203920E9B13
:109F200011990022DDF80CA00093049211B9791C5C
:109F300000EB010AB7EB0A0004D4C0F1FF3007F1CF
:109F4000010A0490AAEB0700019044E0012F00DA17
:109F500001270021112F01DD112000E03846CDE955
:109F6000000106A90EA8FFF799FCDDE90F010E9A82
:109F70000391002104910092BA4621070CD4039961
:109F8000514500DA8A46BAF1010F05DD009AAAF1BF
:109F90000101515C302908D0B84202DA10F1040FF7
:109FA00006DA0121CDE9011015E0AAF10101E9E786
:109FB000002805DC049901440491AAEB000102E0A9
:109FC000411C514500DD8A460499401A401C01900D
:109FD0004FF000400290200704D40198504501DB67
:109FE000CDF8048000208DF84F0002980DF14F0746
:109FF000B0F1004F25D02B200E9002984FF00208B0
:10A0000000280CDA404202902D200E9007E00A2131
:10A010000298F6F73BF93031029007F8011DB8F1CC
:10A020000001A8F10108F2DC02980028EFD1791EA6
:10A030000E980870307800F0200040F0450007F8D6
:10A04000020D12A8C01B00F107081498007800B197
:10A05000012000EB0A01019801EBE07105984144F1
:10A06000401A401E0590E00306D45B462146179A2D
:10A07000059800F05DF805441498007818B15A4628
:10A08000179990476D1CE00324D55B462146179A2B
:10A09000059800F04DF805441CE00498002807DB03
:10A0A000DDE90301884203DD0098405C179901E077
:10A0B000179930205A469047049805F10105401C35
:10A0C00004900198401E019004D12E205A46179901
:10A0D00090476D1CBAF10001AAF1010ADDDC05E030
:10A0E00017F8010B5A46179990476D1CB8F10001FB
:10A0F000A8F10108F4DC5B462146179A0598ABE607
:10A100002D0000002B000000200000002DE9F04190
:10A11000044600251E461746880404D405E0394647
:10A120002020B0476D1C641EF9D52846BDE8F0819B
:10A130002DE9F041044600251E469046C80301D58E
:10A14000302700E02027880404D505E04146384642
:10A15000B0476D1C641EF9D52846BDE8F081DDDDF1
:10A16000DDDDDCBBBBDDDDDDDDDDDDDDDDDD9888FE
:10A1700088888888888877777777778888888555EA
:10A180005556666666666666666666688888833360
:10A19000333222222222222222222228888D0000EB
:10A1A0000000000000000102030406070809000087
:10A1B000000001020304696E697420737563737390
:10A1C000657366756C6C20210A0043444320496E18
:10A1D000746572666163650043444320436F6E6635
:10A1E00069670053544D6963726F656C656374727F
:10A1F0006F6E6963730053544D3332205669727425
:10A2000075616C20436F6D506F7274004F4B0D0A77
:10A210000042616420436F6D6D616E640D0A0051F0
:10A22000756575652046756C6C0D0A0025632025E3
:10A2300075202575202568687500000060A200085B
:10A2400000000020000100007C98000860A30008C6
:10A2500000010020682800008C9800080000000021
:10A260000000000082810100116800087D6800087C
:10A2700099680008C168000811690008C1670008F2
:10A280002D6800080024F40069600008A55D00083E
:10A29000BD63000800000000915E0008415C0008FA
:10A2A000355D000800000000000000000000000014
:10A2B0008D5F0008215F0008FD5F0008095F00084E
:10A2C00009024300020100C0320904000001020239
:10A2D00001000524001001052401000104240202EC
:10A2E0000524060001070582030800100904010087
:10A2F000020A000000070501024000000705810274
:10A30000400000000A0600020000004001000000BA
:10A3100012010002020200408304405700020102C1
:10A3200003010000611300085D1300080113000819
:10A3300095130008E1130008040309041A03000040
:10A34000000000000000000000000000000000000D
:10A3500000000000000001011000000000000000EB
:040000050800018965
:00000001FF
