:020000040800F2
:10000000282B00209D01000875570008314F00087B
:100010007D5400083114000879A400080000000095
:10002000000000000000000000000000A15D0008CA
:100030008116000800000000755C0008C95F000818
:10004000B7010008B7010008B7010008B7010008B0
:10005000B7010008B7010008B7010008B7010008A0
:10006000B7010008B7010008B7010008B701000890
:10007000B7010008B7010008B7010008B701000880
:10008000B7010008B7010008B7010008B701000870
:10009000B7010008B7010008B7010008B701000860
:1000A000B7010008B7010008B7010008B701000850
:1000B000A1600008B7010008B7010008B7010008F7
:1000C000B7010008B7010008B7010008B701000830
:1000D000B70100088D690008B7010008B7010008E2
:1000E000B7010008B7010008B7010008B701000810
:1000F000B7010008B7010008B7010008B701000800
:10010000B7010008B7010008B7010008B7010008EF
:10011000B7010008B7010008B7010008B7010008DF
:10012000B7010008B7010008B7010008B7010008CF
:10013000B7010008B7010008B7010008B7010008BF
:10014000B7010008B7010008B7010008E55700082B
:10015000B7010008B7010008B7010008B70100089F
:10016000B7010008B7010008B7010008B70100088F
:10017000B7010008B7010008B7010008000000003F
:10018000B7010008B7010008DFF80CD000F068FEE6
:100190000048004799A50008282B00200648804702
:1001A00006480047FEE7FEE7FEE7FEE7FEE7FEE75C
:1001B000FEE7FEE7FEE7FEE78D6000088901000824
:1001C0002DE9F05F0546002092469B46884606468C
:1001D000814640241BE0284641464746224600F01F
:1001E00099F853465A46C01A914110D31146184601
:1001F000224600F080F82D1A67EB01084F46224690
:100200000120002100F077F817EB00094E41201E75
:10021000A4F10104DFDC484631462A464346BDE8E6
:10022000F09FD2B201E000F8012B491EFBD27047CB
:100230000022F6E710B513460A4604461946FFF7B2
:10024000F0FF204610BD30B505462A460B4612F891
:10025000010B13F8014B08B1A042F8D01CB10028E3
:1002600002D06D1CF1E7284630BD421C10F8011B7E
:100270000029FBD1801A70470FB400B58DB010A9CA
:1002800009900B9000914FF0FF300A9000200C90E5
:1002900005480690054807906A4609A80F9900F09E
:1002A000C1FB0DB05DF814FB410A00085F0A0008AD
:1002B00070B506460AF09AFA046805460A2200213B
:1002C000304600F0DDFB2C6070BD30B50B460146BA
:1002D00000202022012409E021FA02F59D4205D3E5
:1002E00003FA02F5491B04FA02F52844151EA2F18F
:1002F0000102F1DC30BD202A04DB203A00FA02F1D1
:10030000002070479140C2F1200320FA03F3194303
:1003100090407047202A04DB203A21FA02F00021A5
:10032000704721FA02F3D040C2F120029140084305
:10033000194670472DE9FF4F1C4681B00021D4E9D2
:10034000016791464FF0FF358A468846A1696D1CCA
:1003500002988847216A834688470028F6D1BBF176
:10036000FF3F0CD026F4C066002F1ADD700615D5AD
:10037000BBF12B0F0AD0BBF12D0F0FD104E04FF0D2
:10038000FF3005B0BDE8F08F46F48066A1696D1CB2
:10039000029888477F1E8346002F02DDBBF1300F95
:1003A00003D0B9F1000F2AD025E0A1696D1C46F4F5
:1003B00000767F1E029888478346002F05DDBBF13B
:1003C000780F06D0BBF1580F03D0B9F1000F10D051
:1003D00011E0B9F1000F02D0B9F1100F0BD1A169F2
:1003E0006D1C26F400767F1E0298884783461020F5
:1003F00000E0082081464FEAE970009017E00A20EB
:10040000F8E74346AAFB092803FB0980DDF800C092
:100410007F1E0AFB0C0112EB0B0A41EBEB78A16982
:1004200046F4007605F10105029888478346002FBF
:1004300006DD4946584600F04AFD5FEA000BE0D56C
:10044000E16902988847B00502D46FF0010098E78F
:10045000F00718D1700610D57005514605D5002358
:10046000D1EB030163EB080200E042462068031D64
:1004700023600068C0E9001205E02068011D2160CA
:100480000068C0E900A828467BE72DE9FF5F1D460C
:100490004FF0FF3BD5E9014691465F464FF000081B
:1004A000A9697F1C01988847296A824688470028E5
:1004B000F6D1BAF1FF3F0CD024F4C064002E19DD50
:1004C000600614D5BAF12B0F09D0BAF12D0F0ED159
:1004D00003E0584604B0BDE8F09F44F48064A96985
:1004E0007F1C01988847761E8246002E02DDBAF1F5
:1004F000300F03D0B9F1000F26D032E0A969761E83
:1005000044F400747F1C019888478246002E05DD64
:10051000BAF1780F06D0BAF1580F03D0B9F1000F35
:1005200010D01EE0B9F1000F02D0B9F1100F18D1B0
:10053000A969761E24F400747F1C019888478246BE
:10054000102002E0082000E00A20814609E008FBB4
:100550000908A969761E44F400747F1C0198884735
:100560008246002E05DD4946504600F0B0FC0028CA
:10057000EDDAE96901988847A00502D46FF001001F
:10058000A8E7E00725D1600613D5600502D5C8F1BC
:10059000000000E0404629680A1D2A60096822051B
:1005A00001D5087015E0220701D5088011E0086028
:1005B0000FE02868011D29600068210502D580F838
:1005C000008006E0210702D5A0F8008001E0C0F815
:1005D000008038467EE72DE9FF5FD2E901A74FF0A2
:1005E0000008916999461446DDF838B046460198EE
:1005F0008847054659EA0B0005D009E0A169761C39
:10060000019888470546216A284688470028F5D181
:10061000681C03D05FEACA7005D015E04FF0FF30C8
:1006200004B0BDE8F09F2068011D2160D0F8008073
:100630000AE05FEACA7001D108F8015BA169761C83
:100640007F1E019888470546002F1ADD681C18D0C8
:10065000B9F1000F0DD0E81705EBD060421120F082
:100660001F0059F822102A1A012090400142E0D1BF
:1006700007E0BBF1000FDCD1216A2846884700283B
:10068000D7D0E16901988847BBF1000F07D1002E50
:1006900005DD5FEACA7002D1002188F80010A06869
:1006A000B84203DDBBF1000F03D017B16FF00100BA
:1006B000B6E73046B4E700002DE9FF4F087883B075
:1006C0009946FF2805D0491C2D2804D0002400207D
:1006D00008E000200BE00124F9E700EB800003EBC9
:1006E0004000491C0B78FF2BF7D104B14042002396
:1006F0000293147819461D462D2C01D02B2C04D1C1
:10070000521C2D2C13D000240294AA461478FF2CDE
:100710000FD00A25A3FB057801FB05814FF0000CE3
:1007200003FB0C11521CE3194AEB0101EEE7012413
:10073000EAE7814453EA010002D019F5C87F06DADE
:1007400003980021C0E9001107B0BDE8F08F002533
:10075000AE4E2F46DFF8B882184600F009FECDE90C
:100760000001B9F1000002DAC9F1000400E004461A
:100770000023A74A1AEB030B42EB045A12E0E007EE
:1007800007D02A4633463846414600F058FA074615
:1007900088462A4633461046194600F050FA054668
:1007A0000E466410002CEAD1DDE90001B9F1000F1A
:1007B0005A46534606DA00F0B4FA3A46434600F089
:1007C000B0FA05E000F03BFA3A46434600F037FA4B
:1007D000029A0AB181F00041039AC2E90001B3E72D
:1007E0002DE9FF4F1F468DB0D7E901464FF0FF3886
:1007F0002E2045464FF000090B90B9696D1C0E98EC
:100800008847396A824688470028F6D1BAF1FF3F07
:100810000AD024F4D064002E11DDBAF12B0F08D0D9
:10082000BAF12D0F0BD102E0404611B08DE744F430
:100830008064B9696D1C0E9888478246761E6946A9
:10084000600501D52D2000E02B208DF8000001F17E
:10085000010B0DF1200809E0B9696D1C0E9888475D
:1008600082460F9844F40074761E0560002E02DD67
:10087000BAF1300FF0D00B998A453ED144F0800494
:1008800006E00F99681CA9F1010944F4007408609E
:10089000B9696D1C761E0E98884782463028F0D0C4
:1008A0002BE00B998A4505D1200603D444F080043F
:1008B000761E18E050460AF06FF808B30DF11302E7
:1008C000761EAAF1300044F40074934506D20BF86A
:1008D000010B200607D5A9F1010003E0200602D490
:1008E00009F101008146A00502D50F99681C086036
:1008F000B9696D1C0E9888478246002ED1DC53E002
:10090000002E51DDBAF1650F02D0BAF1450F4BD17F
:10091000A00549D5B9696D1C24F44074761E0E9863
:1009200088478246002E0CDD2B2804D0BAF12D0F0B
:1009300007D144F48074B9696D1C0E9888478246CB
:10094000761EE00501D52D2100E02B2108F8011BC2
:10095000CDF82C8021E00DF12901761E44F40074BD
:1009600088450CD2AAF1300010F0FF0088F8000092
:1009700002D10B99884509D908F1010806E0E00584
:1009800001D5244801E042F20F708146B9696D1C1F
:100990000E98884782460F980560002E04DD504669
:1009A00009F0FAFF0028D6D1F9690E988847FF2090
:1009B0008BF8000088F800000020069007904B4656
:1009C0006A4608A906A8FFF777FEA00502D46FF0D3
:1009D00001002AE714F0240F0AD0E00714D1DDE962
:1009E00006123868031D3B600068C0E900120BE086
:1009F000DDE9060100F0C8FC0146E00704D13868D3
:100A0000021D3A600068016028460EE700001440AD
:100A10000000F03FF1D8FFFF026811441378016035
:100A200018467047D16004495161044911620021A0
:100A30001161114600F05ABA190A0008BD0E0008EB
:100A4000426842B1016811F8013B23B1521EC0E96E
:100A50000012184670470121C160881E7047426825
:100A60005AB1C368016843B983688B4205D0491EF7
:100A7000521CC0E90012002070474FF0FF30704751
:100A80002DE9F04791460F4680460446002614F8AB
:100A9000015B2DB100F00EFA0068405DC007F6D191
:100AA0002B2D02D02D2D18D0641E4A4639462046E3
:100AB00000F0B2FB27B13968A14201D1C7F800802C
:100AC00071054FF002040BD54042002803DD09F008
:100AD0008DFE0460A007BDE8F08746F48066E4E779
:100AE0000028F8DA09F082FE04606FF00040F2E7B7
:100AF0002DE9FE4F804681EA0300C00F0C460090AE
:100B000021F0004123F00045B8EB0200A94105D2D5
:100B10004046214690461C460B46024623F00040C4
:100B2000104347D0270DC7F30A00C3F30A510290C0
:100B3000401A019040286BDAC3F3130040F4801B85
:100B40000098924620B10023D2EB030A63EB0B0B13
:100B500001985946C0F140025046FFF7CCFB0646CB
:100B60000D4650465946019A00F092F910EB0800E4
:100B70006141002487EA115284EAE7731A4340D0A6
:100B8000009A62B3019A012A4FEA075215DC001B52
:100B900061EB02014FF0004202EA0752CDE9004248
:100BA000001C41F5801132462B4600F093FB03B048
:100BB000BDE8F08F40462146F9E7001B61EB0201DA
:100BC000001C41F5801300185B412018A2F50017A6
:100BD00047EB030140EAD570B6196D4111E06D088D
:100BE0004FEA360645EAC0754FEA0752001B61EB33
:100BF0000201001C41F5801149084FEA300000193C
:100C0000514132462B4603B0BDE8F04F00F053BBD4
:100C10000098012240000023D0EB020263EBE07356
:100C2000009821464FEAE074B8EB000061EB040144
:100C3000E9E783F000435BE781F0004158E72DE9E5
:100C4000FE4F81EA030404F0004421F000410094C7
:100C50004FF0000B23F0004350EA01045ED052EA4B
:100C600003045BD0C3F30A54C1F30A552C44A4F225
:100C7000F3340194A0FB0254C1F3130141F4801139
:100C8000C3F3130343F4801301FB024400FB034E40
:100C9000840A970A44EA815447EA8357A4FB076809
:100CA00002958D0A05FB07854FEA932C04FB0C5433
:100CB0002705029D4FEA065847EA1637B5EB0805A7
:100CC0006EEB070C870E920E47EA811742EA8312F9
:100CD000A7FB0201B6EB0B0164EB00042B0D43EA0A
:100CE0000C335E1844EB1C50DA465146E7FB020118
:100CF000C5F313044FEA0B3343EA14534FEA0432AB
:100D0000019C43EA0603A4F10C040294009CCDE983
:100D100000B400F0DFFA03B0BDE8F08F0020014618
:100D2000F9E72DE9F04D81EA030404F0004B21F0CE
:100D3000004514464FF0000A23F0004150EA050236
:100D400020D054EA01021DD0C5F30A570246C5F36C
:100D50001303C1F31300C1F30A5640F4801543F4A2
:100D60008013A7EB0608101BD64608F2FD3873EB7C
:100D7000050002D308F1010801E092185B41B8F1C7
:100D8000000F03DA00200146BDE8F08D00204FF48B
:100D90008011064684460EE0171B73EB050705D34A
:100DA000121B63EB050306434CEA010C49084FEAAA
:100DB000300092185B4150EA0107EDD152EA03007E
:100DC00012D082EA040083EA0501084305D0101B13
:100DD000AB4106D20122002306E000224FF000437F
:100DE00002E06FF0010253101AEB06004CEB0851C1
:100DF00010EB0A0041EB0B01BDE8F04D00F05BBACF
:100E0000C1F30A52C1F3130140F2FF3341F48011E0
:100E10009A4202DA00200146704740F233439A4278
:100E2000A2F2334202DC5242FFF774BAFFF763BA10
:100E300030B5041E71F1000404DB4FF00044404261
:100E400064EB0101141E73F1000405DB1C464FF036
:100E50000043524263EB0403994208BF904230BD05
:100E60001CB509480090094801900546009C06E021
:100E7000E06840F0010394E8070098471034AC4262
:100E8000F6D3FFF785F9000018B2000838B2000861
:100E9000202A06DBCB17203A41FA02F043EAE0733E
:100EA00006E041FA02F3D040C2F12002914008432B
:100EB000194670470048704758B1000810B50446FD
:100EC000FFF7F8FF0068005D00F0010010BD3A2850
:100ED00000D2303820F02002412A01D3A2F137009D
:100EE000884201D34FF0FF30704700002DE9F34FE7
:100EF0008BB04FF0000801F10C000C464FF0010BD5
:100F000046460DF1080A0190626901210198904757
:100F1000051E2DD0252D2CD0216A8847C0B16269CD
:100F2000012101989047216A88470028F7D1411E86
:100F300062690198904700E0761CA1690B98884788
:100F4000216A88470028F7D1E1690B988847DBE7D9
:100F5000A1690B9888470746A84201D1761CD3E7C0
:100F6000E1690B9888477F1C02D1B8F1000F6FD060
:100F700046E1002762693D463946019890472A2894
:100F800004D162690121019890470125DFF884921C
:100F90006269012101989047A0F130010A290AD223
:100FA0004F45E5DC07EB870100EB4107303FDFD41D
:100FB00045F01005ECE7E90601D46FF000476C2816
:100FC0000AD04C2814D0682815D06A280DD074286F
:100FD0001CD07A281AD01DE062690121019890473F
:100FE0006C2802D045F0040514E045F002050DE040
:100FF00045F020050AE062690121019890476828C0
:1010000002D045F0080505E045F40065626901215C
:1010100001989047C4E9015765283DD019DC58284C
:101020007AD00CDC452837D004DC252826D041288E
:1010300031D131E046282FD047282CD12CE05B2835
:1010400077D0612828D063287CD0642823D15AE047
:10105000D0E06F2848D008DC66281DD067281BD058
:10106000692821D06E2816D127E0702845D0732832
:1010700068D0752847D078280DD14DE0A1690B982C
:101080008847054625283FF469AFE1690B988847F2
:101090006D1C3FF46AAFB3E023466A466FF001006F
:1010A0000B99FFF79DFB9EE045F040006060A807AC
:1010B00023464FF0000236D43EE0E8077FF447AF06
:1010C0002068011D21600068290501D506701BE715
:1010D000290701D5068017E7A90703D5F117C0E94D
:1010E000006111E706600FE745F040006060A80767
:1010F00023464FF0080216D41EE040F60E0125EA02
:101100000100606016E045F040006060A8072346DB
:101110004FF00A0207D40FE045F040006060A807D6
:1011200008D5234610226FF001000B99FFF702F952
:1011300059E007E0234610226FF001000B99FFF7FA
:10114000A4F950E04FF000094F464B46632802D007
:101150005B2806D040E0E80601D40120A06001270A
:101160003AE062690121019890475E2805D14FF06D
:1011700001096269494601989047216939B90021FE
:101180000A46534643F82120491C0829FADBB0B32C
:10119000216969B9C11700EBD16253110AEB8301D0
:1011A00022F01F02821A01200B68904003430B605B
:1011B00062690121019890475D28E8D1B9F1000FDB
:1011C00009D00020514651F82020D24341F8202078
:1011D000401C0828F7DB02AB224600976FF00100A5
:1011E0000B99FFF7F8F900280CDA401C08D1BBF185
:1011F000000F05D04FF0FF300DB0BDE8F08FFFE7D6
:101200004046F9E7E90701D108F1010806444FF02B
:10121000000B79E6CCCCCC0C2DE9F05F824600784F
:10122000002715468B460AF10104B946302801D043
:101230009DB113E014F8010B0127782803D058283A
:1012400001D045B10AE00DB1102D07D100271025BE
:1012500014F8010B02E0082500E00A250026B0463C
:101260000EE005FB080005FB06F1012701EB104627
:101270001FFA80F8B6F5803F00D3B94614F8010B89
:101280002946FFF724FE0028EBDABBF1000F05D05A
:101290000FB1641E00E05446CBF80040B9F1000FD6
:1012A00006D009F0A3FA02210160C81EBDE8F09F34
:1012B00048EA0640FAE710B5141E73F1000408DA94
:1012C000401C41F1000192185B411A4301D120F00A
:1012D000010010BD2DE9F04D92469B4611B1B1FAC7
:1012E00081F202E0B0FA80F220329046FFF703F874
:1012F00004460F4640EA0A0041EA0B0153465A46AB
:10130000084313D0114653EA010019D0C8F1400236
:101310005046FEF7FFFF05460E46504659464246E8
:10132000FEF7E9FF084305D0012004E020463946D6
:10133000BDE8F08D0020054346EAE0762C433743B4
:101340000A986305E40AA0EB08000022FD0A44EABB
:1013500047540A3002D500200146E9E7010510197B
:101360006941DDE9084500196941BDE8F04DA2E792
:101370000EB540F2334202920022CDE9002213461C
:10138000FFF7A8FF03B000BD01F0004330B421F027
:10139000004150EA010206D00A0DA2F56072C1F3C5
:1013A0001301002A02DC30BC00207047440F44EADD
:1013B000C104C100E01830BC00EBC250AFF30080A4
:1013C0000029A8BF7047401C490008BF20F0010059
:1013D000704710B4B0FA80FC00FA0CF050EA010437
:1013E00004BF10BC704749B1CCF1200421FA04F4C9
:1013F00011FA0CF118BF012121430843A3EB0C01A2
:10140000CB1D4FEA00614FEA102042BF002010BC04
:10141000704700EBC35010440029A4BF10BC7047B4
:10142000401C490008BF20F0010010BC70470000BC
:10143000FFE7FEE784B08DF80F000291ADF80620BB
:101440009DF80F000146009123281DD80099DFE880
:1014500001F012131415161B1B1B1B1B1B1B1B1B44
:101460001B1B1B1B1B1B1B1B1B1B1B1B1B1B1B1BCC
:101470001B1B1718191A08E007E006E005E004E056
:1014800003E002E001E000E0FFE7002004B0704765
:101490000020704780B582B041F2D850C2F20000FF
:1014A000009040F69451C2F200010022019205F032
:1014B0000FFE009840F29451C2F2000105F0EAFDDF
:1014C000019802B080BD000080B584B00390029105
:1014D00000200190FFE701980299096888420AD22A
:1014E000FFE703980199405C00F08EF8FFE7019850
:1014F00001300190EFE7039941F2D850C2F20000A9
:10150000009005F0C7FD009805F06AFD002004B0CA
:1015100080BD000083B0029001918DF8032000206F
:101520008DF802009DF9020003B0704780B586B0C7
:101530000490ADF80E1000208DF80D0041F2D85047
:10154000C2F20000D0F8BC0202900298D0F8140257
:1015500020B1FFE701208DF8170013E00499BDF8D2
:101560000E2041F2D850C2F20000019005F0B0FD0B
:10157000019805F0B7FE8DF80D009DF80D008DF86F
:101580001700FFE79DF8170006B080BD80B58AB050
:10159000099009986A4605A9516006A911604BF2A5
:1015A000EA11C0F600010DF1230207ABFEF764FE5D
:1015B00004281FD1FFE79DF823008DF8110007983C
:1015C00002900698039005988DF8100002A804F088
:1015D00085FB38B9FFE74BF2DD10C0F6000003F0E1
:1015E000E7FC06E04BF2CA10C0F6000003F0E0FC96
:1015F000FFE706E04BF2CF10C0F6000003F0D8FC86
:10160000FFE70AB080BD000080B584B08DF80F0000
:101610009DF80F000A2805D0FFE79DF80F000D2860
:1016200013D1FFE741F2D450C2F2000001900278DA
:1016300041F29450C2F20000002102918154FFF760
:10164000A5FF01990298087017E041F2D450C2F248
:10165000000000783E280FDCFFE79DF80F0041F204
:10166000D453C2F200031A78511C197041F29451FC
:10167000C2F200018854FFE7FFE704B080BD00001C
:101680007047000072B6FFE7FEE7000041F6F87011
:10169000C2F200000068704780B584B047F61020A1
:1016A000C1F6FF700068039047F61420C1F6FF7082
:1016B0000068029047F61820C1F6FF70006801909C
:1016C0000199039808440390039888B1FFE70398B1
:1016D00040F2E001C2F2000100910231082203F061
:1016E00029FC009902981231042203F023FCFFE741
:1016F00004B080BD80B584B00290029820B9FFE7A5
:1017000001208DF80F00E0E0029890F8200020B949
:10171000FFE7029800F0DEF8FFE70298016808682A
:1017200040F00100086000F0CBFB0190FFE7029859
:1017300000684068C007A8B9FFE700F0C1FB019945
:10174000401A0B280DD3FFE70299486A40F4003095
:1017500048620299052081F8200001208DF80F00D1
:10176000B3E0E4E702980168086820F0020008602E
:1017700000F0A6FB0190FFE7029800684068800730
:10178000002815D5FFE700F09BFB0199401A0B28B4
:101790000DD3FFE70299486A40F40030486202998D
:1017A000052081F8200001208DF80F008DE0E3E78F
:1017B0000298007E012807D1FFE7029801680868B7
:1017C00040F08000086006E002980168086820F098
:1017D00080000860FFE70298407E012807D1FFE7FC
:1017E00002980168086840F04000086006E002982E
:1017F0000168086820F040000860FFE70298807EDA
:10180000012807D1FFE702980168086840F020002E
:10181000086006E002980168086820F0200008606F
:10182000FFE70298C07E012807D1FFE70298016810
:10183000086820F01000086006E002980168086857
:1018400040F010000860FFE70298007F012807D1F0
:10185000FFE702980168086840F00800086006E0A9
:1018600002980168086820F008000860FFE7029805
:10187000407F012807D1FFE702980168086840F01F
:101880000400086006E002980168086820F004007F
:101890000860FFE7029B19685A689868D3F80CC083
:1018A00040EA0C00D3F810C040EA0C005B69184312
:1018B000013A1043C861029900204862029A01214E
:1018C00082F820108DF80F00FFE79DF80F0004B09C
:1018D00080BD000080B588B007900020069005907C
:1018E0000490039002900798006846F20041C4F209
:1018F0000001884233D1FFE7FFE70020019043F663
:101900004000C4F20200016841F00071016000680B
:1019100000F0007001900198FFE7FFE700200090C1
:1019200043F63000C4F20200016841F00801016092
:10193000006800F0080000900098FFE70320029084
:10194000022103910021049105900920069040F6A0
:101950000040C4F2020002A900F0BEF8FFE708B0A0
:1019600080BD000080B584B002900298806D019027
:1019700000F0A6FA0090029890F8350002280DD0E9
:10198000FFE7029980204865FFE70299002081F86F
:101990003400FFE701208DF80F0055E00298016840
:1019A000086820F01600086002980168486920F075
:1019B000800048610298006C20B9FFE70298806CB3
:1019C00038B1FFE702980168086820F00800086055
:1019D000FFE702980168086820F001000860FFE74F
:1019E000029800680068C007C8B1FFE700F068FA15
:1019F0000099401A062811D3FFE702992020486574
:101A00000299032081F83500FFE70299002081F850
:101A10003400FFE703208DF80F0015E0E0E702989F
:101A2000C16D3F208840019988600299012081F8AA
:101A30003500FFE70299002081F83400FFE7FFE757
:101A400000208DF80F00FFE79DF80F0004B080BD67
:101A500082B00090009890F83500022807D0FFE788
:101A600000998020486501208DF807000EE000995C
:101A7000052081F8350000980168086820F0010011
:101A80000860FFE700208DF80700FFE79DF80700DA
:101A900002B0704780B584B0039000F011FA029054
:101AA000039801900198013048B1FFE740F201101E
:101AB000C2F200000178019808440190FFE7FFE7B7
:101AC00000F0FEF90299401A0199884201D2FFE71D
:101AD000F6E704B080BD00008EB00D900C910020A0
:101AE0000A90099008900B90FFE70B980F2800F2DE
:101AF000CC81FFE70B99012088400A900C98006880
:101B00000A990840099009980A99884240F0B881DA
:101B1000FFE70C98406800F00300012807D0FFE7BA
:101B20000C98406800F0030002282FD1FFE70D98C1
:101B3000806808900B984100032000FA01F1089892
:101B4000884308900C98C0680B99490000FA01F18D
:101B500008980843089008980D9988600D98406887
:101B600008900B99012000FA01F108988843089029
:101B70000C984068C0F300100B9900FA01F1089826
:101B80000843089008980D994860FFE70C98406852
:101B900000F00300032818D0FFE70D98C0680890F4
:101BA0000B984100032000FA01F10898884308903F
:101BB0000C9880680B99490000FA01F108980843D5
:101BC000089008980D99C860FFE70C98406800F0ED
:101BD0000300022826D1FFE70D980B996FF003024E
:101BE00002EA51010844006A08900B9800F00700CF
:101BF00081000F2000FA01F10898884308900C98A2
:101C000000690B9901F00701890000FA01F10898B9
:101C10000843089008980D990B9B02EA530211445F
:101C20000862FFE70D98006808900B9841000320B8
:101C300000FA01F10898884308900C98406800F079
:101C400003000B99490000FA01F108980843089035
:101C500008980D9908600C9880798007002800F09A
:101C60000E81FFE7FFE70020079043F64400C4F22F
:101C70000200016841F480410160006800F4804086
:101C800007900798FFE70B9820F0030043F6080140
:101C9000C4F20101405808900B9800F00300810045
:101CA0000F2000FA01F10898884308900D98002150
:101CB000C4F20201884203D1FFE7002006905EE0F3
:101CC0000D9840F20041C4F20201884203D1FFE7BF
:101CD0000120059050E00D9840F60001C4F2020189
:101CE000884203D1FFE70220049042E00D9840F6BD
:101CF0000041C4F20201884203D1FFE703200390B0
:101D000034E00D9841F20001C4F20201884203D18F
:101D1000FFE70420029026E00D9841F20041C4F252
:101D20000201884203D1FFE70520019018E00D98D9
:101D300041F60001C4F20201884203D1FFE7062008
:101D400000900AE00D9941F60042C4F20202082018
:101D5000914208BF07200090FFE700980190FFE73D
:101D600001980290FFE702980390FFE70398049020
:101D7000FFE704980590FFE705980690FFE70698AF
:101D8000C0B20B9901F00301890000FA01F1089833
:101D90000843089008980B9921F0030143F60802C4
:101DA000C4F20102885043F60840C4F20100006802
:101DB000089009990898884308900C988079C00683
:101DC000002805D5FFE70999089808430890FFE720
:101DD000089843F60841C4F20101086043F60C403C
:101DE000C4F2010000680890099908988843089097
:101DF0000C9880798006002805D5FFE70999089896
:101E000008430890FFE7089843F60C41C4F201012B
:101E1000086043F60440C4F2010000680890099984
:101E20000898884308900C9880798007002805D589
:101E3000FFE70999089808430890FFE7089843F6D8
:101E40000441C4F20101086043F60040C4F20100FD
:101E50000068089009990898884308900C98807940
:101E6000C00728B1FFE70999089808430890FFE7E1
:101E7000089843F60041C4F201010860FFE7FFE75C
:101E8000FFE70B9801300B902FE60EB07047000073
:101E900082B00190ADF802108DF801209DF801008C
:101EA00028B1FFE7BDF802000199886105E0BDF89F
:101EB0000200000401998861FFE702B0704700004A
:101EC00042F22050C2F200000068704740F2011058
:101ED000C2F20000027842F22051C2F2000108680A
:101EE000104408607047000080B543F60041C4F21A
:101EF0000201086840F400700860086840F48060DF
:101F00000860086840F480700860032000F08AF8D8
:101F10000F2000F005F800F03BF8002080BD000025
:101F200080B582B0009040F22800C2F20000006844
:101F300040F20111C2F200010A784FF47A71B1FB4C
:101F4000F2F1B0FBF1F002F073F820B1FFE70120ED
:101F50008DF8070018E000980F280DD8FFE70099CA
:101F60004FF0FF30002200F043F8009840F20411D7
:101F7000C2F20001086003E001208DF8070003E0D1
:101F800000208DF80700FFE79DF8070002B080BD34
:101F900082B0FFE70020019043F64400C4F2020043
:101FA000016841F480410160006800F480400190C4
:101FB0000198FFE7FFE70020009043F64000C4F2DD
:101FC0000200016841F080510160006800F080501B
:101FD00000900098FFE702B07047000080B582B023
:101FE0008DF807009DF9070008F048FA02B080BD9F
:101FF00080B586B08DF817000491039200200290FE
:1020000008F054FA02909DF9170001900298049983
:10201000039A03F0B1FB0146019808F04FFA06B0AD
:1020200080BD000080B582B00190019808F068FA88
:1020300002B080BD82B001908DF8031002B07047ED
:1020400082B00190ADF80210BDF802000199096854
:102050004862002002B0704784B003908DF80B10E6
:10206000ADF8082003980068406A00909DF80B00C6
:1020700048B9FFE7BDF80810009840EA014003990D
:102080000968886233E003980068816A009800EB71
:102090001140009000208DF80700FFE79DF8070031
:1020A0009DF80B100139884213D2FFE703980068AE
:1020B0009DF8071000EB8100D0F80411009800EBA8
:1020C00011400090FFE79DF8070001308DF80700F0
:1020D000E4E7BDF80810009840EA01400399096858
:1020E0009DF80B2001EB8201C1F80001FFE7002001
:1020F00004B0704780B582B001900198D0F808050F
:1021000005F08AFF02B080BD80B582B001908DF8E5
:102110000310019AD2F808059DF8031001EBC103E2
:1021200002EB8302D26C05F0D3FD02B080BD00004B
:1021300080B582B001908DF80310019AD2F808059D
:102140009DF8031001EBC10302EB8302D2F88C224D
:1021500005F088FE02B080BD80B582B00190019884
:10216000D0F8080505F05EFF02B080BD80B584B0F0
:1021700003908DF80B109DF80B00000600280CD57D
:10218000FFE703989DF80B1001F00F0101EBC1016F
:1021900000EB81003C3001900CE003989DF80B109F
:1021A00001F00F0101EBC10100EB810000F51F7090
:1021B0000190FFE703980068019907F089FD8DF809
:1021C0000A009DF80A0004B080BD000080B584B00C
:1021D00002908DF807109DF80700000600280FD523
:1021E000FFE702989DF8071001F00F0101EBC10114
:1021F00000EB81003C3000900099012048700FE016
:1022000002989DF8071001F00F0101EBC10100EBEE
:10221000810000F51F700090009900204870FFE7D2
:102220009DF8070000F00F0000990870FFE7029882
:1022300090F8BC04012804D1FFE702208DF80F00BC
:1022400014E00299012081F8BC04FFE7FFE702983F
:102250000068009906F064FFFFE70299002081F80A
:10226000BC04FFE700208DF80F00FFE79DF80F008A
:1022700004B080BD80B584B002908DF807109DF841
:10228000070000F00F0002994968884204D9FFE76F
:1022900001208DF80F004DE09DF807000006002892
:1022A0000FD5FFE702989DF8071001F00F0101EB31
:1022B000C10100EB81003C30009000990120487082
:1022C0000FE002989DF8071001F00F0101EBC1012A
:1022D00000EB810000F51F7000900099002048700D
:1022E000FFE70099002088709DF8070000F00F00BC
:1022F00000990870FFE7029890F8BC04012804D107
:10230000FFE702208DF80F0014E00299012081F808
:10231000BC04FFE7FFE702980068009907F080FA25
:10232000FFE70299002081F8BC04FFE700208DF848
:102330000F00FFE79DF80F0004B080BD82B0019050
:102340008DF8031001989DF8031001F00F0101EBC7
:10235000C10100EB8100D0F89C0202B07047000080
:1023600080B586B004908DF80F10ADF80C208DF874
:102370000B3000208DF80A009DF80F0000060028A1
:102380000FD5FFE704989DF80F1001F00F0101EB46
:10239000C10100EB81003C3001900199012048709F
:1023A0000FE004989DF80F1001F00F0101EBC1013F
:1023B00000EB810000F51F7001900199002048702A
:1023C000FFE79DF80F0000F00F0001990870BDF8BD
:1023D0000C000199C8609DF80B00019908710198E3
:1023E000407820B1FFE7019908780881FFE79DF860
:1023F0000B00022804D1FFE7019900204871FFE794
:10240000FFE7049890F8BC04012804D1FFE70220FC
:102410008DF8170015E00499012081F8BC04FFE74E
:10242000FFE704980068019906F034FDFFE704997E
:10243000002081F8BC04FFE79DF80A008DF8170022
:10244000FFE79DF8170006B080BD000080B586B09C
:1024500005908DF813100392029305989DF81310C0
:1024600001F00F0101EBC10100EB810000F51F70CD
:102470000190039801990861029801998861019976
:1024800000200862019948709DF8130000F00F00C9
:102490000199087005980069012804D1FFE70398A5
:1024A00001994861FFE79DF81300000738B9FFE77D
:1024B000059A10680199127C07F066F806E0059A03
:1024C00010680199127C07F04FFAFFE7002006B070
:1024D00080BD000080B584B002908DF807109DF893
:1024E000070000F00F0002994968884204D9FFE70D
:1024F00001208DF80F0058E09DF807000006002825
:102500000FD5FFE702989DF8071001F00F0101EBCE
:10251000C10100EB81003C3000900099012048701F
:102520000DE002989DF8071001EBC10100EB81005E
:1025300000F51F700090009900204870FFE7009997
:10254000012088709DF8070000F00F0000990870C6
:10255000FFE7029890F8BC04012804D1FFE70220AD
:102560008DF80F0021E00299012081F8BC04FFE7FB
:10257000FFE702980068009907F0A2F99DF80700AC
:10258000000740B9FFE7029A1068117C02F2C442CA
:1025900007F0F6F8FFE7FFE70299002081F8BC0496
:1025A000FFE700208DF80F00FFE79DF80F0004B053
:1025B00080BD000080B586B005908DF813100392A1
:1025C000029305989DF8131001F00F0101EBC10172
:1025D00000EB81003C30019003980199086102985A
:1025E00001998861019900200862019901204870D1
:1025F0009DF8130000F00F0001990870059800691C
:10260000012804D1FFE7039801994861FFE79DF88D
:102610001300000738B9FFE7059A10680199127C8A
:1026200006F0B2FF06E0059A10680199127C07F0E7
:102630009BF9FFE7002006B080BD000080B58CB09C
:102640000B900B9800680A900A9809900B98006804
:1026500007F080FC002840F00D84FFE70B9800682D
:1026600007F0E4FC10B9FFE700F004BC0998D0F8CB
:102670000808C0F30D200B99C1F8FC040B98006802
:1026800007F0D4FC8007002807D5FFE70B98016806
:10269000486900F002004861FFE70B98006807F006
:1026A000C5FCC006002862D5FFE70B980168886961
:1026B00020F0100088610A98006A02900B98029935
:1026C00001F00F0101EBC10100EB810000F51F706B
:1026D0000890029800F4F0110220B0EB514F23D182
:1026E000FFE7BDF8080047F6F07108421BD0FFE78E
:1026F0000A9808990969029AC2F30A1207F0A4FC21
:10270000029847F6F07100EA0103089A106900EB9D
:1027100013101061029800EA01020899086A00EBA0
:1027200012100862FFE71BE0029800F4F011062087
:10273000B0EB514F12D1FFE70A980B9901F2C44157
:10274000082207F081FC029847F6F07100EA0102C6
:102750000899086A00EB1210086200E0FFE7FFE743
:102760000B980168886940F010008861FFE70B98BA
:10277000006807F05BFC0003002840F1A680FFE73B
:10278000002004900B98006807F0FEFB0690FFE71E
:102790000698002800F09880FFE79DF81800C00711
:1027A000002800F08A80FFE70B9800689DF8101061
:1027B00007F024FC05909DF81400C00760B1FFE706
:1027C0000998049900EB41110120C1F8080B0B98FE
:1027D000049903F055F8FFE79DF81400000700285E
:1027E0000CD5FFE70998049900EB41110820C1F8C6
:1027F000080B0B98049902F0FDFFFFE79DF8140009
:10280000C006002808D5FFE70998049900EB41119C
:102810001020C1F8080BFFE79DF81400800700287E
:102820002DD5FFE70A9840690006002808D5FFE784
:102830000999D1F8040840F48060C1F80408FFE762
:102840000B98049901EBC10100EB810000F51F70AA
:1028500008900898C078012809D1FFE7089900205E
:10286000C8700B989DF8101000F014FBFFE7099852
:10287000049900EB41110220C1F8080BFFE79DF815
:1028800014008006002808D5FFE70998049900EB9A
:1028900041112020C1F8080BFFE79DF815008006C4
:1028A000002809D5FFE70998049900EB41114FF47E
:1028B0000050C1F8080BFFE7FFE7049801300490CF
:1028C00006984008069063E7FFE70B98006807F05A
:1028D000ADFB4003002840F1C680FFE70B9800687D
:1028E00007F040FB069000200490FFE706980028C0
:1028F00000F0B880FFE79DF81800C007002800F03E
:10290000AA80FFE70B9800689DF8101007F04EFBB7
:1029100005909DF81400C00700283ED0FFE70498FA
:1029200000F00F01012000FA01F10391039B099AC5
:10293000D2F834189943C2F834180999049A01EB73
:102940004211C1F808090B98006901281FD1FFE75F
:102950000B98049901EBC10100EB81018A6CC86CF2
:102960001044C864049888B9FFE70B98049901EBF8
:10297000C10100EB8100406D40B9FFE70B99086889
:1029800001F2C442012106F0FBFEFFE7FFE70B98CE
:102990009DF81010FFF7B8FBFFE79DF81400000743
:1029A000002808D5FFE70998049900EB4111082099
:1029B000C1F80809FFE79DF81400C006002808D5F3
:1029C000FFE70998049900EB41111020C1F80809AC
:1029D000FFE79DF814004006002808D5FFE7099896
:1029E000049900EB41114020C1F80809FFE79DF868
:1029F00014008007002822D5FFE70A98049907F001
:102A00003FFA0B98049901EBC10100EB81003C30C7
:102A100008900898C078012809D1FFE7089900209C
:102A2000C8700B989DF8101000F026FAFFE709987F
:102A3000049900EB41110220C1F80809FFE79DF855
:102A400014000006002805D5FFE70B98049902F052
:102A5000FBFFFFE7FFE70498013004900698400869
:102A6000069043E7FFE70B98006807F0DFFAC00F16
:102A700000B3FFE70999D1F8040820F00100C1F87C
:102A800004080B9890F8F404012808D1FFE70B988C
:102A9000002180F8F4140B98FFF7CCFA03E00B98B0
:102AA00000F0E2FBFFE70B980168486900F0004086
:102AB0004861FFE70B98006807F0B8FA00050028A6
:102AC00011D5FFE70998D0F80808C00720B1FFE743
:102AD0000B9800F057FCFFE70B980168486900F479
:102AE00000604861FFE70B98006807F09FFAC00498
:102AF000002840F18680FFE70999D1F8040820F00A
:102B00000100C1F804080B980068102107F0B8F91B
:102B100000200790FFE707980B994968884231D257
:102B2000FFE70998079900EB41114FF67F30C1F894
:102B300008090999079A01EB4212D2F8001921F409
:102B40000011C2F800190999079A01EB4211C1F866
:102B5000080B0998079900EB4111D1F8000B20F4FC
:102B60000010C1F8000B0998079900EB4111D1F84A
:102B7000000B40F00060C1F8000BFFE70798013040
:102B80000790C8E70999D1F81C0840F00110C1F876
:102B90001C080B98006B78B1FFE70999D1F88408FD
:102BA00040F00B00C1F884080999D1F8440840F0BE
:102BB0000B00C1F844080FE00999D1F8140842F25B
:102BC0002B021043C1F814080999D1F8100840F0FD
:102BD0000B00C1F81008FFE70999D1F8000820F4AC
:102BE000FE60C1F800080B9A1068117C02F2C44222
:102BF00006F0C6FD0B980168486900F480504861F2
:102C0000FFE70B98006807F011FA800400281FD531
:102C1000FFE70B98006806F0ADF90B98006807F025
:102C200073F90B99C8600B980068019000F0FCFCE8
:102C3000014601980B9A127B07F0FEFA0B9800F000
:102C4000E9FA0B980168486900F400504861FFE711
:102C50000B98006807F0EAF9000700280AD5FFE79B
:102C60000B9800F00BFB0B980168486900F0080016
:102C70004861FFE70B98006807F0D8F900060028C4
:102C800025D5FFE70A99886920F080008861012036
:102C90000490FFE704980B994968884216D2FFE731
:102CA0000B98049901EBC10100EB810090F87F02C1
:102CB000012806D1FFE70B989DF81010FFF756FA90
:102CC000FFE7FFE7049801300490E3E7FFE70B9884
:102CD000006807F0ABF9C00200283ED5FFE70120ED
:102CE0000490FFE704980B99496888422ED2FFE7C9
:102CF0000998049900EB4110D0F8000902900B9854
:102D0000049901EBC10100EB810090F8400001281B
:102D100017D1FFE79DF80B000006002811D5FFE74B
:102D20000B98049901EBC10100EB8101012081F8AE
:102D30003F000B989DF8101041F08001FFF716FA44
:102D4000FFE7FFE7049801300490CBE70B98016898
:102D5000486900F480104861FFE70B98006807F0AD
:102D600065F98002002855D5FFE701200490FFE7B0
:102D700004980B994968884245D2FFE7099804995D
:102D800000EB4110D0F8000B02900B98049901EB76
:102D9000C10100EB810090F8800201282ED1FFE7ED
:102DA0009DF80B000006002828D5FFE7029800F4E4
:102DB00080300B99D1F8FC1401F0010188421DD13B
:102DC000FFE70B98049901EBC10100EB81010120A1
:102DD00081F87F020A99886940F0800088610A982A
:102DE00040690006002808D4FFE70999D1F80408D3
:102DF00040F40070C1F8040805E0FFE7FFE704981D
:102E000001300490B4E70B980168486900F40010A1
:102E10004861FFE70B98006807F008F940000028B8
:102E20000AD5FFE70B98FFF765F90B980168486929
:102E300000F080404861FFE70B98006807F0F6F863
:102E40004007002815D5FFE70B98006840680290FE
:102E50009DF808004007002804D5FFE70B98FFF70E
:102E60007BF9FFE7029A0B980168486810434860B5
:102E7000FFE7FFE70CB080BD80B582B001908DF810
:102E800003100198D0F808059DF8031005F066F9C5
:102E900002B080BD80B582B001908DF8031001981A
:102EA000D0F808059DF8031005F090F902B080BD38
:102EB0002DE9F04F97B01590159820B9FFE7012044
:102EC0008DF85B0049E1159800681490159890F80A
:102ED000BD0440B9FFE71599002081F8BC0415989E
:102EE00000F040F9FFE71599032081F8BD0414981C
:102EF000C06BC005002804D4FFE7159900200861C5
:102F0000FFE71598006806F035FB159810900168EA
:102F1000119141688268C368D0F810C0446985691E
:102F2000C669076AD0F82480D0F82890D0F82CA081
:102F3000D0F830B0D0F834E068461290C0F824E001
:102F40001198DDF848E0CEF820B0CEF81CA0CEF8FD
:102F50001890CEF81480CEF81070CEF80C60CEF831
:102F60000850CEF80440CEF800C006F019F840B181
:102F7000FFE71599022081F8BD0401208DF85B0060
:102F8000EBE01598006800210F9107F0B7F80F9853
:102F90008DF84F00FFE79DF84F001599496888426A
:102FA00045D2FFE715989DF84F1001EBC10100EBEA
:102FB0008101012081F83D009DF84F00159900EB3B
:102FC000C00201EB820181F83C009DF84F00159989
:102FD00000EBC00201EB8201A1F8440015989DF8B6
:102FE0004F1001EBC10100EB8101002081F840008E
:102FF00015999DF84F2002EBC20201EB8201886413
:1030000015999DF84F2002EBC20201EB8201C864C2
:1030100015999DF84F2002EBC20201EB8201486531
:10302000FFE79DF84F0001308DF84F00B3E7002017
:103030008DF84F00FFE79DF84F00159949688842C9
:103040003ED2FFE715989DF84F1001EBC10100EB50
:103050008101002081F87D029DF84F10159A01EB47
:10306000C10302EB830282F87C1215999DF84F2070
:1030700002EBC20201EB820181F8800215999DF8F2
:103080004F2002EBC20201EB8201C1F888021599C0
:103090009DF84F2002EBC20201EB8201C1F88C02C5
:1030A00015999DF84F2002EBC20201EB8201C1F895
:1030B0009402FFE79DF84F0001308DF84F00BAE70A
:1030C00015980C9001680D9141688268C368D0F82A
:1030D00010C044698569C669076AD0F82480D0F8B1
:1030E0002890D0F82CA0D0F830B0D0F834E0684662
:1030F0000E90C0F824E00D98DDF838E0CEF820B04E
:10310000CEF81CA0CEF81890CEF81480CEF810702F
:10311000CEF80C60CEF80850CEF80440CEF800C0CF
:1031200006F0C6F840B1FFE71599022081F8BD040A
:1031300001208DF85B0010E0159900200B9081F8BC
:1031400038001599012081F8BD041598006806F033
:1031500099F80B988DF85B00FFE79DF85B0017B0BE
:10316000BDE8F08F80B58AB00990002008900790E4
:1031700006900590049009980068B0F1A04F47D1DF
:10318000FFE7FFE70020039043F63000C4F202009F
:10319000016841F001010160006800F00100039046
:1031A0000398FFE74FF4C0500490022005900020E0
:1031B0000690032007900A2008900020C4F2020025
:1031C00004A9FEF789FCFFE743F63401C4F20201CB
:1031D000086840F080000860FFE70020029043F696
:1031E0004400C4F20200016841F4804101600068BB
:1031F00000F4804002900298FFE7FFE7432001902F
:1032000000221146FEF7F4FE0198FEF7E7FEFFE705
:103210000AB080BD80B582B0019001208DF8030016
:103220000198C06820B9FFE700208DF803000CE08A
:103230000198C068022804D1FFE701208DF803003F
:1032400002E0FEF71FFAFFE7FFE70198D0F8080554
:103250009DF8031005F0BAF80198D0F8080505F0BC
:1032600035F802B080BD000080B582B001900198B1
:10327000D0F8080505F078F802B080BD80B582B0BE
:1032800001900198D0F8080505F080F802B080BDE3
:1032900080B584B002908DF80710FFE7029890F88F
:1032A000BC04012804D1FFE702208DF80F001AE0CA
:1032B0000299012081F8BC04FFE7FFE79DF80700B1
:1032C000029981F83800029800689DF8071006F00E
:1032D00085FFFFE70299002081F8BC04FFE700208A
:1032E0008DF80F00FFE79DF80F0004B080BD0000CF
:1032F00080B582B001900199D1F8080501F2C4416E
:1033000005F08EF802B080BD80B584B002900298BE
:1033100000680190FFE7029890F8BC04012804D1EE
:10332000FFE702208DF80F0027E00299012081F8C5
:10333000BC04FFE7FFE70298806A01280BD1FFE792
:1033400002988069012806D0FFE70199886B40F454
:1033500080308863FFE70298006806F047FD029816
:10336000006805F079FFFFE70299002081F8BC04AE
:10337000FFE700208DF80F00FFE79DF80F0004B075
:1033800080BD000080B582B001900198D0F808059A
:1033900005F0C8F801980168D1F8000E40F001006E
:1033A000C1F8000E0198006A48B1FFE74EF61051CF
:1033B000CEF20001086840F006000860FFE702B0A6
:1033C00080BD000080B584B002900191029820B9C0
:1033D000FFE701208DF80F0021E1019843F600413D
:1033E000C4F20201096801F00701884212D9FFE71F
:1033F000019943F60040C4F202000170006800F039
:1034000007000199884204D0FFE701208DF80F00E2
:1034100005E1FFE702980078800700282AD5FFE73A
:10342000029800784007002809D5FFE743F6080115
:10343000C4F20201086840F4E0500860FFE7029817
:1034400000780007002809D5FFE743F60801C4F219
:103450000201086840F460400860FFE743F6080195
:10346000C4F20201086820F0F000029A926810434A
:103470000860FFE702980078C00700286ED0FFE7D9
:1034800002984068012811D1FFE743F60000C4F21A
:103490000200006800F400310020B0EB514F04D16D
:1034A000FFE701208DF80F00B9E02CE0029840689A
:1034B000022805D0FFE702984068032811D1FFE7F2
:1034C00043F60000C4F20200006800F00071002022
:1034D000B0EB516F04D1FFE701208DF80F009EE0A3
:1034E00010E043F60000C4F20200006800F00201A0
:1034F0000020B0EB510F04D1FFE701208DF80F0041
:103500008DE0FFE7FFE743F60801C4F20201086817
:1035100020F00300029A526810430860FEF7D0FCC6
:103520000090FFE743F60800C4F20200006800F0D4
:103530000C0002994968B0EB810F0ED0FFE7FEF74F
:10354000BFFC0099401A41F28931884204D3FFE759
:1035500003208DF80F0062E0E4E7FFE7019843F6EF
:103560000041C4F20201096801F00701884212D249
:10357000FFE7019943F60040C4F2020001700068C1
:1035800000F007000199884204D0FFE701208DF880
:103590000F0044E0FFE702980078400700280CD5B0
:1035A000FFE743F60801C4F20201086820F4E05086
:1035B000029AD26810430860FFE70298007800077B
:1035C00000280DD5FFE743F60801C4F202010868A0
:1035D00020F46040029A126940EAC2000860FFE7E6
:1035E00000F04CF843F60801C4F202010968C9B2C0
:1035F0000A094BF25C11C0F60001895CC84040F238
:103600002801C2F20001086040F20410C2F200007A
:103610000068FEF785FC00208DF80F00FFE79DF89D
:103620000F0004B080BD000040F22800C2F200008C
:103630000068704780B5FFF7F7FF43F60801C4F252
:1036400002010968C1F382224BF26C11C0F600013D
:10365000895CC84080BD000080B5FFF7E5FF43F6F8
:103660000801C4F20201096889B24A0B4BF26C11DD
:10367000C0F60001895CC84080BD000080B586B0FE
:103680000020059004900390029043F60800C4F2D5
:103690000200006800F00C000146019140B1FFE714
:1036A000019804280AD0FFE7019808280CD04FE0C1
:1036B00042F20040C0F2F40002904FE041F20020DC
:1036C000C0F27A00029049E043F60400C4F202001E
:1036D000016801F03F01059100684002002813D500
:1036E000FFE743F60400C4F202000068C0F388104C
:1036F00041F20021C0F27A01A0FB0101059A0023EA
:10370000FCF75EFD049012E043F60400C4F20200F0
:103710000068C0F3881042F20041C0F2F401A0FB3F
:103720000101059A0023FCF74BFD0490FFE743F6E7
:103730000400C4F20200006800F44031022000EBF3
:10374000D130039004980399B0FBF1F0029005E0AA
:1037500042F20040C0F2F4000290FFE7029806B087
:1037600080BD000080B586B00490049820B9FFE7C2
:1037700001208DF8170050E304980078C007002856
:1037800000F0A580FFE743F60800C4F202000068DD
:1037900000F00C00042813D0FFE743F60800C4F241
:1037A0000200006800F00C0008281ED1FFE743F675
:1037B0000400C4F2020000684002002815D5FFE7AB
:1037C00043F60000C4F20200006800F4003100205B
:1037D000B0EB514F08D0FFE70498406820B9FFE7ED
:1037E00001208DF8170018E370E0FFE704984068A7
:1037F000B0F5803F09D1FFE743F60001C4F20201B2
:10380000086840F48030086020E004984068B0F513
:10381000A02F0DD1FFE743F60001C4F202010868B2
:1038200040F480200860086840F4803008600CE0B4
:1038300043F60001C4F20201086820F480300860F9
:10384000086820F480200860FFE7FFE7FFE704989E
:103850004068E8B1FFE7FEF733FB0390FFE743F66C
:103860000000C4F20200006800F400310020B0EB58
:10387000514F0CD1FFE7FEF723FB0399401A65284F
:1038800004D3FFE703208DF81700C6E2E7E71CE04A
:10389000FEF716FB0390FFE743F60000C4F20200B8
:1038A000006800F400310020B0EB514F0CD0FFE76E
:1038B000FEF706FB0399401A652804D3FFE70320AF
:1038C0008DF81700A9E2E7E7FFE7FFE7FFE70498B5
:1038D00000788007002840F19680FFE743F6080053
:1038E000C4F20200006810F00C0F13D0FFE743F69B
:1038F0000800C4F20200006800F00C0008282CD177
:10390000FFE743F60400C4F202000068400200280A
:1039100023D4FFE743F60000C4F20200006800F081
:1039200002010020B0EB510F09D0FFE70498C068F6
:10393000012804D0FFE701208DF817006DE243F65F
:103940000001C4F20201086820F0F800049A12692C
:1039500040EAC2000860FFE754E00498C06870B312
:10396000FFE70021C4F2472101200860FEF7A8FA12
:103970000390FFE743F60000C4F20200006800F085
:1039800002010020B0EB510F0CD1FFE7FEF798FACF
:103990000399401A032804D3FFE703208DF817008A
:1039A0003BE2E7E743F60001C4F20201086820F0B9
:1039B000F800049A126940EAC200086021E0002180
:1039C000C4F2472100200860FEF77AFA0390FFE76F
:1039D00043F60000C4F20200006800F0020100207B
:1039E000B0EB510F0CD0FFE7FEF76AFA0399401ACB
:1039F000032804D3FFE703208DF817000DE2E7E763
:103A0000FFE7FFE7FFE704980078000700284BD5A1
:103A1000FFE70498406918B3FFE740F68061C4F2FD
:103A2000472101200860FEF74BFA0390FFE743F6B9
:103A30007400C4F20200006800F002010020B0EB44
:103A4000510F0CD1FFE7FEF73BFA0399401A032808
:103A500004D3FFE703208DF81700DEE1E7E722E05B
:103A600040F68061C4F2472100200860FEF728FA82
:103A70000390FFE743F67400C4F20200006800F010
:103A800002010020B0EB510F0CD0FFE7FEF718FA4F
:103A90000399401A032804D3FFE703208DF8170089
:103AA000BBE1E7E7FFE7FFE704980078400700285D
:103AB00040F1CE80FFE700208DF8070043F640007C
:103AC000C4F202000068C000002815D4FFE7FFE739
:103AD0000020009043F64000C4F20200016841F06B
:103AE00080510160006800F0805000900098FFE76E
:103AF00001208DF80700FFE747F20000C4F2000044
:103B00000068C005002822D4FFE747F20001C4F294
:103B10000001086840F480700860FEF7D1F9039056
:103B2000FFE747F20000C4F200000068C00500286B
:103B30000CD4FFE7FEF7C4F90399401A032804D315
:103B4000FFE703208DF8170067E1EAE7FFE7FFE7EB
:103B500004988068012809D1FFE743F67001C4F298
:103B60000201086840F0010008601FE004988068C6
:103B700005280DD1FFE743F67001C4F20201086881
:103B800040F004000860086840F0010008600CE0A4
:103B900043F67001C4F20201086820F001000860D9
:103BA000086820F004000860FFE7FFE7FFE70498DB
:103BB0008068F8B1FFE7FEF783F90390FFE743F66B
:103BC0007000C4F20200006800F002010020B0EBB7
:103BD000510F0ED1FFE7FEF773F90399401A41F236
:103BE0008931884204D3FFE703208DF8170014E1E0
:103BF000E5E71EE0FEF764F90390FFE743F6700087
:103C0000C4F20200006800F002010020B0EB510F86
:103C10000ED0FFE7FEF754F90399401A41F28931BB
:103C2000884204D3FFE703208DF81700F5E0E5E7AD
:103C3000FFE79DF80700012809D1FFE743F640019F
:103C4000C4F20201086820F080500860FFE7FFE737
:103C500004988069002800F0DC80FFE743F6080044
:103C6000C4F20200006800F00C00082800F0858013
:103C7000FFE70498806902285CD1FFE76021C4F265
:103C8000472100200860FEF71BF90390FFE743F689
:103C90000000C4F20200006800F000710020B0EBE8
:103CA000516F0CD0FFE7FEF70BF90399401A032878
:103CB00004D3FFE703208DF81700AEE0E7E704998F
:103CC000C869D1F820C04B6A8A6A40EA0C0040EA11
:103CD0008310D2034FF6FF739A43A2F5803210434C
:103CE000C96A40EA016043F60401C4F202010860B7
:103CF0006021C4F2472101200860FEF7E1F803903B
:103D0000FFE743F60000C4F20200006800F0007113
:103D10000020B0EB516F0CD1FFE7FEF7D1F803990B
:103D2000401A032804D3FFE703208DF8170074E03E
:103D3000E7E721E06021C4F2472100200860FEF798
:103D4000BFF80390FFE743F60000C4F202000068EA
:103D500000F000710020B0EB516F0CD0FFE7FEF7D0
:103D6000AFF80399401A032804D3FFE703208DF826
:103D7000170052E0E7E7FFE74AE00498806901286E
:103D800004D1FFE701208DF8170046E043F6040058
:103D9000C4F202000068029004988069012831D0C2
:103DA000FFE7029800F480000499C969884229D18C
:103DB000FFE7029800F03F000499096A884221D188
:103DC000FFE7029847F6C07108400499496AB0EBD2
:103DD000811F17D1FFE7029800F440300499896AE7
:103DE000C9034FF6FF729143A1F58031884209D192
:103DF000FFE7029800F070600499C96AB0EB016FA8
:103E000004D0FFE701208DF8170006E0FFE7FFE789
:103E1000FFE700208DF81700FFE79DF8170006B0B8
:103E200080BD000080B584B00290029820B9FFE701
:103E300001208DF80F0071E00298406A60B9FFE739
:103E400002984068B0F5827F01D1FFE703E0029954
:103E50000020C861FFE705E002990020086102998F
:103E60004861FFE7029900208862029890F85100AB
:103E700040B9FFE70299002081F85000029800F055
:103E800051F8FFE70299022081F851000298016879
:103E9000086820F040000860029A0192116850689A
:103EA000D2F808C0D36800F482700CF4044C60446B
:103EB00003F400631844136903F0020318445369C0
:103EC00003F001031844936903F400731844D369A1
:103ED00003F038031844136A03F080031843926A0E
:103EE00002F4005210430860029A508B00F0040064
:103EF0001168526A02F0100210444860029801688A
:103F0000C86920F40060C861029900204865029ADF
:103F1000012182F851108DF80F00FFE79DF80F0086
:103F200004B080BD80B58AB0099000200890079049
:103F30000690059004900998006843F20001C4F2CD
:103F40000101884233D1FFE7FFE70020039043F6E9
:103F50004400C4F20200016841F48051016000682D
:103F600000F4805003900398FFE7FFE700200290E1
:103F700043F63000C4F20200016841F00101016023
:103F8000006800F0010002900298FFE7E020049032
:103F9000022005900020069003200790052008903D
:103FA0000020C4F2020004A9FDF796FD3EE0099846
:103FB000006843F60041C4F20001884235D1FFE7B2
:103FC000FFE70020019043F64000C4F202000168C0
:103FD00041F400410160006800F400400190019844
:103FE000FFE7FFE70020009043F63000C4F2020034
:103FF000016841F004010160006800F004000090D5
:104000000098FFE74FF4E050049002200590002054
:104010000690032007900620089040F60000C4F2A6
:10402000020004A9FDF758FDFFE7FFE70AB080BDD5
:1040300080B582B00190019801F09CFF02B080BD74
:1040400081B0009001B0704781B0009001B070471E
:1040500085B003900291FFE7039890F83C00012897
:1040600004D1FFE702208DF813007EE003990120C0
:1040700081F83C00FFE7FFE70399022081F83D004B
:104080000398006840680190039800688068009079
:10409000019820F07000019002980168019808438F
:1040A000019001980399096848600398006800210D
:1040B000C4F2010188423CD0FFE703980068B0F1E8
:1040C000804F36D0FFE70398006840F20041C4F209
:1040D000000188422DD0FFE70398006840F60001F8
:1040E000C4F20001884224D0FFE70398006840F63C
:1040F0000041C4F2000188421BD0FFE7039800682A
:1041000040F20041C4F20101884212D0FFE7039857
:10411000006844F20001C4F20101884209D0FFE7BF
:104120000398006841F60001C4F2000188420ED1F4
:10413000FFE7009820F08000009002984168009806
:10414000084300900098039909688860FFE7039985
:10415000012081F83D00FFE70399002081F83C0031
:10416000FFE700208DF81300FFE79DF8130005B06E
:104170007047000080B582B00090009820B9FFE73A
:1041800001208DF807003FE0009890F83D0040B90D
:10419000FFE70099002081F83C00009800F038F813
:1041A000FFE70099022081F83D00009951F8040BC7
:1041B00001F07EFF0099012081F84600FFE7009999
:1041C000012081F83E00009981F83F00009981F8B4
:1041D0004000009981F84100FFE7FFE700990120C6
:1041E00081F84200009981F84300009981F8440069
:1041F000009981F84500FFE70099012081F83D0012
:1042000000208DF80700FFE79DF8070002B080BD91
:1042100080B584B0039003980068B0F1804F1BD143
:10422000FFE7FFE70020029043F64000C4F20200DF
:10423000016841F001010160006800F00100029096
:104240000298FFE71C20019000221146FDF7D0FEE6
:104250000198FDF7C3FEFFE704B080BD83B0019075
:10426000019890F83D00012804D0FFE701208DF867
:104270000B006AE00199022081F83D000198016875
:10428000C86840F00100C860019800680021C4F2CD
:10429000010188423CD0FFE701980068B0F1804FEF
:1042A00036D0FFE70198006840F20041C4F20001F7
:1042B00088422DD0FFE70198006840F60001C4F263
:1042C0000001884224D0FFE70198006840F60041D1
:1042D000C4F2000188421BD0FFE70198006840F259
:1042E0000041C4F20101884212D0FFE70198006842
:1042F00044F20001C4F20101884209D0FFE70198AD
:10430000006841F60001C4F20001884212D1FFE7C3
:1043100001980068806800F0070000900098062867
:1043200007D0FFE701980168086840F001000860C5
:10433000FFE706E001980168086840F001000860A6
:10434000FFE700208DF80B00FFE79DF80B0003B09E
:104350007047000080B586B00490039100208DF86E
:104360000B00FFE7049890F83C00012804D1FFE718
:1043700002208DF81700ABE00499012081F83C0081
:10438000FFE7FFE70499022081F83D0004980068E8
:1043900080680190019820F077000190019820F446
:1043A0007F4001900198049909688860039800682B
:1043B0000090002872D0FFE7009810286ED0FFE729
:1043C000009820286AD0FFE70098302866D0FFE7E1
:1043D0000098402855D0FFE70098502837D0FFE7D5
:1043E0000098602840D0FFE7009870280BD0FFE7C6
:1043F0000098B0F5805F05D0FFE70098B0F5005F4A
:1044000016D052E055E004980068039B5A689968FA
:10441000DB6801F01BFF0498006880680190019838
:1044200040F077000190019804990968886040E0A5
:1044300004980068039B5A689968DB6801F006FFDE
:1044400004980168886840F48040886031E00498EE
:104450000068039A5168D26801F028FF0498006848
:10446000502101F00DFF24E004980068039A516880
:10447000D26801F043FF04980068602101F000FF5A
:1044800017E004980068039A5168D26801F00EFFA3
:1044900004980068402101F0F3FE0AE004980068E7
:1044A0000399096801F0ECFE03E001208DF80B0090
:1044B000FFE70499012081F83D00FFE704990020FF
:1044C00081F83C00FFE79DF80B008DF81700FFE72F
:1044D0009DF8170006B080BD81B0009001B0704714
:1044E00080B582B0019001980068006900F0020177
:1044F0000020B0EB510F28D0FFE701980068C0689A
:1045000000F002010020B0EB510F1DD0FFE7019831
:1045100001686FF002000861019901200877019895
:1045200000688069800720B1FFE70198FFF7D4FF9A
:1045300006E0019800F012F9019800F013F9FFE786
:10454000019900200877FFE7FFE7019800680069FC
:1045500000F004010020B0EB910F29D0FFE7019893
:104560000068C06800F004010020B0EB910F1ED07D
:10457000FFE7019801686FF00400086101990220CB
:10458000087701980068806910F4407F04D0FFE745
:104590000198FFF7A1FF06E0019800F0DFF801980D
:1045A00000F0E0F8FFE7019900200877FFE7FFE758
:1045B00001980068006900F008010020B0EBD10FFD
:1045C00028D0FFE701980068C06800F008010020CB
:1045D000B0EBD10F1DD0FFE7019801686FF0080024
:1045E000086101990420087701980068C069800774
:1045F00020B1FFE70198FFF76FFF06E0019800F098
:10460000ADF8019800F0AEF8FFE7019900200877B7
:10461000FFE7FFE701980068006900F01001002043
:10462000B0EB111F29D0FFE701980068C06800F0C7
:1046300010010020B0EB111F1ED0FFE701980168A8
:104640006FF0100008610199082008770198006850
:10465000C06910F4407F04D0FFE70198FFF73CFFEA
:1046600006E0019800F07AF8019800F07BF8FFE787
:10467000019900200877FFE7FFE7019800680069CB
:10468000C00780B1FFE701980068C068C00748B163
:10469000FFE7019801686FF001000861019800F0E0
:1046A00065F8FFE7FFE7019800680069C1B20020E4
:1046B000B0EBD11F13D0FFE701980068C068C1B20A
:1046C0000020B0EBD11F09D0FFE7019801686FF01F
:1046D000800008610198FFF7B3FCFFE7FFE701984E
:1046E0000068006900F040010020B0EB911F14D079
:1046F000FFE701980068C06800F040010020B0EBBF
:10470000911F09D0FFE7019801686FF04000086130
:10471000019800F02FF8FFE7FFE7019800680069B3
:1047200000F020010020B0EB511F14D0FFE70198EA
:104730000068C06800F020010020B0EB511F09D0D4
:10474000FFE7019801686FF0200008610198FFF70A
:104750007BFCFFE7FFE702B080BD000081B0009066
:1047600001B0704781B0009001B0704781B00090F7
:1047700001B0704781B0009001B0704782B00190E5
:10478000ADF8021002B0704781B0009001B07047E0
:1047900080B592B01190119800680068109011983F
:1047A0000068C0680F901198006840690E90002062
:1047B0000D900C90109800F00F000D900D9888B996
:1047C000FFE79DF84000800600280AD5FFE79DF826
:1047D0003C008006002804D5FFE7119801F026FE72
:1047E000E3E1FFE70D98002800F0C280FFE79DF8A5
:1047F0003800C00738B9FFE7BDF83C0010F4907FDF
:1048000000F0B680FFE79DF84000C00758B1FFE711
:104810009DF83D00C00730B1FFE71199086C40F0EA
:1048200001000864FFE79DF84000400700280BD511
:10483000FFE79DF83800C00730B1FFE71199086C19
:1048400040F002000864FFE79DF840008007002860
:104850000BD5FFE79DF83800C00730B1FFE711998D
:10486000086C40F004000864FFE79DF84000000772
:10487000002811D5FFE79DF83C008006002805D4EC
:10488000FFE79DF83800C00730B1FFE71199086CC9
:1048900040F008000864FFE71198006C002866D01B
:1048A000FFE79DF84000800600280AD5FFE79DF845
:1048B0003C008006002804D5FFE7119801F0B6FD02
:1048C000FFE7119800684069C0F380100C901198C0
:1048D000006C0007002804D4FFE70C9800283ED0A5
:1048E000FFE7119801F044FD119800684069400607
:1048F00000282FD5FFE7FFE7FFE71198006850E891
:10490000050F20F040000B90FFE70B99119802680B
:1049100042E805100028F0D1FFE7FFE71198806B0F
:1049200098B1FFE71198816B46F25130C0F6000054
:1049300008651198806BFDF78BF828B1FFE7119897
:10494000806B016D8847FFE703E01198FFF71CFFBC
:10495000FFE703E01198FFF717FFFFE706E0119864
:10496000FFF712FF119900200864FFE7FFE71CE141
:104970001198006B012840F0F880FFE79DF8400097
:10498000C006002840F1F180FFE79DF83C00C0061A
:10499000002840F1EA80FFE7FFE700200A90119825
:1049A000006800680A901198006840680A900A98A8
:1049B000FFE7119800684069400600287ED5FFE7B0
:1049C0001198806B00684068ADF82600BDF826009D
:1049D000002872D0FFE7BDF826001199898D884222
:1049E0006BDAFFE7BDF826001199C8851198806B36
:1049F000C069B0F5807F58D0FFE7FFE7FFE7119867
:104A0000006850E8030F20F480700890FFE70899D1
:104A10001198026842E803100028F0D1FFE7FFE791
:104A2000FFE7FFE71198006850E8050F20F001004C
:104A30000790FFE707991198026842E805100028DF
:104A4000F0D1FFE7FFE7FFE7FFE71198006850E8C4
:104A5000050F20F040000690FFE7069911980268C4
:104A600042E805100028F0D1FFE7FFE71199202068
:104A700081F83E00119900200863FFE7FFE71198D5
:104A8000006850E8030F20F010000590FFE705993B
:104A90001198026842E803100028F0D1FFE7FFE711
:104AA0001198806BFCF75EFFFFE71198818DC28D36
:104AB000891A89B2FFF762FEFFE776E01199888DC7
:104AC000C98D401AADF812001198C08D00284BD046
:104AD000FFE7BDF81200002846D0FFE7FFE7FFE739
:104AE0001198006850E8030F20F490700390FFE7DE
:104AF00003991198026842E803100028F0D1FFE7FB
:104B0000FFE7FFE7FFE71198006850E8050F20F086
:104B100001000290FFE702991198026842E805102F
:104B20000028F0D1FFE7FFE71199202081F83E002F
:104B3000119900200863FFE7FFE71198006850E82B
:104B4000030F20F010000190FFE70199119802680F
:104B500042E803100028F0D1FFE7FFE71198BDF805
:104B60001210FFF70BFEFFE71FE09DF84000000664
:104B700000280AD5FFE79DF83C000006002804D570
:104B8000FFE7119801F0DAFD0FE09DF840004006C4
:104B900000280AD5FFE79DF83C004006002804D510
:104BA000FFE7119801F02EFCFFE712B080BD000076
:104BB00080B582B00090009820B9FFE701208DF801
:104BC00007003EE00098806908B1FFE700E0FFE7DA
:104BD000009890F83D0040B9FFE70099002081F867
:104BE0003C00009800F032F8FFE70099242081F89B
:104BF0003D0000980168C86820F40050C860009823
:104C000001F0C6FC00980168086920F49040086132
:104C100000980168486920F02A00486100980168FE
:104C2000C86840F40050C860009900200864009AE9
:104C3000202182F83D10009A82F83E108DF807007E
:104C4000FFE79DF8070002B080BD000080B58AB084
:104C5000099000200890079006900590049009980C
:104C6000006841F20001C4F2010188423ED1FFE731
:104C7000FFE70020039043F64400C4F202000168FD
:104C800041F010010160006800F0100003900398EB
:104C9000FFE7FFE70020029043F63000C4F2020075
:104CA000016841F002010160006800F0020002901A
:104CB0000298FFE7C0200490022005900020009099
:104CC0000690032007900720089040F20040C4F2AD
:104CD000020004A9FCF700FF009A2520019011466C
:104CE000FDF786F90198FDF779F9FFE70AB080BD75
:104CF00080B584B002900191ADF80220029890F83E
:104D00003E00202828D1FFE7019820B1FFE7BDF839
:104D1000020020B9FFE701208DF80F0020E0FFE737
:104D2000029890F83C00012804D1FFE702208DF89A
:104D30000F0015E00299012081F83C00FFE7FFE732
:104D400002990020086302980199BDF8022001F041
:104D5000BDFC8DF80F0003E002208DF80F00FFE787
:104D60009DF80F0004B080BD80B582B0019001981D
:104D7000006841F20001C4F2010188422AD1FFE734
:104D800042F21C00C2F20000007840B1FFE740F29E
:104D90002810C2F20000007800F0D8FFFFE740F2D0
:104DA0000010C2F20000007840B1FFE740F2281086
:104DB000C2F20000007805F0C3FCFFE741F6E460B2
:104DC000C2F2000040F22811C2F200010122FFF7F6
:104DD0008FFFFFE702B080BD80B58AB008900791D1
:104DE000ADF81A20059300200290089890F83D0035
:104DF000202840F09080FFE7079820B1FFE7BDF83A
:104E00001A0020B9FFE701208DF8270087E0FFE7AF
:104E1000089890F83C00012804D1FFE702208DF8A3
:104E200027007CE00899012081F83C00FFE7FFE7BC
:104E30000899002008640899212081F83D00FDF7B9
:104E40003FF80290BDF81A0008998884BDF81A004E
:104E50000899C88408988068B0F5805F09D1FFE799
:104E60000898006928B9FFE700200490079803908C
:104E700004E00798049000200390FFE7FFE70899FB
:104E8000002081F83C00FFE7FFE70898C08C58B38A
:104E9000FFE70898029B05996A461160802100226D
:104EA00001F00AFD20B1FFE703208DF8270036E06E
:104EB000049858B9FFE7039800886FF35F200899BA
:104EC0000968486003980230039008E0049800786D
:104ED000089909684860049801300490FFE7089930
:104EE000C88C0138C884D0E70898029B05996A46A7
:104EF00011604021002201F0DFFC20B1FFE7032018
:104F00008DF827000BE00899202081F83D00002053
:104F10008DF8270003E002208DF82700FFE79DF8B9
:104F200027000AB080BD000081B0009001B070473A
:104F3000FFE7FEE783B0029001918DF80320002087
:104F40008DF802008DF80200FFE79DF802009DF841
:104F50000310884229DAFFE70298000F092809D8D0
:104F6000FFE70298000F303001999DF8022001F808
:104F7000120009E00299372000EB117001999DF8A9
:104F8000022001F81200FFE7029800010290019848
:104F90009DF8021000EB410100204870FFE79DF8EA
:104FA000020001308DF80200CFE703B07047000027
:104FB00080B582B001900198FBF757F9ADF8020077
:104FC0000020ADF80000FFE7BDF80000BDF80210BA
:104FD00088420DDAFFE70198BDF80010405C00F050
:104FE000B5FEFFE7BDF800000130ADF80000EBE7CB
:104FF00002B080BD80B582B0019001980090FBF7AF
:1050000034F9009982B241F6E460C2F200006423F0
:10501000FFF7E2FE02B080BD80B582B041F6B40079
:10502000C2F20000009046F20041C4F200010160AB
:1050300010214160002101918160C16001614161E5
:10504000017641768176C17601774177FCF752FB94
:1050500018B1FFE7FCF716FBFFE702B080BD0000C8
:1050600080B59AB00020199018901790169015905E
:10507000FFE70020149043F63000C4F202000168FC
:1050800041F010010160006800F0100014901498C5
:10509000FFE7FFE70020139043F63000C4F2020060
:1050A000016841F004010160006800F00400139001
:1050B0001398FFE7FFE70020129043F63000C4F298
:1050C0000200016841F080010160006800F080008A
:1050D00012901298FFE7FFE70020119043F630008E
:1050E000C4F20200016841F001010160006800F0B3
:1050F000010011901198FFE7FFE70020109043F6A0
:105100003000C4F20200016841F002010160006851
:1051100000F0020010901098FFE7FFE700200F90CA
:1051200043F63000C4F20200016841F0080101605A
:10513000006800F008000F900F98FFE70020C4F20D
:10514000020002900B21019100220C92FCF7A0FEBC
:105150000C9A40F60000C4F2020004903021039142
:10516000FCF796FE0C9A40F20040C4F20200069052
:1051700041F602010591FCF78BFE0C9A41F200000A
:10518000C4F2020008904BF280510791FCF780FEB8
:105190000C9A40F60040C4F202000D904FF45061AA
:1051A0000991FCF775FE08980C9944F67F22159238
:1051B00003220B921692179115A90E91FCF78CFC05
:1051C00004980B9B0C9A0E994EF2CF3CCDF854C02C
:1051D00016931792FCF780FC019B02980C9A0E998B
:1051E000159301230A93169317921892FCF774FCF7
:1051F00002980B9B0C9A0E9948F2147CCDF854C07F
:1052000016931792FCF768FCDDF80CC004980A9B13
:105210000C9A0E99CDF854C0169317921892FCF779
:105220005BFC06980B9B0C9A0E994EF23D7CCDF8D8
:1052300054C016931792FCF74FFCDDF814C0069883
:105240000A9B0C9A0E99CDF854C016931792189297
:10525000FCF742FCDDF81CC008980A9B0C9A0E99DA
:10526000CDF854C0169317921892FCF735FCDDF870
:1052700024C00A9B0C9A0D980E99CDF854C0169331
:1052800017921892FCF728FC0B9B0C9A0D980E991C
:105290004FF2FC2CCDF854C016931792FCF71CFC6F
:1052A0001AB080BD80B582B041F6EC50C2F2000069
:1052B000009043F20001C4F2010101604FF48271D9
:1052C0004160002101918160C160016141614FF441
:1052D00000728261C1610162416281620A21C16220
:1052E000FEF7A0FD18B1FFE7FCF7CCF9FFE702B02D
:1052F00080BD000080B582B041F64460C2F200007B
:10530000009043F60041C4F2000101604FF4827145
:105310004160002101918160C160016141614FF4F0
:1053200000728261C1610162416281620A21C162CF
:10533000FEF778FD18B1FFE7FCF7A4F9FFE702B02C
:1053400080BD000080B588B00021019107910691D1
:10535000059104910391029141F69C60C2F2000014
:105360004FF0804202605422426081604FF0FF3271
:10537000C26001618161FEF7FDFE18B1FFE7FCF735
:1053800081F9FFE74FF48050049041F69C60C2F22F
:10539000000004A9FEF7DEFF18B1FFE7FCF772F981
:1053A000FFE700200290039041F69C60C2F20000EB
:1053B00002A9FEF74DFE18B1FFE7FCF763F9FFE71E
:1053C00008B080BD80B582B041F6E460C2F2000052
:1053D000019041F20001C4F2010101604FF4E1319A
:1053E000416000218160C16001610C2242618161E4
:1053F000C161FFF7DDFB18B1FFE7FCF743F9FFE7F9
:1054000002B080BD80B541F2D850C2F2000040F237
:105410000C01C2F20001002202F0E8FB18B1FFE724
:10542000FCF730F9FFE741F2D850C2F2000040F239
:105430002C01C2F2000103F0D9F818B1FFE7FCF724
:1054400021F9FFE741F2D850C2F2000040F2C80152
:10545000C2F2000101F004FE18B1FFE7FCF712F9F7
:10546000FFE741F2D850C2F2000003F049FA18B148
:10547000FFE7FCF707F9FFE780BD0000FFE7FEE765
:1054800080B584B08DF80F008DF80E109DF80E00D9
:10549000002818BF01208DF80D009DF80F0041383D
:1054A00001460191392800F25F800199DFE801F09F
:1054B0003B46515C5C5C5C5C5C5C5C5C5C5C5C5C6E
:1054C0005C5C5C5C5C5C5C1D26305C5C5C5C5C5CBD
:1054D0003B46515C5C5C5C5C5C5C5C5C5C5C5C5C4E
:1054E0005C5C5C5C5C5C5C1D26309DF80D200020E3
:1054F000C4F202000221FCF7CBFC35E09DF80D2040
:1055000040F60000C4F202002021FCF7C1FC2BE0B1
:105510009DF80D2041F20000C4F202004FF48071AA
:10552000FCF7B6FC20E09DF80D2041F20000C4F22B
:1055300002004FF40051FCF7ABFC15E09DF80D2084
:1055400040F20040C4F202004FF48051FCF7A0FC8E
:105550000AE09DF80D2040F60040C4F202004FF42E
:105560000061FCF795FCFFE700200290FFE702983E
:10557000312806DCFFE700BFFFE702980130029008
:10558000F5E704B080BD000080B582B08DF807005B
:105590008DF806109DF80600B0FA80F040098DF8ED
:1055A00005009DF80700413801460091392800F2B6
:1055B00054800099DFE801F0303B46515151515180
:1055C0005151515151515151515151515151511DFF
:1055D0001D26515151515151303B4651515151515C
:1055E0005151515151515151515151515151511DDF
:1055F0001D269DF805200020C4F202000821FCF7BA
:1056000047FC2AE09DF8052040F20040C4F2020069
:105610000221FCF73DFC20E09DF8052041F200004E
:10562000C4F202004FF48061FCF732FC15E09DF8F3
:10563000052041F20000C4F202004FF40041FCF7E3
:1056400027FC0AE09DF8052040F60040C4F2020065
:105650004FF48071FCF71CFCFFE702B080BD000036
:1056600080B586B08DF817009DF8170041380146C7
:105670000191392800F258800199DFE801F03741A3
:105680004B555555555555555555555555555555D4
:1056900055555555551D252E55555555555537417B
:1056A0004B555555555555555555555555555555B4
:1056B00055555555551D252E0020C4F20200049065
:1056C0000120ADF80E0030E040F60000C4F2020008
:1056D00004901020ADF80E0027E041F20000C4F263
:1056E000020004908020ADF80E001EE041F20000A0
:1056F000C4F2020004904FF48050ADF80E0014E0A4
:1057000040F20040C4F2020004904FF40060ADF893
:105710000E000AE040F60040C4F2020004904FF48C
:105720008060ADF80E0000E019E00498BDF80E109E
:105730000122FCF7ADFB00200290FFE70298312820
:1057400006DCFFE700BFFFE7029801300290F5E7B3
:105750000498BDF80E100022FCF79AFBFFE706B094
:1057600080BD000080B505F013F804F07DFF04F063
:10577000E5FE80BDFFE7FEE788B007900691059241
:10578000079800F0070004900498C0F1070005286E
:1057900003D3FFE70420019004E00498C0F1070060
:1057A0000190FFE70198039004980430062803D87D
:1057B000FFE70020009003E0049803380090FFE723
:1057C0000098029006980399012202FA01F101392A
:1057D0000840029B984005999A40013A11400843BD
:1057E00008B0704780B541F6E000C2F20000FCF757
:1057F00025FF80BD80B586B00590049105980068AE
:105800000390039802900398006C01900298049909
:1058100000EB4110D0F8080B0090019843F20B0107
:10582000C4F6547188420FD3FFE79DF801000006CB
:10583000002809D5FFE70298049900EB41114FF4C5
:105840000040C1F8080BFFE70598FDF751FD0198EE
:1058500043F20B01C4F6547188420DD3FFE705985B
:105860000069012808D1FFE70599086801F2C442E0
:10587000012103F085FFFFE7002006B080BD000096
:1058800080B588B007900691079800680490049846
:1058900003900498006C02900398069900EB411065
:1058A000D0F8080B019007980069012840F081802A
:1058B000FFE79DF804000007002818D5FFE70298CD
:1058C00043F20B01C4F6547188420FD3FFE79DF8F1
:1058D00005000006002809D5FFE70398069900EBAC
:1058E00041114FF40040C1F8080BFFE760E09DF85C
:1058F00004008006002808D5FFE70398069900EB0E
:1059000041112020C1F8080B51E09DF8040010F06F
:10591000280F4AD1FFE7029843F20B01C4F65471F5
:1059200088420FD3FFE79DF805000006002809D53F
:10593000FFE70398069900EB41114FF40040C1F8CE
:10594000080B31E00798069901EBC10100EB8100DB
:1059500000F51F7005900598C0690399069A01EB40
:105960004211D1F8101B6FF3DF41401A059908620C
:10597000069898B9FFE70598806940B9FFE707994D
:10598000086801F2C442012103F0FAFE05E005991E
:1059900008690A6A10440861FFE7FFE707989DF865
:1059A0001810FCF7C5FBFFE700E0FFE7FFE7FFE7A4
:1059B00047E0029843F20A11C4F65471884224D198
:1059C000FFE79DF805000006002809D5FFE70398CA
:1059D000069900EB41114FF40040C1F8080B13E0A9
:1059E0009DF804008006002808D5FFE70398069973
:1059F00000EB41112020C1F8080BFFE707989DF844
:105A00001810FCF795FBFFE71AE0069890B9FFE73E
:105A10000798069901EBC10100EB8100D0F89402D0
:105A200040B9FFE70799086801F2C442002103F07A
:105A3000A7FEFFE707989DF81810FCF779FBFFE732
:105A4000FFE7002008B080BD80B58CB00A900991B6
:105A50000A9800680890089807900A98099901EB3D
:105A6000C10100EB81003C30069006988169006A14
:105A7000884204D9FFE701208DF82F0079E00699CC
:105A80008869096A401A059005980699C96888428C
:105A900004D9FFE70698C0680590FFE70598033032
:105AA00080080490FFE70798099900EB4110D0F8AF
:105AB000180981B2049A0020914202900FD3FFE7A7
:105AC00006988269016A00209142029007D2FFE79E
:105AD00006988069002818BF01200290FFE702980D
:105AE000C00770B3FFE706998869096A401A0590F4
:105AF00005980699C968884204D9FFE70698C068E6
:105B00000590FFE7059803308008049008980699EF
:105B100009699DF82420BDF81430DDF828C09CF8F0
:105B200010C0EE46CEF800C004F064FC059A069959
:105B3000086910440861059A0699086A10440862C9
:105B4000B1E706998869096A88420ED8FFE7099883
:105B500000F00F01012088400390039A0799D1F8C3
:105B600034089043C1F83408FFE700208DF82F0077
:105B7000FFE79DF82F000CB080BD000085B00490B9
:105B80008DED030ACDED020A9DED030A9DED022A7B
:105B9000049890ED031A20EE020A30EE010A80ED1F
:105BA000030A049890ED030A90ED061AB4EE410A38
:105BB000F1EE10FA04DDFFE704998869C860FFE799
:105BC000049890ED030A90ED051AB4EE410AF1EE47
:105BD00010FA04DAFFE704994869C860FFE79DED11
:105BE000030A049890ED041A30EE410A9DED021A62
:105BF00080EE010A8DED010A03980499086104986A
:105C00009DED033A90ED001A90ED012A90ED020A05
:105C100090ED034A22EE042A21EE031A31EE021A15
:105C20009DED012A20EE020A30EE010A8DED000AF8
:105C30009DED000A049890ED061AB4EE410AF1EECB
:105C400010FA04DDFFE7049880690090FFE79DEDFE
:105C5000000A049890ED051AB4EE410AF1EE10FA2C
:105C600004DAFFE7049840690090FFE79DED000A21
:105C700005B070477047000082B0009041F6947103
:105C8000C2F2000191F8600091F86110884204D1DD
:105C9000FFE700208DF807001CE0009A41F69471A0
:105CA000C2F2000191F8610000EB400001EB8003BB
:105CB00051F82000106058689B689360506091F81C
:105CC0006100013000F0070081F8610001208DF8CB
:105CD0000700FFE79DF8070002B0704780B583B06A
:105CE000019041F69471C2F2000191F86000013018
:105CF00000F007008DF803009DF8030091F8611093
:105D0000884204D1FFE700208DF80B001AE041F62D
:105D10009471C2F2000191F8600000EB400E01EBBB
:105D20008E02019BD3F800C058689B6841F82EC0D2
:105D3000936050609DF8030081F8600001208DF8A9
:105D40000B00FFE79DF80B0003B080BD81B08DF81C
:105D5000030041F6DC00C2F20000008801306FF35E
:105D60009F20ADF80000BDF8000042F21801C2F219
:105D700000010988884210D0FFE79DF8030041F632
:105D8000DC01C2F200010B8842F21D02C2F20002E5
:105D9000D054BDF800000880FFE701B07047000054
:105DA0007047000084B0039003980090009800783A
:105DB000ADF8080000980130009000980078ADF828
:105DC0000600BDF80610BDF8080040EA0120ADF855
:105DD0000A00BDF80A0004B07047000080B582B028
:105DE00042F20400C2F20000007C18B9FFE700F0A4
:105DF00039F834E004F00EFC0190019840F22C11C7
:105E0000C2F200010968401A42F20401C2F2000124
:105E10004968884213D9FFE7019840F22C11C2F279
:105E20000001086042F20400C2F200000090407AD3
:105E3000FFF716FC0099C8680130C860FFE742F21E
:105E40000400C2F200000168C068884207D3FFE77F
:105E500042F20401C2F2000100200874FFE702B020
:105E600080BD000080B584B001A8FFF705FFC8B170
:105E7000FFE742F20400C2F200000199029A039B7C
:105E80008360426001600021C160012101749DF8BE
:105E90000D00FFF779FB9DF80C109DF80D00FFF742
:105EA000EFFA0CE09DF80D0000210091FFF76CFB6C
:105EB000009842F20401C2F200010874FFE704B046
:105EC00080BD000080B588B004F0A4FB079007985F
:105ED00041F62871C2F200010968401A632801D80E
:105EE000FFE743E0079841F62871C2F2000108601D
:105EF000FBF7CCFB069040F2FC00C2F2000090EDF4
:105F0000000A9DED061AB8EEC11A30EE410A8DED79
:105F1000050A9DED050A40F20810C2F20000DFED0F
:105F2000140AFFF72BFE8DED040A7A208DF80D0080
:105F30009DED050AB5EE400AF1EE10FA04DDFFE72B
:105F400000208DF80C0003E001208DF80C00FFE725
:105F5000012001909DED040ABCEEC00A8DED020AFD
:105F600001A8FFF7BBFE08B9FFE7FFE708B080BD57
:105F700017B7D13880B582B0009000980138B0F1E1
:105F8000807F03D3FFE70120019019E000980138DA
:105F90004EF21401CEF2000108604FF0FF300F21E5
:105FA00004F08CFA4EF21801CEF2000100200860D5
:105FB0004EF21002CEF20002072111600190FFE7BD
:105FC000019802B080BD000080B5FBF77FFF80BD67
:105FD00080B594B008A83021FAF72AF9002007907C
:105FE0000690059004900390FFE70020029043F68E
:105FF0004000C4F20200016841F080510160006875
:1060000000F0805002900298FFE7FFE70020019027
:1060100047F20000C4F20000016841F480410160D1
:10602000006800F4804001900198FFE7012008908B
:106030004FF48030099002200E904FF480010F91B0
:1060400004211091A821119112900720139008A803
:10605000FDF788FB18B1FFE7FBF714FBFFE70F2004
:10606000039002200490002005904FF4A050069069
:106070004FF48050079003A80521FDF7A3F918B14C
:10608000FFE7FBF7FFFAFFE714B080BD4EF688513B
:10609000CEF20001086840F470000860704700000C
:1060A00080B541F69C60C2F20000FEF719FA80BD8F
:1060B00083B002900191029800680090029800213C
:1060C000C4F20101884225D0FFE70298B0F1804F69
:1060D00020D0FFE7029840F20041C4F2000188425C
:1060E00018D0FFE7029840F60001C4F20001884290
:1060F00010D0FFE7029840F60041C4F20001884248
:1061000008D0FFE7029840F20041C4F20101884242
:106110000AD1FFE7009820F07000009001984168D4
:10612000009808430090FFE702980021C4F20101A3
:10613000884255D0FFE70298B0F1804F50D0FFE77A
:10614000029840F20041C4F20001884248D0FFE7C3
:10615000029840F60001C4F20001884240D0FFE7F7
:10616000029840F60041C4F20001884238D0FFE7AF
:10617000029840F20041C4F20101884230D0FFE7AA
:10618000029844F20001C4F20101884228D0FFE7DE
:10619000029844F20041C4F20101884220D0FFE796
:1061A000029844F60001C4F20101884218D0FFE7CA
:1061B000029841F60001C4F20001884210D0FFE7C6
:1061C000029841F60041C4F20001884208D0FFE77E
:1061D000029842F20001C4F2000188420AD1FFE7AE
:1061E000009820F4407000900198C168009808431E
:1061F0000090FFE7009820F080000199496908436A
:106200000090009802990860019880680299C8621D
:10621000019800680299886202980021C4F2010185
:10622000884208D0FFE7029840F20041C4F2010121
:10623000884205D1FFE70198006902990863FFE7EA
:1062400002990120486103B07047000085B00490B6
:10625000039102920193049880680090009820F4C2
:106260007F40009003980299019A41EA022101437C
:1062700000980843009000980499886005B0704722
:1062800083B002900191029880680090009820F0FD
:106290007000009001980099084340F007000090BA
:1062A00000980299886003B07047000085B00490A0
:1062B000039102920498006A00900499086A20F001
:1062C00001000862049880690190019820F0F000B4
:1062D00001900299019840EA01100190009820F085
:1062E0000A000090039900980843009001980499CF
:1062F000886100980499086205B0704785B00490E1
:10630000039102920499086A20F010000862049830
:10631000806901900498006A0090019820F4704010
:1063200001900299019840EA01300190009820F014
:10633000A00000900399009840EA01100090019895
:106340000499886100980499086205B070470000BC
:1063500080B582B001900198806B00900099002078
:10636000C8850099C8840098FEF70EFA02B080BD77
:1063700084B00390FFE7FFE70398006850E8030F3D
:1063800020F490700290FFE702990398026842E8B7
:1063900003100028F0D1FFE7FFE7FFE7FFE70398CE
:1063A000006850E8050F20F001000190FFE7019917
:1063B0000398026842E805100028F0D1FFE7FFE7E4
:1063C0000398006B012814D1FFE7FFE7FFE703986C
:1063D000006850E8030F20F010000090FFE70099DC
:1063E0000398026842E803100028F0D1FFE7FFE7B6
:1063F000FFE70399202081F83E00039900200863FD
:1064000004B0704780B582B0019001980168C868F7
:1064100020F04000C8600199202081F83D000198DB
:10642000FEF782FD002002B080BD000080B586B07E
:106430000490049890F83E00222840F0A180FFE7E5
:1064400004988068B0F5805F15D1FFE70498006973
:1064500088B9FFE7002003900498806A02900498AE
:10646000006840686FF35F20029908800499886A89
:106470000230886225E00498806A03900020029030
:1064800004988068B0F5805F08D0FFE704988068C2
:1064900050B9FFE70498006930B9FFE70498006835
:1064A00040680399087007E004980068406800F0AD
:1064B0007F0003990870FFE70499886A01308862B9
:1064C000FFE70499C88D0138C8850004002853D11E
:1064D000FFE704980168C86820F02000C8600498AD
:1064E0000168C86820F48070C86004980168486931
:1064F00020F0010048610499202081F83E000498B2
:10650000006B012830D1FFE7049900200863FFE702
:10651000FFE70498006850E8030F20F01000019096
:10652000FFE701990498026842E803100028F0D1BF
:10653000FFE7FFE7049800680068C00600280ED552
:10654000FFE7FFE7002000900498006800680090D3
:1065500004980068406800900098FFE7FFE70498FF
:10656000818DFEF70BF903E00498FEF7FDFBFFE7D2
:1065700000208DF8170007E000208DF8170003E0D9
:1065800002208DF81700FFE79DF8170006B080BDC8
:1065900080B586B0059005980068006920F44050E9
:1065A000059A1168D26810430861059988680B69DB
:1065B0004A69C96918431043084304900598006864
:1065C000C06849F20C618843049908430599096839
:1065D000C86005980068406920F44070059A116809
:1065E0009269104348610598006841F20001C4F2C5
:1065F0000101884209D0FFE70598006841F2004197
:10660000C4F20101884204D1FFE7FDF725F80390A9
:1066100003E0FDF70FF80390FFE70598C069B0F5B8
:10662000004F29D1FFE703981921A0FB0101059A2A
:106630001368029353685A00DB0FF9F7C1FD029902
:10664000864648F21F53C5F2EB13AEFB0320420906
:1066500010014FF0640C02FB1CEC322202EBCC0266
:10666000A2FB0332F82303EA521300EB4300C2F308
:1066700042121044886026E003981921A0FB010112
:10668000059A1368019353689A009B0FF9F798FDD8
:106690000199844648F21F52C5F2EB12ACFB02305E
:1066A0004309642003FB10CC322000EB0C10A0FB4C
:1066B0000202F02000EA521000EB0310C2F3431272
:1066C00010448860FFE706B080BD000083B00290F0
:1066D0000191ADF80220019802998862BDF802008C
:1066E00002998885BDF802000299C88502990020A8
:1066F00008640299222081F83E00FFE702990020F9
:1067000081F83C00FFE70298006938B1FFE7029882
:106710000168C86840F48070C860FFE702980168AB
:10672000486940F00100486102980168C86840F07B
:106730002000C860002003B07047000083B00190C3
:10674000019890F83D0021283AD1FFE70198806830
:10675000B0F5805F13D1FFE70198006978B9FFE7D2
:106760000198006A0090009800886FF35F200199FB
:10677000096848600199086A0230086208E0019AD5
:10678000106A411C11620078019909684860FFE7AE
:106790000199C88C0138C884000468B9FFE70198E2
:1067A0000168C86820F08000C86001980168C86866
:1067B00040F04000C860FFE700208DF80B0003E0C8
:1067C00002208DF80B00FFE79DF80B0003B0704727
:1067D00080B584B041F2D850C2F2000090F89C021B
:1067E000032801D0FFE756E000208DF80F0042F2A9
:1067F0001800C2F200000088ADF80C0041F6DC0081
:10680000C2F200000088ADF80A00FFE79DF80F1003
:1068100000203F29019009DCFFE7BDF80C00BDF81E
:106820000A10401A18BF01200190FFE70198C00725
:10683000C8B1FFE7BDF80C1042F21D00C2F2000023
:10684000405C9DF80F20511C8DF80F1040F2301164
:10685000C2F200018854BDF80C0001306FF39F2094
:10686000ADF80C00D2E79DF80F00012813DBFFE71D
:106870009DF80F1040F23010C2F20000FAF756FEF9
:1068800040B9FFE7BDF80C0042F21801C2F2000166
:106890000880FFE7FFE704B080BD000080B541F647
:1068A000E460C2F2000040F22811C2F200010122AD
:1068B000FEF71EFA80BD000080B588B0DDF828C064
:1068C000069005918DF813200393FFE70698006862
:1068D000006805990840401AB0FA80F040099DF818
:1068E0001310884249D1FFE70A980130002843D0AD
:1068F000FFE70A9840B1FFE7FBF7E2FA0399401A75
:106900000A99884237D9FFE7FFE7FFE70698006852
:1069100050E8030F20F4D0700290FFE70299069828
:10692000026842E803100028F0D1FFE7FFE7FFE725
:10693000FFE70698006850E8050F20F0010001907D
:10694000FFE701990698026842E805100028F0D197
:10695000FFE7FFE70699202081F83D00069981F8BE
:106960003E00FFE70699002081F83C00FFE7032086
:106970008DF81F0005E0FFE7A8E700208DF81F0055
:10698000FFE79DF81F0008B080BD000080B541F60C
:10699000E460C2F20000FDF7FBFE80BD80B586B06A
:1069A00004908DF80F100498D0F8C8020190049854
:1069B000D0F8D41200EB8100D0F8C00220B9FFE774
:1069C00003208DF817005FE00498D0F8D41200EB94
:1069D0008100D0F8C002029004989DF80F1001F0D9
:1069E0000F0101EB810100EB8100806940B3FFE7FB
:1069F00004989DF80F1001F00F0101EB810200EBEC
:106A000082008269019801EBC10100EB8100816C79
:106A1000B2FBF1F000FB112090B9FFE704989DF85C
:106A20000F1001F00F0101EB810100EB8100002349
:106A3000836104989DF80F101A4601F083FD1FE052
:106A400002990020C1F814020498D0F8D41200EB87
:106A50008100D0F8C402006988B1FFE70498D0F83B
:106A6000D41200EB8100D0F8C40203690299D1F876
:106A7000080201F504719DF80F209847FFE7FFE732
:106A800000208DF81700FFE79DF8170006B080BDC5
:106A900080B584B002908DF807100298D0F8D41217
:106AA00000EB8100D0F8C00200900298D0F8D41218
:106AB00000EB8100D0F8C00220B9FFE703208DF879
:106AC0000F0019E002989DF8071001F0CBFA009929
:106AD000C1F80C020298D0F8D41200EB8100D0F873
:106AE000C402C2680099D1F8040201F5037190470D
:106AF00000208DF80F00FFE79DF80F0004B080BD67
:106B000080B586B005908DF81310059840F2090104
:106B1000C2F200010091097801F0BCF800990598D3
:106B2000097801F00F0101EB810100EB81010020E8
:106B300003908884059840F20A01C2F20001019195
:106B4000097801F0A7F8019A03980599127802F0E4
:106B50000F0202EB820201EB8201A1F864010598A9
:106B600040F20801C2F200010291097801F092F8A6
:106B7000029A03980599137803F00F0303EB83033C
:106B800001EB830188840599127802F00F0202EB71
:106B9000820201EB8201C8840598D0F8D41200EB80
:106BA0008100D0F8C002F0B1FFE70598D0F8D41208
:106BB00000EB8100D0F8C402406880470598D0F807
:106BC000D41200EB8100D0F8C00202F057F905980A
:106BD000D0F8D41200EB81010020C1F8C002059961
:106BE000C1F8BC02FFE7002006B080BD80B584B0CC
:106BF00002900298D0F8D41200EB8100D0F8C002C5
:106C00000190019820B9FFE703208DF80F0025E0DF
:106C10000298D0F8D41200EB8100D0F8C402C8B1B9
:106C2000FFE7019890F80002FF2813D0FFE70298D1
:106C3000D0F8D41200EB8100D0F8C4028368019927
:106C400091F8000291F8012298470199FF2081F8FC
:106C50000002FFE700208DF80F00FFE79DF80F000E
:106C600004B080BD81B0009000990A20088040F2F5
:106C7000A800C2F2000001B07047000080B586B0E5
:106C8000059040F26400C2F200000190822100F001
:106C90009BFE014601980491012100F095FE0146FA
:106CA00001980391812100F08FFE0290049820B199
:106CB000FFE7049910208871FFE7039820B1FFE7F0
:106CC000039940208880FFE7029820B1FFE70299EE
:106CD00040208880FFE705994320088040F2640047
:106CE000C2F2000006B080BD80B586B0059040F2CB
:106CF0006400C2F200000190822100F065FE0146AE
:106D000001980491012100F05FFE01460198039172
:106D1000812100F059FE0290049820B1FFE7049908
:106D200010208871FFE7039828B1FFE703994FF41B
:106D300000708880FFE7029828B1FFE702994FF4BE
:106D400000708880FFE705994320088040F26400C6
:106D5000C2F2000006B080BD80B586B0059040F25A
:106D60006400C2F200000190822100F02DFE014675
:106D700001980491012100F027FE0146019803913A
:106D8000812100F021FE0290049820B1FFE70499D0
:106D900010208871FFE7039820B1FFE70399402096
:106DA0008880FFE7029820B1FFE7029940208880A1
:106DB000FFE705994320088040F26400C2F200001A
:106DC00006B080BD80B590B00E908DF837104FF4AE
:106DD000077002F057F80C900C9860B9FFE70E9816
:106DE000D0F8D41200EB81010020C1F8C0020220CB
:106DF0008DF83F00F0E00C984FF40771F9F718FA9E
:106E00000C980E99D1F8D42201EB8201C1F8C0028E
:106E10000E99D1F8D40201EB8000D0F8C002C1F87D
:106E2000BC020E98007C002840D1FFE70E9840F28B
:106E30000901C2F2000107910978022208924FF479
:106E40000073099301F0FAF90799089A099B0E98C3
:106E5000097801F00F0101EB810100EB81010120B4
:106E60000B9088840E9840F20A01C2F200010A9148
:106E7000097801F0E3F90A9A0B980E99127802F05A
:106E80000F0202EB820201EB8201A1F864010E986D
:106E900040F20801C2F20001097801F00F0101EB94
:106EA000810100EB81011020C8843EE00E9840F281
:106EB0000901C2F2000102910978022203924023E3
:106EC000049301F0BBF90299039A049B0E98097888
:106ED00001F00F0101EB810100EB8101012006901F
:106EE00088840E9840F20A01C2F2000105910978E7
:106EF00001F0A4F9059A06980E99127802F00F0293
:106F000002EB820201EB8201A1F864010E9840F2CB
:106F10000801C2F20001097801F00F0101EB8101C3
:106F200000EB81011020C884FFE70E9840F20801B1
:106F3000C2F20001009109780322082301F07EF9D2
:106F400000990E98097801F00F0101EB810100EB27
:106F50008101012088840C9900200190C1F804026D
:106F60000E98D0F8D41200EB8100D0F8C40200686B
:106F7000804701980C99C1F814020C99C1F81802C5
:106F80000C98D0F8040220B9FFE702208DF83F00EA
:106F900022E00E98007C70B9FFE70E9840F20A01DB
:106FA000C2F2000109780C9AD2F804224FF400735F
:106FB00001F06AF90CE00E9840F20A01C2F20001F9
:106FC00009780C9AD2F80422402301F05DF9FFE71A
:106FD00000208DF83F00FFE79DF83F0010B080BD16
:106FE00080B584B002900298D0F8D41200EB8100F2
:106FF000D0F8C00201900298D0F8D41200EB8100C2
:10700000D0F8C00220B9FFE703208DF80F0022E07E
:107010000298007C70B9FFE7029840F20A01C2F2C0
:1070200000010978019AD2F804224FF4007301F0AC
:107030002BF90CE0029840F20A01C2F20001097833
:10704000019AD2F80422402301F01EF9FFE7002044
:107050008DF80F00FFE79DF80F0004B080BD000021
:1070600083B001900091009820B9FFE703208DF8CC
:107070000B000BE000980199D1F8D42201EB8201BA
:10708000C1F8C40200208DF80B00FFE79DF80B004B
:1070900003B0704784B0029001910298D0F8D412E6
:1070A00000EB8100D0F8C0020090009820B9FFE703
:1070B00003208DF80F0007E001980099C1F8040241
:1070C00000208DF80F00FFE79DF80F0004B0704717
:1070D00085B00390029101920398D0F8D41200EB8E
:1070E0008100D0F8C0020090009820B9FFE703208B
:1070F0008DF813000BE002980099C1F8080201987E
:107100000099C1F8100200208DF81300FFE79DF8E8
:10711000130005B07047000080B58AB00890079151
:107120000898D0F8D41200EB8100D0F8C002069085
:1071300000208DF81500ADF812008DF811000698AA
:1071400020B9FFE703208DF82700C7E007980078F3
:1071500000F060000146039100285ED0FFE703982D
:10716000202840F0AE80FFE70798C088002846D06E
:10717000FFE7079800780006002823D5FFE7089866
:10718000D0F8D41200EB8100D0F8C4028368079ACB
:1071900050780699D28898470798C088082803D362
:1071A000FFE70720029003E00798C0880290FFE7FE
:1071B0000298ADF8160008980699BDF8162000F060
:1071C00081F91BE007984078069981F8000207983A
:1071D000C0883F2804D8FFE70798C088019002E0E4
:1071E00040200190FFE70198069981F80102089874
:1071F000069991F8012200F037F9FFE70CE00898B2
:10720000D0F8D41200EB8100D0F8C402836807994B
:10721000487800229847FFE75BE0079840780146EE
:1072200000910B2844D80099DFE801F00641424262
:107230004242424242421C32089890F89C02032883
:1072400007D1FFE708980DF11201022200F03AF988
:1072500007E00898079900F0F9F803208DF811006D
:10726000FFE72DE0089890F89C02032807D1FFE77C
:1072700008980DF11501012200F024F907E00898A3
:10728000079900F0E3F803208DF81100FFE717E0FD
:10729000089890F89C02032808D0FFE708980799FF
:1072A00000F0D4F803208DF81100FFE708E007E0B4
:1072B0000898079900F0CAF803208DF81100FFE73D
:1072C00007E00898079900F0C1F803208DF8110035
:1072D000FFE79DF811008DF82700FFE79DF82700D4
:1072E0000AB080BD80B584B002900298D0F8D41264
:1072F00000EB8100D0F8C002019001208DF803005E
:107300000298D0F8D41200EB8100D0F8C00220B966
:10731000FFE703208DF80F002AE00198D0F814024F
:1073200008BBFFE701990120C1F814020198D0F8C9
:107330001002029A40F20901C2F200010B7803F038
:107340000F0303EB830302EB830290610298097839
:10735000019BD3F80822D3F8103201F0F3F8002093
:107360008DF80300FFE79DF803008DF80F00FFE79D
:107370009DF80F0004B080BD80B582B001908DF8FB
:10738000031000208DF802000198D0F8B8124A6866
:107390009DF80310904720B1FFE703208DF802000D
:1073A000FFE79DF8020002B080BD000080B582B00A
:1073B00001900091019890F89C02013802280ED8A3
:1073C000FFE700984088012808D1FFE701990020D5
:1073D000C1F8A402019800F08FF8FFE704E00198DB
:1073E000009900F033F8FFE702B080BD82B0019051
:1073F0008DF80310002002B07047000082B00190A9
:107400008DF80310002002B07047000080B584B0F2
:107410000390029101920398029A019B002100912E
:1074200000F032FF009804B080BD000080B584B049
:107430000390029101920398029A019B002100910E
:1074400001F080F8009804B080BD000080B582B0E3
:10745000019000910198802101F02CF80198002101
:1074600001F028F802B080BD80B584B0039002918D
:10747000019203990320C1F8940201980399C1F87D
:10748000580101980399C1F85C010398029A019B85
:107490000021009100F0F8FE009804B080BD0000CB
:1074A00080B582B0019001990520C1F8940201983D
:1074B0000023009319461A4600F0E6FE009802B039
:1074C00080BD000080B584B00390029101920399C1
:1074D0000220C1F8940201980399886101980399E8
:1074E000C8610398029A019B0021009101F02AF8DB
:1074F000009804B080BD000080B582B00190019971
:107500000420C1F8940201980023009319461A46FA
:1075100001F018F8009802B080BD000080B582B07C
:107520008DF8070000919DF8070060B9FFE7009A09
:107530004BF29610C0F6000040F27411C2F2000146
:1075400000F0DEFA0BE0009A4BF29610C0F6000055
:1075500040F27411C2F2000100F0D2FAFFE740F2EB
:107560007410C2F2000002B080BD000082B08DF83D
:107570000700009100991220088040F2B400C2F286
:10758000000002B07047000080B582B08DF807009F
:1075900000919DF8070060B9FFE7009A4BF2881050
:1075A000C0F6000040F27411C2F2000100F0A8FA27
:1075B0000BE0009A4BF28810C0F6000040F2741104
:1075C000C2F2000100F09CFAFFE740F27410C2F230
:1075D000000002B080BD000082B08DF8070000916D
:1075E00000990420088040F2DC00C2F2000002B0E2
:1075F0007047000080B584B08DF80F000291029AA8
:107600004BF2A110C0F6000040F27411C2F200016A
:10761000019100F075FA019804B080BD80B582B088
:107620008DF8070000919DF8070060B9FFE7009A08
:107630004BF2B410C0F6000040F27411C2F2000127
:1076400000F05EFA0BE0009A4BF2B410C0F60000B6
:1076500040F27411C2F2000100F052FAFFE740F26A
:107660007410C2F2000002B080BD000080B582B08C
:107670008DF80700009100991A200880FAF70CF89D
:1076800040F2E000C2F2000002B080BD80B584B0DC
:10769000039002910298C088012805D0FFE7039863
:1076A0000299FFF7D3FE21E0039890F89C12481E40
:1076B0000191022804D3FFE7019803280AD00FE0C4
:1076C000039900208860039800F108010122FFF768
:1076D000F9FE0AE00398011D0122FFF7F3FE04E022
:1076E00003980299FFF7B2FEFFE7FFE704B080BD01
:1076F00080B588B0079006910020ADF81600049080
:107700008DF80F000698C0780138014602910628CE
:1077100000F21E810299DFE811F0070011002E002F
:107720001B011B01E80000010798D0F8B4120A6899
:10773000007C0DF116019047049013E10798007C3E
:1077400060B9FFE70798D0F8B802816A0DF116001A
:10775000884704900499022048700BE00798D0F8FD
:10776000B802C16A0DF116008847049004990220FE
:107770004870FFE7F6E006988078014601910528F9
:1077800000F2A8800199DFE801F0031E39546F8AE6
:107790000798D0F8B402406850B1FFE70798D0F8D6
:1077A000B4124A68007C0DF116019047049009E07C
:1077B00007980699FFF74AFE9DF80F0001308DF8F3
:1077C0000F00FFE790E00798D0F8B402806850B14E
:1077D000FFE70798D0F8B4128A68007C0DF1160113
:1077E0009047049009E007980699FFF72FFE9DF84F
:1077F0000F0001308DF80F00FFE775E00798D0F813
:10780000B402C06850B1FFE70798D0F8B412CA6854
:10781000007C0DF116019047049009E00798069945
:10782000FFF714FE9DF80F0001308DF80F00FFE701
:107830005AE00798D0F8B402006950B1FFE7079802
:10784000D0F8B4120A69007C0DF11601904704903B
:1078500009E007980699FFF7F9FD9DF80F00013040
:107860008DF80F00FFE73FE00798D0F8B4024069B9
:1078700050B1FFE70798D0F8B4124A69007C0DF1C7
:1078800016019047049009E007980699FFF7DEFD7E
:107890009DF80F0001308DF80F00FFE724E00798F6
:1078A000D0F8B402806950B1FFE70798D0F8B4125D
:1078B0008A69007C0DF116019047049009E0079851
:1078C0000699FFF7C3FD9DF80F0001308DF80F00FA
:1078D000FFE709E007980699FFF7B8FD9DF80F004C
:1078E00001308DF80F00FFE73CE00798007C48B9B5
:1078F000FFE70798D0F8B802416B0DF116008847F2
:10790000049009E007980699FFF7A0FD9DF80F0085
:1079100001308DF80F00FFE724E00798007C60B984
:10792000FFE70798D0F8B802016B0DF11600884701
:10793000049004990720487009E007980699FFF71A
:1079400085FD9DF80F0001308DF80F00FFE709E07D
:1079500007980699FFF77AFD9DF80F0001308DF822
:107960000F00FFE79DF80F0008B1FFE72AE0069837
:10797000C08818B3FFE7BDF81600C8B1FFE7BDF82F
:1079800016000699C988884204DAFFE7BDF8160098
:10799000009003E00698C0880090FFE70098ADF8DB
:1079A000160007980499BDF81620FFF78BFD04E038
:1079B00007980699FFF74AFDFFE703E00798FFF7EE
:1079C0009BFDFFE708B080BD80B586B005908DF8BF
:1079D00013100598039005980290002001900299D9
:1079E00048880978884227DDFFE702980078ADF8DB
:1079F0000200FFE7BDF802000299498888421ADABE
:107A0000FFE703980DF1020100F034F803900398AA
:107A1000407805280ED1FFE70398019001988078FF
:107A20009DF81310884201D1FFE704E00020019087
:107A3000FFE7FFE7DEE7FFE7019806B080BD000043
:107A400083B0029000208DF8070002980090FFE7B5
:107A50000098007848B1FFE79DF8070001308DF8E5
:107A60000700009801300090F2E79DF8070003B08E
:107A70007047000083B00290019102980090009836
:107A800002780199088810440880029800990978C2
:107A900008440090009803B07047000080B582B0A1
:107AA00001900091019890F89C02013802281FD89B
:107AB000FFE70098C088022805D0FFE701980099E9
:107AC000FFF7C4FC19E001990120C8600198D0F8C3
:107AD000A40230B1FFE70199C86840F00200C86015
:107AE000FFE7019800F10C010222FFF7EBFC04E034
:107AF00001980099FFF7AAFCFFE702B080BD0000E3
:107B000080B586B005900491039200208DF80B009B
:107B1000059808B9FFE73DE0059801900198FFF747
:107B20008FFF0146022000EB410003990880039873
:107B3000007804999DF80B2088549DF80B000130C3
:107B40008DF80B0004999DF80B20032088549DF8B4
:107B50000B0001308DF80B00FFE701980078C8B1E9
:107B6000FFE70198007804999DF80B20885401984C
:107B7000013001909DF80B0001308DF80B00049945
:107B80009DF80B20002088549DF80B0001308DF8E3
:107B90000B00E2E706B080BD82B08DF80700002040
:107BA0008DF806009DF8070001460091032814D8BF
:107BB0000099DFE801F002060A0E00208DF80600A9
:107BC0000FE003208DF806000BE001208DF8060081
:107BD00007E003208DF8060003E003208DF806007F
:107BE000FFE79DF8060002B07047000080B584B042
:107BF000029001918DF80320029820B9FFE703203D
:107C00008DF80F0023E002990020C1F8B802029914
:107C1000C1F8C4020299C1F8D002019828B1FFE767
:107C200001980299C1F8B402FFE70299012081F896
:107C30009C029DF8030002990870029800F020FA57
:107C40008DF802009DF802008DF80F00FFE79DF807
:107C50000F0004B080BD000080B582B001908DF8A7
:107C6000031000208DF802008DF801000198D0F873
:107C7000C8029DF80310FAF7FDFA8DF802009DF88E
:107C80000200FFF789FF8DF801009DF8010002B0A6
:107C900080BD000080B582B001908DF803100020F7
:107CA0008DF802008DF801000198D0F8C8029DF807
:107CB0000310FAF78BFA8DF802009DF80200FFF727
:107CC0006BFF8DF801009DF8010002B080BD00003F
:107CD00080B588B006908DF8171004929DF81700B3
:107CE000002875D1FFE70698143003900698D0F865
:107CF000940202285DD1FFE703998868C968884229
:107D000012D9FFE703998868CA68801A88600698C4
:107D10000499039A9268FFF789FB06980023194695
:107D20001A4600F0B1FA43E003988168C0688842BF
:107D30001ED1FFE703994868C968884218D3FFE756
:107D4000039840680699D1F89812884210D2FFE74C
:107D50000698002201921146FFF768FB019B0698E6
:107D6000C0F89832069819461A4600F08DFA1EE0BF
:107D7000069890F89C02032811D1FFE70698D0F8E6
:107D8000B802C06850B1FFE706990020C1F8D402DC
:107D90000698D0F8B812C9688847FFE7FFE7069849
:107DA000802100F087FB0698FFF77AFBFFE7FFE7EB
:107DB00000E0FFE7069890F8A00240B1FFE70698C0
:107DC00000F04EFC0699002081F8A002FFE740E099
:107DD00006989DF8171041F08001FFF707FB8DF81A
:107DE0000A009DF80A00FF2832D0FFE79DF80A003C
:107DF00070BBFFE7069890F89C02032827D1FFE7A5
:107E000006989DF80A1000EB8100D0F8B80240698E
:107E1000E0B1FFE79DF80A000699C1F8D402069880
:107E20009DF80A1000EB8101D1F8B8124A699DF85B
:107E3000171090478DF80B009DF80B0028B1FFE755
:107E40009DF80B008DF81F0007E0FFE7FFE7FFE755
:107E5000FFE700208DF81F00FFE79DF81F0008B026
:107E600080BD000080B58AB008908DF81F10069282
:107E700000208DF813009DF81F00002840F083803B
:107E8000FFE7089800F5AA7005900898D0F89402CA
:107E9000032876D1FFE705998868C96888421DD90B
:107EA000FFE705998868CA68801A88600898029078
:107EB0000698039005998868C968884204D2FFE74C
:107EC00005988068019003E00598C0680190FFE77D
:107ED00003990298019AFFF799FA51E0089890F8EF
:107EE000AA0200F01F000146009140B1FFE7009890
:107EF000012808D0FFE7009802280CD013E00020EA
:107F00008DF8120013E0089890F8AE12FFF776FA99
:107F10008DF812000BE0089890F8AE12FFF766FAA1
:107F20008DF8120003E000208DF81200FFE79DF8A5
:107F3000120008BBFFE7089890F89C0203281AD1AA
:107F4000FFE708989DF8121000EB8100D0F8B80206
:107F5000006978B1FFE79DF812000899C1F8D402D2
:107F600008989DF8121000EB8101D1F8B812096948
:107F70008847FFE7FFE7FFE70898FFF7BDFAFFE74D
:107F800000E0FFE740E008989DF81F1001F07F0136
:107F9000FFF72CFA8DF812009DF81200FF2832D05E
:107FA000FFE79DF8120070BBFFE7089890F89C026D
:107FB00003281ED1FFE708989DF8121000EB8100FE
:107FC000D0F8B802806998B1FFE79DF812000899CF
:107FD000C1F8D40208989DF8121000EB8101D1F885
:107FE000B8128A699DF81F1090478DF81300FFE7BB
:107FF000FFE79DF8130028B1FFE79DF813008DF807
:10800000270005E0FFE7FFE700208DF82700FFE7E6
:108010009DF827000AB080BD81B00090002001B01B
:108020007047000080B582B0019000208DF80300F9
:108030000199012081F89C020198D0F8B80268B13A
:10804000FFE70198D0F8B8124A680179904720B14B
:10805000FFE703208DF80300FFE7FFE79DF803002B
:1080600002B080BD80B582B001908DF803100198F8
:10807000D0F8C8029DF80310FAF760F902B080BD8D
:1080800080B584B0039003980078A8BBFFE70399FC
:1080900041F6E000C2F200000290C0F80815039912
:1080A000C1F8C8024FF0A0410160042141600222E2
:1080B000C260002101618261C16101624162C162ED
:1080C0000163FAF7F5FE18B1FFE7F9F7DBFAFFE70E
:1080D00041F6E000C2F20000019080210091F9F722
:1080E000AFFF019800214022F9F7B6FF009A0198EE
:1080F0000121F9F7B1FFFFE7002004B080BD0000C7
:1081000084B002908DF807100298D0F8C802009051
:108110009DF80700000600280ED5FFE700989DF89F
:10812000071001F07F0101EBC10100EB810090F825
:108130003E008DF80F000DE000989DF8071001F04B
:108140007F0101EBC10100EB810090F87E028DF808
:108150000F00FFE79DF80F0004B0704780B584B0B2
:1081600002908DF807100298D0F8D41200EB81002D
:10817000D0F8B80220B9FFE703208DF80F0020E007
:10818000029890F89C02032817D1FFE70298D0F8D4
:10819000D41200EB8100D0F8B802006A60B1FFE7AA
:1081A0000298D0F8D41200EB8101D1F8B8120A6A13
:1081B0009DF807109047FFE7FFE700208DF80F00BC
:1081C000FFE79DF80F0004B080BD000080B584B0CB
:1081D00002908DF807100298D0F8D41200EB8100BD
:1081E000D0F8B80220B9FFE703208DF80F0020E097
:1081F000029890F89C02032817D1FFE70298D0F864
:10820000D41200EB8100D0F8B802406A60B1FFE7F9
:108210000298D0F8D41200EB8101D1F8B8124A6A62
:108220009DF807109047FFE7FFE700208DF80F004B
:10823000FFE79DF80F0004B080BD000080B584B05A
:1082400003908DF80B108DF80A20ADF8083000204F
:108250008DF807008DF806000398D0F8C8029DF845
:108260000B10BDF808209DF80A30FAF779F88DF860
:1082700007009DF80700FFF78FFC8DF806009DF8BA
:10828000060004B080BD000080B586B005908DF872
:1082900013100392029300208DF807008DF806005A
:1082A0000598D0F8C8029DF81310039A029BFAF7BC
:1082B000CDF88DF807009DF80700FFF76DFC8DF8ED
:1082C00006009DF8060006B080BD000080B586B0AF
:1082D000059000208DF81300059A012182F89C1268
:1082E0000599C1F89402059948600599C1F8A4025E
:1082F000059981F8A0020598D0F8B802A0B1FFE76F
:108300000598D0F8B802406868B1FFE70598D0F842
:10831000B8124A680179904720B1FFE703208DF831
:108320001300FFE7FFE7FFE70598002201924023D3
:1083300003931146FFF782FF019A039B05990120E1
:108340000290A1F864010598C0F860310598802179
:10835000FFF774FF02990398059A918405990862C2
:108360009DF8130006B080BD81B00090009890F891
:108370009C02042807D1FFE7009890F89D0200991D
:1083800081F89C02FFE7002001B0704780B582B001
:108390000190019890F89C02032813D1FFE70198FF
:1083A000D0F8B80268B1FFE70198D0F8B802C06908
:1083B00030B1FFE70198D0F8B812C9698847FFE7E4
:1083C000FFE7FFE7002002B080BD000082B001900F
:1083D0008DF803109DF8030001990874002002B085
:1083E0007047000080B582B001908DF80310002026
:1083F0008DF802008DF801000198D0F8C8029DF8B0
:108400000310FAF745FF8DF802009DF80200FFF710
:10841000C3FB8DF801009DF8010002B080BD000093
:1084200080B584B003900291039800F2AA200299CB
:1084300000F0AAF803990120C1F894020399B1F859
:10844000B002C1F89802039890F8AA0200F01F0049
:108450000146009140B1FFE7009801280CD0FFE7EA
:108460000098022810D017E0039800F2AA2100F02B
:108470004FFA8DF8070019E0039800F2AA2100F0E6
:1084800083FC8DF8070011E0039800F2AA2100F0A8
:10849000A5FA8DF8070009E0039890F8AA1201F0F8
:1084A000800100F007F88DF80700FFE79DF807004E
:1084B00004B080BD80B582B001908DF8031000201B
:1084C0008DF802008DF801000198D0F8C8029DF8DF
:1084D0000310F9F7FFFF8DF802009DF80200FFF787
:1084E0005BFB8DF801009DF8010002B080BD00002B
:1084F00080B582B0019000208DF803008DF8020055
:108500000198D0F8C802FAF7FFFE8DF803009DF835
:108510000300FFF741FB8DF802009DF8020002B056
:1085200080BD000081B00090009890F89C020099F6
:1085300081F89D020099042081F89C02002001B07E
:108540007047000080B586B005908DF81310039237
:10855000029300208DF807008DF806000598D0F8EA
:10856000C8029DF81310039A029BFAF723F88DF8BE
:1085700007009DF80700FFF70FFB8DF806009DF838
:10858000060006B080BD000080B584B00390029163
:1085900002980190019800780399087001980130C1
:1085A000019001980078039948700198013001907A
:1085B0000198FDF7F7FB039948800198013001907D
:1085C0000198013001900198FDF7ECFB0399888038
:1085D0000198013001900198013001900198FDF758
:1085E000E1FB0399C88004B080BD000080B584B071
:1085F000029001910020ADF80200019820B9FFE738
:1086000003208DF80F0026E001980299C1F8B80206
:108610000298D0F8D41200EB8100D0F8B802C06AFA
:1086200078B1FFE70298D0F8D41200EB8100D0F8BF
:10863000B802C16A0DF1020088470299C1F8D00260
:10864000FFE70299D1F8D8020130C1F8D802002022
:108650008DF80F00FFE79DF80F0004B080BD00000B
:1086600081B00090002001B07047000080B584B058
:108670000390029102988088B8BBFFE70298C088F7
:1086800098BBFFE7029840887F282ED8FFE7029822
:10869000807800F07F008DF80700039890F89C0226
:1086A000032805D1FFE703980299FEF7CFFE1BE0F0
:1086B0009DF80700039981F89E0203989DF8071022
:1086C000FFF790FE0398FEF717FF9DF8070028B10B
:1086D000FFE70399022081F89C0204E0039901203E
:1086E00081F89C02FFE7FFE704E003980299FEF798
:1086F000ADFEFFE704B080BD80B582B001908DF87B
:10870000031000208DF802000198D0F8B80250B193
:10871000FFE70198D0F8B8120A689DF80310904757
:108720008DF80200FFE79DF8020002B080BD000056
:1087300080B586B00490039100208DF80B0003985B
:10874000817840F27010C2F20000017000780228B7
:1087500008D3FFE704980399FEF778FE03208DF80D
:108760001700A0E0049890F89C02014601910228AD
:1087700004D0FFE7019803282FD07FE040F270106B
:10878000C2F20000007818B3FFE740F27011C2F2A5
:1087900000010878049A506004980978FFF7ACFF4C
:1087A0008DF80B009DF80B0048B1FFE70498039982
:1087B000FEF74CFE0499022081F89C0207E0049821
:1087C000FEF79AFE0499032081F89C02FFE703E07C
:1087D0000498FEF791FEFFE760E040F27010C2F2ED
:1087E0000000007898B9FFE70499022081F89C0204
:1087F00040F27011C2F200010878049A50600498A7
:108800000978FEF7B9FD0498FEF776FE35E040F2F0
:108810007010C2F20000007804994968884227D09D
:10882000FFE704980179FEF7A7FD40F27011C2F24C
:1088300000010878049A506004980978FFF75CFFFB
:108840008DF80B009DF80B0068B1FFE704980399C1
:10885000FEF7FCFD04980179FEF78EFD04990220D5
:1088600081F89C0203E00498FEF746FEFFE703E070
:108870000498FEF741FEFFE7FFE70FE00498039935
:10888000FEF7E4FD049840F27011C2F2000109788D
:10889000FEF772FD03208DF80B00FFE79DF80B003B
:1088A0008DF81700FFE79DF8170006B080BD0000A7
:1088B00080B582B00190009100984088012808D1CD
:1088C000FFE701990120C1F8A4020198FEF714FE08
:1088D00013E000984088022809D1FFE7009840790A
:1088E000019981F8A0020198FEF706FE04E00198C4
:1088F0000099FEF7ABFDFFE7FFE702B080BD000087
:1089000080B582B001900198FFF7F2FD02B080BD02
:1089100080B586B00590049100208DF80F00049872
:10892000007800F0600001460291A8B1FFE70298CC
:10893000202804D0FFE70298402846D1FFE7059899
:10894000D0F8D41200EB8101D1F8B8128A680499EA
:1089500090478DF80F003DE0049840780146019162
:1089600009282CD80199DFE801F01B252A202A0AC2
:10897000052A160F05980499FEF7BAFE24E005981B
:108980000499FFF773FE1FE005980499FFF7D0FEE6
:108990008DF80F0018E005980499FEF777FE13E0B4
:1089A00005980499FFF77AF80EE005980499FFF707
:1089B0007FFF09E005980499FEF7F8FC04E00598AC
:1089C0000499FEF743FDFFE704E005980499FEF7DC
:1089D0003DFDFFE79DF80F0006B080BD80B58CB06F
:1089E0000B900A9100208DF821000A9880888DF85C
:1089F00023000A98007800F0600001460791B8B3A0
:108A0000FFE70798202805D0FFE70798402840F0A7
:108A1000B281FFE70B989DF82310FEF7E7FC8DF875
:108A200022009DF82200FF2821D0FFE79DF82200B8
:108A3000E8B9FFE79DF822000B99C1F8D4020B9822
:108A40009DF8221000EB8100D0F8B802806868B170
:108A5000FFE70B989DF8221000EB8101D1F8B812C6
:108A60008A680A9990478DF82100FFE7FFE787E1C0
:108A70000A98407801460691002800F0BD80FFE783
:108A8000069801284CD0FFE70698032840F06D8136
:108A9000FFE70B9890F89C0201460591022804D04C
:108AA000FFE70598032819D034E09DF8230078B13A
:108AB000FFE79DF8230080280AD0FFE70B989DF878
:108AC0002310FFF7F7FC0B988021FFF7F3FC04E07D
:108AD0000B980A99FEF7BAFCFFE720E00A98408855
:108AE000A0B9FFE79DF8230078B1FFE79DF82300C8
:108AF00080280AD0FFE70A98C08830B9FFE70B98B2
:108B00009DF82310FFF7D6FCFFE7FFE70B98FEF771
:108B1000F3FC04E00B980A99FEF798FCFFE729E1C3
:108B20000B9890F89C0201460491022804D0FFE7BC
:108B30000498032819D059E09DF8230078B1FFE785
:108B40009DF8230080280AD0FFE70B989DF823109A
:108B5000FFF7B0FC0B988021FFF7ACFC04E00B980A
:108B60000A99FEF773FCFFE745E00A984088E0BBEE
:108B7000FFE79DF82300400630B1FFE70B989DF812
:108B80002310FFF769F8FFE70B98FEF7B5FC0B9889
:108B90009DF82310FEF72AFC8DF822009DF8220094
:108BA000FF2821D0FFE79DF82200E8B9FFE79DF8F4
:108BB00022000B99C1F8D4020B989DF8221000EB0B
:108BC0008100D0F8B802806868B1FFE70B989DF883
:108BD000221000EB8101D1F8B8128A680A999047F7
:108BE0008DF82100FFE7FFE7FFE704E00B980A9903
:108BF000FEF72CFCFFE7BDE00B9890F89C020146C5
:108C00000391022804D0FFE70398032838D0A6E098
:108C10009DF8230050B1FFE79DF82300802805D080
:108C2000FFE70B980A99FEF711FC9DE09DF82300E1
:108C3000000600280CD5FFE70B989DF8231001F0E3
:108C40007F0101EB810100EB8100143002900CE008
:108C50000B989DF8231001F07F0101EB810100EBDF
:108C6000810000F5AA700290FFE702980990099927
:108C7000002008600B9809990222FEF723FC73E09C
:108C80009DF823000006002812D5FFE70B989DF8F9
:108C9000231001F00F0101EB810100EB8100808CBA
:108CA00028B9FFE70B980A99FEF7D0FB5CE012E0C9
:108CB0000B989DF8231001F00F0101EB810100EBEF
:108CC0008100B0F8640128B9FFE70B980A99FEF714
:108CD000BDFB49E0FFE79DF82300000600280CD506
:108CE000FFE70B989DF8231001F07F0101EB810154
:108CF00000EB8100143001900CE00B989DF82310DC
:108D000001F07F0101EB810100EB810000F5AA7009
:108D10000190FFE7019809909DF8230028B1FFE733
:108D20009DF82300802804D1FFE7099900200860FE
:108D30000FE00B989DF82310FFF7E2F920B1FFE751
:108D400009990120086003E0099900200860FFE705
:108D5000FFE70B9809990222FEF7B4FB04E00B9899
:108D60000A99FEF773FBFFE704E00B980A99FEF7F8
:108D70006DFBFFE704E00B980A99FEF767FBFFE73E
:108D80009DF821000CB080BD80B584B003900291A5
:108D900000208DF807000298007800F0600001467E
:108DA000009140B1FFE70098202804D0FFE7009829
:108DB00040285AD1FFE7039890F89C020138022816
:108DC0004DD8FFE702980079012842D8FFE70398C1
:108DD00002990979FEF712FB8DF806009DF806004E
:108DE000FF2825D0FFE79DF8060008BBFFE70398A2
:108DF0009DF8061000EB8100D0F8B802806890B1B1
:108E0000FFE79DF806000399C1F8D40203989DF886
:108E1000061000EB8101D1F8B8128A6802999047D8
:108E20008DF8070003E003208DF80700FFE703E05B
:108E300003208DF80700FFE70298C08840B9FFE7DC
:108E40009DF8070020B9FFE70398FEF755FBFFE701
:108E500004E003980299FEF7F9FAFFE704E00398AB
:108E60000299FEF7F3FAFFE704E003980299FEF790
:108E7000EDFAFFE79DF8070004B080BD81B00090D7
:108E800001B0704781B0009040F27430C2F200002F
:108E900001B0704784B0039002910398019002984A
:108EA0000078009002984078012830D1FFE70298BE
:108EB000007800F00F01012000FA01F20199D1F8C9
:108EC0001C081043C1F81C080198009900EB4110E0
:108ED000D0F800090004002818D4FFE70299C868F8
:108EE0006FF3DF20097940EA8140009A40EA82501E
:108EF000019901EB4211D1F80029104348F2000218
:108F0000C1F200021043C1F80009FFE72EE0029809
:108F1000007800F00F01012000FA01F20199D1F868
:108F20001C0840EA0240C1F81C080198009900EBB7
:108F30004110D0F8000B0004002816D4FFE7029976
:108F4000C8686FF3DF20097940EA81400199009AEF
:108F500001EB4211D1F8002B104348F20002C1F29C
:108F600000021043C1F8000BFFE7FFE7002004B048
:108F70007047000082B00190019800900099D1F8EC
:108F8000000940F2FF729043C1F800090099D1F83E
:108F9000040840F48070C1F80408002002B0704753
:108FA0002DE9F04F91B00191DDF88CB0DDF888A08B
:108FB000DDF88490DDF880801F9F1E9E1D9D1C9C07
:108FC000DDF86CE0DDF868C001990199CDF840B09A
:108FD000CDF83CA0CDF83890CDF834800C970B96A6
:108FE0000A950994CDF820E0CDF81CC006930592AF
:108FF000049103900998012822D1FFE70399886B17
:1090000020F4803088630399C8684FF6BF72CFF6AA
:10901000BD721040C8600399C86820F44010C86051
:109020001098012806D1FFE70399C86840F4801022
:10903000C860FFE7039800F031F88DF80B0019E0E5
:109040000399C86840F04000C860039800F026F813
:109050008DF80B000D9830B9FFE70399886B40F449
:109060008030886305E00399886B20F48030886342
:10907000FFE7FFE7079801280BD1FFE7039988680E
:1090800040F0060088600399886840F020008860FE
:10909000FFE79DF80B0011B0BDE8F08F83B00190A1
:1090A00000200090FFE7009801300090009840F603
:1090B0004151C0F20301884204D3FFE703208DF839
:1090C0000B0028E0FFE701980069C00F0028EAD0F4
:1090D000FFE7002000900199086940F00100086155
:1090E000FFE7009801300090009840F64151C0F22F
:1090F0000301884204D3FFE703208DF80B000AE048
:10910000FFE701980069C0070028EAD1FFE70020C7
:109110008DF80B00FFE79DF80B0003B070470000CF
:1091200084B0039002910398019002980078009017
:1091300002984078012845D1FFE70198009900EB9B
:109140004110D0F80009C00FA8B1FFE701980099BD
:1091500000EB4111D1F8000940F00060C1F80009AE
:109160000198009900EB4111D1F8000940F08040CE
:10917000C1F80009FFE70298007800F00F01012014
:1091800000FA01F3019AD2F83C189943C2F83C184E
:109190000299097801F00F0100FA01F20199D1F862
:1091A0001C089043C1F81C080198009900EB41117C
:1091B000D1F8000947F60002CEF633421040C1F85C
:1091C000000946E00198009900EB4110D0F8000B2F
:1091D000C00FA8B1FFE70198009900EB4111D1F849
:1091E000000B40F00060C1F8000B0198009900EB03
:1091F0004111D1F8000B40F08040C1F8000BFFE7AF
:109200000298007800F00F01012000FA01F3019AA2
:10921000D2F83C1821EA0341C2F83C1802990978B7
:1092200001F00F0100FA01F20199D1F81C0820EABF
:109230000240C1F81C080198009900EB4111D1F8D7
:10924000000B47F60002CEF6F3721040C1F8000B97
:10925000FFE7002004B0704782B0019001980090B1
:109260000099D1F8000E20F00300C1F8000E00991B
:10927000D1F8040820F00200C1F80408002002B070
:109280007047000082B00190019800900099D1F8D9
:10929000000E20F00300C1F8000E0099D1F8040878
:1092A00040F00200C1F80408002002B0704700003E
:1092B0002DE9F04F93B00191DDF894B0DDF890A066
:1092C000DDF88C90DDF88880219F209E1F9D1E9CDC
:1092D000DDF874E0DDF870C001990199CDF848B06F
:1092E000CDF844A0CDF84090CDF83C800E970D9677
:1092F0000C950B94CDF828E0CDF824C00893079284
:109300000691059000208DF81300059903910290B5
:10931000FFE702980E280CD8FFE70598029900EBAA
:1093200081010020C1F80401FFE70298013002909A
:10933000EFE71098B8B9FFE70399D1F8040840F0B7
:109340000200C1F804080599886B40F40010886396
:109350000599886B20F4002088630599886B20F4B8
:10936000802088630AE00599886B20F400108863E8
:109370000599886B40F400208863FFE7039900207B
:10938000C1F8000E0399D1F80008C1F800080B9845
:1093900001280ED1FFE7089828B9FFE705980021BA
:1093A00000F038FF04E00598012100F033FFFFE7EB
:1093B00004E00598032100F02DFFFFE70598102138
:1093C00000F05EFD20B1FFE701208DF81300FFE7FC
:1093D000059800F015FD20B1FFE701208DF813007E
:1093E000FFE703990020C1F810080399C1F8140899
:1093F0000399C1F81C080290FFE702980699884279
:109400003BD2FFE70398029900EB4110D0F8000926
:10941000C00FB0B1FFE7029848B9FFE7039802997F
:1094200000EB41114FF00060C1F8000908E003981B
:10943000029900EB41114FF09040C1F80009FFE79D
:1094400007E00398029900EB41110020C1F80009E0
:10945000FFE70398029900EB41110020C1F81009C1
:109460000398029900EB41114FF67F30C1F80809CB
:10947000FFE7029801300290BFE700200290FFE76B
:109480000298069988423BD2FFE70398029900EBC5
:109490004110D0F8000BC00FB0B1FFE7029848B9F7
:1094A000FFE70398029900EB41114FF00060C1F80B
:1094B000000B08E00398029900EB41114FF0904037
:1094C000C1F8000BFFE707E00398029900EB411198
:1094D0000020C1F8000BFFE70398029900EB41114F
:1094E0000020C1F8100B0398029900EB41114FF6D0
:1094F0007F30C1F8080BFFE7029801300290BFE708
:109500000399D1F8100820F48070C1F8100805996B
:109510000020886105996FF080404861099830B952
:10952000FFE70599886940F010008861FFE7059919
:10953000886943F60002C8F23C02104388610C9827
:1095400030B1FFE70599886940F008008861FFE7BE
:109550001098012808D1FFE7059988690422C4F210
:10956000000210438861FFE79DF8130013B0BDE8C7
:10957000F08F000081B000900099886820F0010011
:109580008860002001B0704785B0049003918DF889
:109590000B2004980190039800780090039840787D
:1095A000012840F09580FFE703988069F8B9FFE74C
:1095B0000198009900EB4111D1F810096FF3DC40DC
:1095C000C1F810090198009900EB4111D1F8100978
:1095D00040F40020C1F810090198009900EB4111F6
:1095E000D1F810096FF31200C1F8100935E00198A5
:1095F000009900EB4111D1F810096FF31200C1F886
:1096000010090198009900EB4111D1F810096FF38E
:10961000DC40C1F810090398C1688069884204D908
:10962000FFE70399C8688861FFE70198009900EB9C
:109630004111D1F8100940F40020C1F81009039835
:1096400082696FF3DF420198009900EB4111D1F874
:1096500010091043C1F81009FFE79DF80B0001281D
:1096600018D1FFE70398406948B1FFE703984069C4
:109670000199009A01EB4211C1F81409FFE7019822
:10968000009900EB4111D1F8000940F00440C1F805
:1096900000091CE00198009900EB4111D1F8000984
:1096A00040F00440C1F800090398806970B1FFE7F9
:1096B0000398007800F00F01012000FA01F20199EF
:1096C000D1F834081043C1F83408FFE7FFE753E04E
:1096D0000198009900EB4111D1F8100B6FF31200C3
:1096E000C1F8100B0198009900EB4111D1F8100B53
:1096F0006FF3DC40C1F8100B0398806920B1FFE7DD
:109700000399C8688861FFE70399C868C861019830
:10971000009900EB4111D1F8100B40F40020C1F882
:10972000100B0398C2696FF3DF420198009900EBB8
:109730004111D1F8100B1043C1F8100B9DF80B002C
:1097400001280ED1FFE70398006948B1FFE70398AD
:1097500000690199009A01EB4211C1F8140BFFE76F
:10976000FFE70198009900EB4111D1F8000B40F0A0
:109770000440C1F8000BFFE7002005B0704700006F
:1097800086B004908DF80F1002920498019004980E
:10979000006C0090009843F20B01C4F654718842AB
:1097A0000BD3FFE70198D0F8000BC00F20B1FFE703
:1097B00000208DF817002EE0FFE701990020C1F886
:1097C000100B0199D1F8100B40F40020C1F8100BD8
:1097D0000199D1F8100B40F01800C1F8100B019955
:1097E000D1F8100B40F0C040C1F8100B9DF80F00ED
:1097F00001280CD1FFE702980199C1F8140B0199D7
:10980000D1F8000B40F08020C1F8000BFFE70020EA
:109810008DF81700FFE79DF8170006B070470000AD
:1098200084B0039002910398019002980078009010
:1098300002984078012820D1FFE70198009900EBB9
:109840004111D1F8000920F40010C1F80009029874
:109850000079032805D0FFE70298007902280BD190
:10986000FFE70198009900EB4111D1F8000940F0A1
:109870008050C1F80009FFE71FE00198009900EB54
:109880004111D1F8000B20F40010C1F8000B029830
:109890000079032805D0FFE70298007902280BD150
:1098A000FFE70198009900EB4111D1F8000B40F05F
:1098B0008050C1F8000BFFE7FFE7002004B07047BD
:1098C00084B0039002910398019002980078009070
:1098D00002984078012822D1FFE70198009900EB17
:1098E0004110D0F80009C00F70B9FFE7009858B1D7
:1098F000FFE70198009900EB4111D1F8000920F031
:109900008040C1F80009FFE70198009900EB411180
:10991000D1F8000940F40010C1F8000921E00198D5
:10992000009900EB4110D0F8000BC00F70B9FFE7B1
:10993000009858B1FFE70198009900EB4111D1F868
:10994000000B20F08040C1F8000BFFE70198009960
:1099500000EB4111D1F8000B40F40010C1F8000BEE
:10996000FFE7002004B0704780B588B007900691EB
:109970008DF81720079804900698007803900698B1
:109980004078012840F00381FFE706988069F8B924
:10999000FFE70498039900EB4111D1F810096FF328
:1099A000DC40C1F810090498039900EB4111D1F88B
:1099B000100940F40020C1F810090498039900EB45
:1099C0004111D1F810096FF31200C1F8100950E0ED
:1099D0000498039900EB4111D1F810096FF31200BC
:1099E000C1F810090498039900EB4111D1F810094E
:1099F0006FF3DC40C1F810090698C168806908441B
:109A00000138B0FBF1F10020C1F6F87000EAC14264
:109A10000498039900EB4111D1F810091043C1F8E3
:109A20001009069882696FF3DF420498039900EBEE
:109A30004111D1F810091043C1F8100906980079B6
:109A4000012815D1FFE70498039900EB4111D1F8E3
:109A5000100920F0C040C1F810090498039900EBE8
:109A60004111D1F8100940F00050C1F81009FFE78A
:109A7000FFE79DF8170001283BD1FFE706984069F2
:109A800048B1FFE7069840690499039A01EB421137
:109A9000C1F81409FFE70698007901281ED1FFE7F5
:109AA0000498D0F80808C00500280BD4FFE70498F4
:109AB000039900EB4111D1F8000940F00050C1F8C2
:109AC00000090AE00498039900EB4111D1F800095C
:109AD00040F08050C1F80009FFE7FFE704980399C0
:109AE00000EB4111D1F8000940F00440C1F8000931
:109AF0004CE00498039900EB4111D1F8000940F0C3
:109B00000440C1F8000906980079012813D0FFE746
:109B10000698806970B1FFE70698007800F00F01A1
:109B2000012000FA01F20499D1F834081043C1F879
:109B30003408FFE729E00498D0F80808C005002899
:109B40000BD4FFE70498039900EB4111D1F8000909
:109B500040F00050C1F800090AE00498039900EBB6
:109B60004111D1F8000940F08050C1F80009FFE729
:109B70000798069B19691A781B8B9DF817C0EE464B
:109B8000CEF800C000F036FCFFE7FFE79DE0049848
:109B9000039900EB4111D1F8100B6FF31200C1F8DB
:109BA000100B0498039900EB4111D1F8100B6FF3DF
:109BB000DC40C1F8100B06988069C0B9FFE7069831
:109BC000C2686FF3DF420498039900EB4111D1F8AA
:109BD000100B1043C1F8100B0498039900EB4111CE
:109BE000D1F8100B40F40020C1F8100B2CE00698BF
:109BF000C168806908440138B0FBF1F0ADF80A0093
:109C00000699C868BDF80A205043C861BDF80A101B
:109C10000020C1F6F87000EAC1420498039900EBF5
:109C20004111D1F8100B1043C1F8100B0698C2690E
:109C30006FF3DF420498039900EB4111D1F8100B48
:109C40001043C1F8100BFFE79DF8170001280ED153
:109C5000FFE70698006948B1FFE706980069049994
:109C6000039A01EB4211C1F8140BFFE7FFE70698D6
:109C7000007901281ED1FFE70498D0F80808C00534
:109C800000280BD4FFE70498039900EB4111D1F8A9
:109C9000000B40F00050C1F8000B0AE00498039953
:109CA00000EB4111D1F8000B40F08050C1F8000BDF
:109CB000FFE7FFE70498039900EB4111D1F8000B8F
:109CC00040F00440C1F8000BFFE7002008B080BD61
:109CD00085B004900391002002908DF8070004984D
:109CE00000900398407801283ED1FFE7009803993F
:109CF000097800EB4110D0F80009C00F98B3FFE7D6
:109D000000980399097800EB4111D1F8000940F05F
:109D10000060C1F8000900980399097800EB41112F
:109D2000D1F8000940F08040C1F80009FFE702982F
:109D300001300290029842F21171884204D3FFE789
:109D400001208DF807000DE0FFE7009803990978DE
:109D500000EB4110D0F8000900F00040B0F1004FD6
:109D6000E5D0FFE7FFE73DE000980399097800EBB5
:109D70004110D0F8000BC00F98B3FFE7009803998B
:109D8000097800EB4111D1F8000B40F00060C1F8F8
:109D9000000B00980399097800EB4111D1F8000BF2
:109DA00040F08040C1F8000BFFE7029801300290BC
:109DB000029842F21171884204D3FFE701208DF826
:109DC00007000DE0FFE700980399097800EB4110C8
:109DD000D0F8000B00F00040B0F1004FE5D0FFE7F5
:109DE000FFE7FFE79DF8070005B0704781B00090DE
:109DF0000099886840F001008860002001B0704739
:109E000083B0019000200090FFE70098013000909F
:109E1000009840F64151C0F20301884204D3FFE7A5
:109E200003208DF80B0027E0FFE701980069C00FC1
:109E30000028EAD0FFE70020009001991020086177
:109E4000FFE7009801300090009840F64151C0F2C1
:109E50000301884204D3FFE703208DF80B000BE0D9
:109E6000FFE70198006900F010001028E9D0FFE733
:109E700000208DF80B00FFE79DF80B0003B0704742
:109E800084B00290019100200090FFE7009801301B
:109E90000090009840F64151C0F20301884204D37B
:109EA000FFE703208DF80F0029E0FFE70298006923
:109EB000C00F0028EAD0FFE7002000900198800141
:109EC000203002990861FFE7009801300090009867
:109ED00040F64151C0F20301884204D3FFE703205A
:109EE0008DF80F000BE0FFE70298006900F02000FA
:109EF0002028E9D0FFE700208DF80F00FFE79DF84C
:109F00000F0004B07047000084B0039003980290E3
:109F10000298D0F8080800F006000090009820B9D8
:109F2000FFE700208DF8070010E00098022804D019
:109F3000FFE70098062804D1FFE702208DF807000C
:109F400003E00F208DF80700FFE7FFE79DF807000B
:109F500004B0704781B000900098406900F00100A3
:109F600001B0704783B00290029801900198D0F838
:109F7000180800900198D0F81C180098084000902C
:109F8000BDF8000003B0704783B0029002980190C2
:109F90000198D0F8180800900198D0F81C18009883
:109FA00008400090BDF8020003B0704786B00590ED
:109FB0008DF81310059803900398D0F810080190BD
:109FC0000398D0F83408009000989DF8131001F021
:109FD0000F01C84000F00101019840EAC110019052
:109FE00003989DF8131000EB4110D0F8080901996F
:109FF00008400290029806B07047000084B00390B9
:10A000008DF80B100398019001989DF80B1000EB50
:10A010004110D0F8080B00900198D0F8141800985F
:10A0200008400090009804B07047000082B0019092
:10A03000019840690090019881690098084000905B
:10A04000009802B07047000089B008900791ADF801
:10A050001A200898059007980490BDF81A00800807
:10A060000190BDF81A0000F00300ADF802000020D6
:10A070000290FFE702980199884217D2FFE70598FE
:10A080004FF48051405804990860049801300490BE
:10A090000498013004900498013004900498013031
:10A0A0000490FFE7029801300290E3E7BDF8020058
:10A0B00008B3FFE70020029005984FF48051405804
:10A0C0000390FFE703989DF80810C900C840049961
:10A0D0000870029801300290049801300490BDF895
:10A0E00002000138ADF80200FFE7BDF802000028C9
:10A0F000E8D1FFE7FFE7049809B0704780B586B064
:10A1000004908DF80F10002002900499C86820F088
:10A11000C040C8609DF80F00012823D1FFE70499D3
:10A12000C86840F00050C860FFE70120F7F7B2FCB4
:10A13000029801300290FFE70498FFF70BFF0146F9
:10A1400000200129019007D0FFE702990020322961
:10A1500038BF01200190FFE70198C0070028E4D133
:10A16000FFE72AE09DF80F0010BBFFE70499C868DD
:10A1700040F08040C860FFE70120F7F78BFC0298B1
:10A1800001300290FFE70498FFF7E4FE014600204B
:10A19000009039B1FFE702990020322938BF012031
:10A1A0000090FFE70098C0070028E5D1FFE703E033
:10A1B00001208DF817000CE0FFE70298322804D147
:10A1C000FFE701208DF8170003E000208DF817004D
:10A1D000FFE79DF8170006B080BD000083B0029035
:10A1E0008DF80710029800900099D1F8000820F42B
:10A1F000FE60C1F800089DF8070000F07F0200999A
:10A20000D1F8000840EA0210C1F80008002003B0AD
:10A210007047000083B002908DF8071002980090FC
:10A220009DF807200099D1F800081043C1F80008F4
:10A23000002003B07047000084B0039002918DF8B5
:10A2400007209DF80700022840F0B880FFE7029839
:10A250004AF6C041C0F2D80188420BD3FFE702980A
:10A260004EF2BF11C0F2E401884203D8FFE70F208D
:10A270000090A2E002984EF2C011C0F2E4018842C0
:10A280000BD3FFE7029842F2FF31C0F2F40188429B
:10A2900003D8FFE70E2000908EE0029842F20041C2
:10A2A000C0F2F40188420BD3FFE7029847F27F31F6
:10A2B000C0F20611884203D8FFE70D2000907AE033
:10A2C000029847F28031C0F2061188420BD3FFE7B3
:10A2D000029844F69F11C0F21A11884203D8FFE792
:10A2E0000C20009066E0029844F6A011C0F21A110A
:10A2F00088420BD3FFE7029842F6FF41C0F23111CA
:10A30000884203D8FFE70B20009052E0029842F603
:10A310000051C0F2311188420BD3FFE702984AF294
:10A320003F41C0F24C11884203D8FFE70A20009059
:10A330003EE002984AF24041C0F24C1188420BD3F1
:10A34000FFE7029843F2FF51C0F26E11884203D832
:10A35000FFE7092000902AE0029843F20061C0F272
:10A360006E1188420BD3FFE702984AF61F31C0F204
:10A37000A611884203D8FFE70820009016E0029853
:10A380004AF62031C0F2A61188420BD3FFE70298AB
:10A3900044F2FF71C0F2E811884203D8FFE70720BA
:10A3A000009002E006200090FFE7FFE7FFE7FFE7ED
:10A3B000FFE7FFE7FFE7FFE7FFE70AE09DF8070099
:10A3C00018B9FFE70920009002E009200090FFE79C
:10A3D000FFE70399C86820F47050C860009800F047
:10A3E0000F020399C86840EA8220C860002004B0C8
:10A3F0007047000080B588B084460A98CDF81CC02C
:10A4000006918DF81720ADF814308DF813000798D9
:10A410000390069802909DF8130048BBFFE7BDF833
:10A42000140003308008019000200090FFE700989E
:10A43000019988421BD2FFE70298006803999DF8B2
:10A44000172001EB02314FF48052885002980130FE
:10A450000290029801300290029801300290029816
:10A4600001300290FFE7009801300090DFE7FFE73E
:10A47000002008B080BD0000FFE7FEE781B08DF846
:10A4800003009DF9030000280ED4FFE79DF9031097
:10A4900001F01F02012090404A094EF20011CEF255
:10A4A000000141F82200FFE701B070474EF60C5062
:10A4B000CEF200000068C0F30220704782B08DF831
:10A4C000070000919DF9070000280AD4FFE70098D3
:10A4D00000019DF907104EF20042CEF200028854AE
:10A4E0000BE0009800019DF8071001F00F014EF6F7
:10A4F0001452CEF200028854FFE702B07047000009
:10A5000083B00290029800F0070000904EF60C51C4
:10A51000CEF200010868019001984FF6FF0210404A
:10A5200001900198009A40EA02200022C0F2FA52FB
:10A53000104301900198086003B0704780B541F660
:10A54000FC70C2F200000078C8B1FFE7F7F7B8FC72
:10A5500041F6FC71C2F200014968401A33280DD35C
:10A56000FFE74BF20020C0F60000FAF721FD41F6AC
:10A57000FC71C2F2000100200870FFE7FFE780BD18
:10A5800080B582B0019000919DF80400FBF7DEFBDE
:10A59000019802B080BD000080B582B0002000901C
:10A5A0000190F7F7A1FCFBF713FDFAF759FDFAF755
:10A5B00029FFFAF707FFFAF7C5FEFAF72DFDFAF7BC
:10A5C00071FEFAF797FE41F69C60C2F20000F9F7BF
:10A5D00045FE009B40F20000C2F200004FF4806292
:10A5E00019464FF0FF30FCF759F94FF47A70F7F73E
:10A5F00051FA4BF27410C0F6000000F0E7F8FFE7E4
:10A60000FBF7B0F8FCF7E4F8FBF75CFCFBF7E6FBC4
:10A61000F6E7000041F69C60C2F200000068406A64
:10A620007047000080B582B0019001984BF2102174
:10A63000C0F60001F5F707FE0090009890B1FFE723
:10A640000098043000900098F5F732FE41F6F8715A
:10A65000C2F20001086041F6FC71C2F20001002064
:10A660000870FFE702B080BD80B584B0FFE70DF150
:10A670000F0000F03DF8C0B3FFE79DF80F000A2877
:10A6800013D1FFE741F69070C2F2000001900288FA
:10A6900041F62C70C2F20000002102918154FFF7B4
:10A6A000C1FF0199029808801EE041F69070C2F245
:10A6B0000000008862280FDCFFE79DF80F0041F6DC
:10A6C0009073C2F200031A88511C198041F62C7154
:10A6D000C2F20001885406E041F69071C2F2000116
:10A6E00000200880FFE7FFE7C1E704B080BD00005D
:10A6F00082B0009041F6DE00C2F20000008842F213
:10A700001A01C2F200010988884203D1FFE7002044
:10A71000019012E042F21A01C2F200010A8842F2EC
:10A720001D40C2F20000805C009A10700888013061
:10A73000C0B2088001200190FFE7019802B0704785
:10A7400081B08DF8030041F6DE00C2F200000088FF
:10A750000130C0B2ADF80000BDF8000042F21A01AD
:10A76000C2F200010988884210D0FFE79DF803007B
:10A7700041F6DE01C2F200010B8842F21D42C2F234
:10A780000002D054BDF800000880FFE701B0704718
:10A7900080B582B041F6FC70C2F20000007890B93A
:10A7A000FFE74BF2F610C0F60000FAF723FC41F683
:10A7B000FC71C2F20001019101200870F7F780FBE3
:10A7C00001994860FFE702B080BD00000FB4054B5F
:10A7D00010B503A9044A029800F0E6F810BC5DF831
:10A7E00014FB000081A5000800000020004870470D
:10A7F0000400002002E008C8121F08C1002AFAD194
:10A8000070477047002001E001C1121F002AFBD1F0
:10A81000704700002DE9FF5F82B00021DDE90430C0
:10A82000020DDDF840B0034318D044F61050A2F2F8
:10A83000FF3242431514119801281FD0A5EB0B00DD
:10A84000401C5FEA000A4FF000064E4FDFF83891D7
:10A85000B046504615D5CAF1000413E01198012402
:10A860004AA3012801D16FEA0B010298119AC0E9AD
:10A870000031C0E9024206B0BDE8F09FCBF1000014
:10A88000DFE704460021404A491842EB0450CDE975
:10A89000001012E0E00707D032463B4640464946EA
:10A8A000F6F7CDF98046894632463B4610461946B2
:10A8B000F6F7C5F906460F466410002CEAD1DDE92B
:10A8C0000401DDE90023BAF1000F06DAF6F7B7F963
:10A8D00042464B46F6F7B3F905E0F6F722FA424650
:10A8E0004B46F6F71EFA04460E460022284BF6F7B2
:10A8F0009FFA03D84FF0FF30014607E00022254BB6
:10A9000020463146F6F7F4F8F6F77AFA102409E013
:10A91000002C0ADB0A220023F5F752FC039B30329D
:10A920001A55641E50EA0102F2D1641C039AC4F164
:10A9300011031444119A012A03D0012208430DD1B6
:10A940000AE0084304D000204FF0110B119072E789
:10A95000A3EB0B056D1E0DE05B4504DD4FF000021F
:10A9600005F1010504E003DA4FF00002A5F101054D
:10A97000002AECD002981199C0E90231C0E90045E3
:10A9800079E70000000014400000F03F30000000B4
:10A990000000F0430000E03F30380A2801D20120D7
:10A9A00070470020704700002DE9FF4F95B09B468F
:10A9B0008946064600250FE2252877D10024274640
:10A9C000F84A0121059400E0044316F8013F203BBA
:10A9D00001FA03F01042F7D130782A2811D06FF035
:10A9E0002F033078A0F13002092A16D8059A44F0D6
:10A9F000020402EB820203EB42021044761C059033
:10AA0000EFE759F8042B0592002A03DA504244F488
:10AA10000054059044F00204761C30782E2816D19C
:10AA200016F8010F44F004042A280DD06FF02F020D
:10AA30003078A0F13003092B09D807EB870302EB2C
:10AA40004303C718761CF3E759F8047B761C30786B
:10AA50006C280FD006DC4C2817D068280DD06A2847
:10AA600014D104E0742810D07A280FD10DE044F4FA
:10AA700000140AE044F4801401E044F440147278B5
:10AA8000824202D104F58014761C761C3078662848
:10AA90000BD013DC582877D009DC002875D0452866
:10AAA000F6D04628F4D047281AD19DE118E0632853
:10AAB00035D0642879D0652812D195E1702873D0FB
:10AAC00008DC6728F1D069286FD06E280DD06F2878
:10AAD00006D1B5E073282CD0752875D0782874D0AD
:10AAE0005A46179990476D1C75E1C4F3025002282D
:10AAF00009D003280DD0D9F8001004280DD00D601E
:10AB000009F1040967E1D9F80010EA17C1E9005218
:10AB1000F6E7D9F800100D80F2E70D70F0E719F8AC
:10AB2000041B8DF8001000208DF80100EA4601207A
:10AB300003E059F804AB4FF0FF3061074FF000011C
:10AB400002D40DE008F101018846B9420FDA8045D0
:10AB5000F8DB1AF808100029F4D108E008F1010127
:10AB600088468142FADB1AF808100029F6D10598C8
:10AB70005B46A0EB080721463846179A00F094FA86
:10AB8000284400EB080507E04DE029E10DE01AF844
:10AB9000010B5A4617999047B8F10108F7D25B4666
:10ABA00021463846179A13E142E00A220092C4F384
:10ABB00002524FF0000A022A08D059F804CB032AA7
:10ABC0004FEAEC710AD00DE029E02AE009F1070113
:10ABD00021F00702F2E802C1914609E00FFA8CFC6D
:10ABE0004FEAEC71042A03D14FFA8CFC4FEAEC7166
:10ABF000002907DA0A460021DCF1000C61EB0201B2
:10AC00002D2202E0220504D52B228DF804200122FA
:10AC100003E0E20701D02022F7E7904659E00A213D
:10AC200002E010220DE010214FF0000A00910BE02D
:10AC300010224FF0000A44F004040827009203E0B9
:10AC400008224FF0000A0092C4F30252022A05D0F3
:10AC500059F804CB0021032A08D009E009F10701C3
:10AC600021F00702F2E802C1914605E01FFA8CFCD0
:10AC7000042A01D10CF0FF0C4FF00008220728D560
:10AC8000702806D0009B83F0100353EA0A0305D016
:10AC90000EE040228DF80420012208E05CEA010267
:10ACA00006D030228DF804208DF80500022290464F
:10ACB000009B83F0080353EA0A030AD15CEA01020D
:10ACC00001D1620705D530228DF804204FF001082C
:10ACD0007F1E582804D034A003900EA802900DE0E7
:10ACE00036A0F9E753466046009AF5F769FA8446BC
:10ACF0000398825C0298401E029002705CEA010098
:10AD0000F0D1029806A9081A00F1200A600702D5BE
:10AD100024F4803400E00127574502DDA7EB0A0048
:10AD200000E0002000EB0A01009005984144401A21
:10AD30000590E00306D45B462146179A059800F07B
:10AD4000B3F90544002706E001A85A46C05D1799EB
:10AD500090476D1C7F1C4745F6DBE0030CD55B4636
:10AD60002146179A059800F09FF9054404E0302029
:10AD70005A46179990476D1C0099481E009000296B
:10AD8000F5DC08E0029802995A460078491C0291C5
:10AD9000179990476D1CBAF10001AAF1010AF1DC84
:10ADA00065E100000928010030313233343536378F
:10ADB0003839616263646566000000003031323307
:10ADC00034353637383941424344454600000000A7
:10ADD00000F058F90544761C307800287FF4ECAD7B
:10ADE00019B02846BDE8F08F620700D4062709F1A4
:10ADF000070222F0070CFCE80223E14603F00048BA
:10AE00005FEA080C02D00FF2702C0DE05FEA045CE0
:10AE100002D50FF2682C07E05FEAC47C02D00FF283
:10AE2000602C01E0AFF2700C4FF0FF3823F00043CC
:10AE3000CDF850C065280CD006DC452809D046283E
:10AE40001DD047283DD13DE0662818D067287ED127
:10AE500038E00021112F01DB112000E0781CCDE942
:10AE6000000106A90EA8FFF7D5FCDDE90F010E9A37
:10AE700003910021009207F1010A04914DE04FF087
:10AE800000400097CDE9011006A90EA8FFF7C2FC0B
:10AE9000DDE90F0203920E9B11990022DDF80CA050
:10AEA0000093049211B9791C00EB010AB7EB0A0078
:10AEB00004D4C0F1FF3007F1010A0490AAEB0700A7
:10AEC000019044E0012F00DA01270021112F01DD5C
:10AED000112000E03846CDE9000106A90EA8FFF7D1
:10AEE00099FCDDE90F010E9A039100210491009273
:10AEF000BA4621070CD40399514500DA8A46BAF1C3
:10AF0000010F05DD009AAAF10101515C302908D03A
:10AF1000B84202DA10F1040F06DA0121CDE901107E
:10AF200015E0AAF10101E9E7002805DC04990144D4
:10AF30000491AAEB000102E0411C514500DD8A4664
:10AF40000499401A401C01904FF0004002902007E5
:10AF500004D40198504501DBCDF8048000208DF821
:10AF60004F0002980DF14F07B0F1004F25D02B2074
:10AF70000E9002984FF0020800280CDA404202902E
:10AF80002D200E9007E00A210298F5F79EF9303146
:10AF9000029007F8011DB8F10001A8F10108F2DCE8
:10AFA00002980028EFD1791E0E980870307800F0D2
:10AFB000200040F0450007F8020D12A8C01B00F168
:10AFC00007081498007800B1012000EB0A010198ED
:10AFD00001EBE07105984144401A401E0590E003E2
:10AFE00006D45B462146179A059800F05DF80544A3
:10AFF0001498007818B15A46179990476D1CE003D1
:10B0000024D55B462146179A059800F04DF8054473
:10B010001CE00498002807DBDDE90301884203DD1A
:10B020000098405C179901E0179930205A469047E4
:10B03000049805F10105401C04900198401E019000
:10B0400004D12E205A46179990476D1CBAF1000181
:10B05000AAF1010ADDDC05E017F8010B5A46179941
:10B0600090476D1CB8F10001A8F10108F4DC5B46C3
:10B070002146179A0598ABE62D0000002B00000032
:10B08000200000002DE9F041044600251E46174629
:10B09000880404D405E039462020B0476D1C641EA6
:10B0A000F9D52846BDE8F0812DE9F0410446002598
:10B0B0001E469046C80301D5302700E020278804AB
:10B0C00004D505E041463846B0476D1C641EF9D5ED
:10B0D0002846BDE8F08100404040404040404040AC
:10B0E000414141414140404040404040404040405B
:10B0F000404040404040400502020202020202027B
:10B100000202020202020220202020202020202011
:10B110002002020202020202909090909090101081
:10B12000101010101010101010101010101010101F
:10B1300010100202020202028888888888880808A3
:10B14000080808080808080808080808080808087F
:10B150000808020202024000D7B000080000000008
:10B1600000000000010203040607080900000000B7
:10B1700001020304696E69742073756373736573E8
:10B1800066756C6C202E0A0043444320496E74653A
:10B1900072666163650043444320436F6E6669676E
:10B1A0000053544D6963726F656C656374726F6EA2
:10B1B0006963730053544D3332205669727475615C
:10B1C0006C20436F6D506F7274004F4B0D0A00423C
:10B1D000616420436F6D6D616E640D0A0051756589
:10B1E00075652046756C6C0D0A0025632025752059
:10B1F0002575202564004745545F504F530D0A00C4
:10B20000504F532074696D65206F757420210A00BA
:10B21000504F533D0000000038B2000800000020ED
:10B2200028010000F4A7000860B3000828010020EE
:10B23000002A000004A80008000000000000000030
:10B24000828101006D750008D9750008F575000848
:10B250001D7600086D7600081D75000889750008C8
:10B260000024F400C56D0008016B00081971000886
:10B2700000000000ED6B00089D690008916A00085D
:10B28000000000000000000000000000E96C000861
:10B290007D6C0008596D0008656C000809024300C8
:10B2A000020100C03209040000010202010005246D
:10B2B00000100105240100010424020205240600F7
:10B2C000010705820308001009040100020A0000BA
:10B2D0000007050102400000070581024000000050
:10B2E0000A060002000000400100000012010002F6
:10B2F00002020040830440570002010203010000E3
:10B30000951400089114000835140008C9140008A9
:10B3100015150008040309041A03000000000000CA
:10B32000000000000000000000000000000000001D
:10B33000000000000000C8420101000010000000F1
:10B340000000803F0000000000000000000000003E
:10B3500000000000000048428096984A000000006B
:040000050800018965
:00000001FF
