:020000040800F2
:10000000002B00209D01000869570008254F0008BB
:100010007154000831140008C5A200080000000057
:100020000000000000000000000000009D5C0008CF
:100030008116000800000000715B0008155E0008D2
:10004000B7010008B7010008B7010008B7010008B0
:10005000B7010008B7010008B7010008B7010008A0
:10006000B7010008B7010008B7010008B701000890
:10007000B7010008B7010008B7010008B701000880
:10008000B7010008B7010008B7010008B701000870
:10009000B7010008B7010008B7010008B701000860
:1000A000B7010008B7010008B7010008B701000850
:1000B000ED5E0008B7010008B7010008B7010008AD
:1000C000B7010008B7010008B7010008B701000830
:1000D000B7010008D9670008B7010008B701000898
:1000E000B7010008B7010008B7010008B701000810
:1000F000B7010008B7010008B7010008B701000800
:10010000B7010008B7010008B7010008B7010008EF
:10011000B7010008B7010008B7010008B7010008DF
:10012000B7010008B7010008B7010008B7010008CF
:10013000B7010008B7010008B7010008B7010008BF
:10014000B7010008B7010008B7010008D957000837
:10015000B7010008B7010008B7010008B70100089F
:10016000B7010008B7010008B7010008B70100088F
:10017000B7010008B7010008B7010008000000003F
:10018000B7010008B7010008DFF80CD000F068FEE6
:1001900000480047E5A30008002B002006488047E0
:1001A00006480047FEE7FEE7FEE7FEE7FEE7FEE75C
:1001B000FEE7FEE7FEE7FEE7D95E000889010008DA
:1001C0002DE9F05F0546002092469B46884606468C
:1001D000814640241BE0284641464746224600F01F
:1001E00099F853465A46C01A914110D31146184601
:1001F000224600F080F82D1A67EB01084F46224690
:100200000120002100F077F817EB00094E41201E75
:10021000A4F10104DFDC484631462A464346BDE8E6
:10022000F09FD2B201E000F8012B491EFBD27047CB
:100230000022F6E710B513460A4604461946FFF7B2
:10024000F0FF204610BD30B505462A460B4612F891
:10025000010B13F8014B08B1A042F8D01CB10028E3
:1002600002D06D1CF1E7284630BD421C10F8011B7E
:100270000029FBD1801A70470FB400B58DB010A9CA
:1002800009900B9000914FF0FF300A9000200C90E5
:1002900005480690054807906A4609A80F9900F09E
:1002A000C1FB0DB05DF814FB410A00085F0A0008AD
:1002B00070B506460AF0C6F9046805460A22002110
:1002C000304600F0DDFB2C6070BD30B50B460146BA
:1002D00000202022012409E021FA02F59D4205D3E5
:1002E00003FA02F5491B04FA02F52844151EA2F18F
:1002F0000102F1DC30BD202A04DB203A00FA02F1D1
:10030000002070479140C2F1200320FA03F3194303
:1003100090407047202A04DB203A21FA02F00021A5
:10032000704721FA02F3D040C2F120029140084305
:10033000194670472DE9FF4F1C4681B00021D4E9D2
:10034000016791464FF0FF358A468846A1696D1CCA
:1003500002988847216A834688470028F6D1BBF176
:10036000FF3F0CD026F4C066002F1ADD700615D5AD
:10037000BBF12B0F0AD0BBF12D0F0FD104E04FF0D2
:10038000FF3005B0BDE8F08F46F48066A1696D1CB2
:10039000029888477F1E8346002F02DDBBF1300F95
:1003A00003D0B9F1000F2AD025E0A1696D1C46F4F5
:1003B00000767F1E029888478346002F05DDBBF13B
:1003C000780F06D0BBF1580F03D0B9F1000F10D051
:1003D00011E0B9F1000F02D0B9F1100F0BD1A169F2
:1003E0006D1C26F400767F1E0298884783461020F5
:1003F00000E0082081464FEAE970009017E00A20EB
:10040000F8E74346AAFB092803FB0980DDF800C092
:100410007F1E0AFB0C0112EB0B0A41EBEB78A16982
:1004200046F4007605F10105029888478346002FBF
:1004300006DD4946584600F04AFD5FEA000BE0D56C
:10044000E16902988847B00502D46FF0010098E78F
:10045000F00718D1700610D57005514605D5002358
:10046000D1EB030163EB080200E042462068031D64
:1004700023600068C0E9001205E02068011D2160CA
:100480000068C0E900A828467BE72DE9FF5F1D460C
:100490004FF0FF3BD5E9014691465F464FF000081B
:1004A000A9697F1C01988847296A824688470028E5
:1004B000F6D1BAF1FF3F0CD024F4C064002E19DD50
:1004C000600614D5BAF12B0F09D0BAF12D0F0ED159
:1004D00003E0584604B0BDE8F09F44F48064A96985
:1004E0007F1C01988847761E8246002E02DDBAF1F5
:1004F000300F03D0B9F1000F26D032E0A969761E83
:1005000044F400747F1C019888478246002E05DD64
:10051000BAF1780F06D0BAF1580F03D0B9F1000F35
:1005200010D01EE0B9F1000F02D0B9F1100F18D1B0
:10053000A969761E24F400747F1C019888478246BE
:10054000102002E0082000E00A20814609E008FBB4
:100550000908A969761E44F400747F1C0198884735
:100560008246002E05DD4946504600F0B0FC0028CA
:10057000EDDAE96901988847A00502D46FF001001F
:10058000A8E7E00725D1600613D5600502D5C8F1BC
:10059000000000E0404629680A1D2A60096822051B
:1005A00001D5087015E0220701D5088011E0086028
:1005B0000FE02868011D29600068210502D580F838
:1005C000008006E0210702D5A0F8008001E0C0F815
:1005D000008038467EE72DE9FF5FD2E901A74FF0A2
:1005E0000008916999461446DDF838B046460198EE
:1005F0008847054659EA0B0005D009E0A169761C39
:10060000019888470546216A284688470028F5D181
:10061000681C03D05FEACA7005D015E04FF0FF30C8
:1006200004B0BDE8F09F2068011D2160D0F8008073
:100630000AE05FEACA7001D108F8015BA169761C83
:100640007F1E019888470546002F1ADD681C18D0C8
:10065000B9F1000F0DD0E81705EBD060421120F082
:100660001F0059F822102A1A012090400142E0D1BF
:1006700007E0BBF1000FDCD1216A2846884700283B
:10068000D7D0E16901988847BBF1000F07D1002E50
:1006900005DD5FEACA7002D1002188F80010A06869
:1006A000B84203DDBBF1000F03D017B16FF00100BA
:1006B000B6E73046B4E700002DE9FF4F087883B075
:1006C0009946FF2805D0491C2D2804D0002400207D
:1006D00008E000200BE00124F9E700EB800003EBC9
:1006E0004000491C0B78FF2BF7D104B14042002396
:1006F0000293147819461D462D2C01D02B2C04D1C1
:10070000521C2D2C13D000240294AA461478FF2CDE
:100710000FD00A25A3FB057801FB05814FF0000CE3
:1007200003FB0C11521CE3194AEB0101EEE7012413
:10073000EAE7814453EA010002D019F5C87F06DADE
:1007400003980021C0E9001107B0BDE8F08F002533
:10075000AE4E2F46DFF8B882184600F009FECDE90C
:100760000001B9F1000002DAC9F1000400E004461A
:100770000023A74A1AEB030B42EB045A12E0E007EE
:1007800007D02A4633463846414600F058FA074615
:1007900088462A4633461046194600F050FA054668
:1007A0000E466410002CEAD1DDE90001B9F1000F1A
:1007B0005A46534606DA00F0B4FA3A46434600F089
:1007C000B0FA05E000F03BFA3A46434600F037FA4B
:1007D000029A0AB181F00041039AC2E90001B3E72D
:1007E0002DE9FF4F1F468DB0D7E901464FF0FF3886
:1007F0002E2045464FF000090B90B9696D1C0E98EC
:100800008847396A824688470028F6D1BAF1FF3F07
:100810000AD024F4D064002E11DDBAF12B0F08D0D9
:10082000BAF12D0F0BD102E0404611B08DE744F430
:100830008064B9696D1C0E9888478246761E6946A9
:10084000600501D52D2000E02B208DF8000001F17E
:10085000010B0DF1200809E0B9696D1C0E9888475D
:1008600082460F9844F40074761E0560002E02DD67
:10087000BAF1300FF0D00B998A453ED144F0800494
:1008800006E00F99681CA9F1010944F4007408609E
:10089000B9696D1C761E0E98884782463028F0D0C4
:1008A0002BE00B998A4505D1200603D444F080043F
:1008B000761E18E0504609F09BFF08B30DF11302B5
:1008C000761EAAF1300044F40074934506D20BF86A
:1008D000010B200607D5A9F1010003E0200602D490
:1008E00009F101008146A00502D50F99681C086036
:1008F000B9696D1C0E9888478246002ED1DC53E002
:10090000002E51DDBAF1650F02D0BAF1450F4BD17F
:10091000A00549D5B9696D1C24F44074761E0E9863
:1009200088478246002E0CDD2B2804D0BAF12D0F0B
:1009300007D144F48074B9696D1C0E9888478246CB
:10094000761EE00501D52D2100E02B2108F8011BC2
:10095000CDF82C8021E00DF12901761E44F40074BD
:1009600088450CD2AAF1300010F0FF0088F8000092
:1009700002D10B99884509D908F1010806E0E00584
:1009800001D5244801E042F20F708146B9696D1C1F
:100990000E98884782460F980560002E04DD504669
:1009A00009F026FF0028D6D1F9690E988847FF2064
:1009B0008BF8000088F800000020069007904B4656
:1009C0006A4608A906A8FFF777FEA00502D46FF0D3
:1009D00001002AE714F0240F0AD0E00714D1DDE962
:1009E00006123868031D3B600068C0E900120BE086
:1009F000DDE9060100F0C8FC0146E00704D13868D3
:100A0000021D3A600068016028460EE700001440AD
:100A10000000F03FF1D8FFFF026811441378016035
:100A200018467047D16004495161044911620021A0
:100A30001161114600F05ABA190A0008BD0E0008EB
:100A4000426842B1016811F8013B23B1521EC0E96E
:100A50000012184670470121C160881E7047426825
:100A60005AB1C368016843B983688B4205D0491EF7
:100A7000521CC0E90012002070474FF0FF30704751
:100A80002DE9F04791460F4680460446002614F8AB
:100A9000015B2DB100F00EFA0068405DC007F6D191
:100AA0002B2D02D02D2D18D0641E4A4639462046E3
:100AB00000F0B2FB27B13968A14201D1C7F800802C
:100AC00071054FF002040BD54042002803DD09F008
:100AD000B9FD0460A007BDE8F08746F48066E4E74E
:100AE0000028F8DA09F0AEFD04606FF00040F2E78C
:100AF0002DE9FE4F804681EA0300C00F0C460090AE
:100B000021F0004123F00045B8EB0200A94105D2D5
:100B10004046214690461C460B46024623F00040C4
:100B2000104347D0270DC7F30A00C3F30A510290C0
:100B3000401A019040286BDAC3F3130040F4801B85
:100B40000098924620B10023D2EB030A63EB0B0B13
:100B500001985946C0F140025046FFF7CCFB0646CB
:100B60000D4650465946019A00F092F910EB0800E4
:100B70006141002487EA115284EAE7731A4340D0A6
:100B8000009A62B3019A012A4FEA075215DC001B52
:100B900061EB02014FF0004202EA0752CDE9004248
:100BA000001C41F5801132462B4600F093FB03B048
:100BB000BDE8F08F40462146F9E7001B61EB0201DA
:100BC000001C41F5801300185B412018A2F50017A6
:100BD00047EB030140EAD570B6196D4111E06D088D
:100BE0004FEA360645EAC0754FEA0752001B61EB33
:100BF0000201001C41F5801149084FEA300000193C
:100C0000514132462B4603B0BDE8F04F00F053BBD4
:100C10000098012240000023D0EB020263EBE07356
:100C2000009821464FEAE074B8EB000061EB040144
:100C3000E9E783F000435BE781F0004158E72DE9E5
:100C4000FE4F81EA030404F0004421F000410094C7
:100C50004FF0000B23F0004350EA01045ED052EA4B
:100C600003045BD0C3F30A54C1F30A552C44A4F225
:100C7000F3340194A0FB0254C1F3130141F4801139
:100C8000C3F3130343F4801301FB024400FB034E40
:100C9000840A970A44EA815447EA8357A4FB076809
:100CA00002958D0A05FB07854FEA932C04FB0C5433
:100CB0002705029D4FEA065847EA1637B5EB0805A7
:100CC0006EEB070C870E920E47EA811742EA8312F9
:100CD000A7FB0201B6EB0B0164EB00042B0D43EA0A
:100CE0000C335E1844EB1C50DA465146E7FB020118
:100CF000C5F313044FEA0B3343EA14534FEA0432AB
:100D0000019C43EA0603A4F10C040294009CCDE983
:100D100000B400F0DFFA03B0BDE8F08F0020014618
:100D2000F9E72DE9F04D81EA030404F0004B21F0CE
:100D3000004514464FF0000A23F0004150EA050236
:100D400020D054EA01021DD0C5F30A570246C5F36C
:100D50001303C1F31300C1F30A5640F4801543F4A2
:100D60008013A7EB0608101BD64608F2FD3873EB7C
:100D7000050002D308F1010801E092185B41B8F1C7
:100D8000000F03DA00200146BDE8F08D00204FF48B
:100D90008011064684460EE0171B73EB050705D34A
:100DA000121B63EB050306434CEA010C49084FEAAA
:100DB000300092185B4150EA0107EDD152EA03007E
:100DC00012D082EA040083EA0501084305D0101B13
:100DD000AB4106D20122002306E000224FF000437F
:100DE00002E06FF0010253101AEB06004CEB0851C1
:100DF00010EB0A0041EB0B01BDE8F04D00F05BBACF
:100E0000C1F30A52C1F3130140F2FF3341F48011E0
:100E10009A4202DA00200146704740F233439A4278
:100E2000A2F2334202DC5242FFF774BAFFF763BA10
:100E300030B5041E71F1000404DB4FF00044404261
:100E400064EB0101141E73F1000405DB1C464FF036
:100E50000043524263EB0403994208BF904230BD05
:100E60001CB509480090094801900546009C06E021
:100E7000E06840F0010394E8070098471034AC4262
:100E8000F6D3FFF785F900007CB000089CB000089D
:100E9000202A06DBCB17203A41FA02F043EAE0733E
:100EA00006E041FA02F3D040C2F12002914008432B
:100EB0001946704700487047B0AF000810B50446A7
:100EC000FFF7F8FF0068005D00F0010010BD3A2850
:100ED00000D2303820F02002412A01D3A2F137009D
:100EE000884201D34FF0FF30704700002DE9F34FE7
:100EF0008BB04FF0000801F10C000C464FF0010BD5
:100F000046460DF1080A0190626901210198904757
:100F1000051E2DD0252D2CD0216A8847C0B16269CD
:100F2000012101989047216A88470028F7D1411E86
:100F300062690198904700E0761CA1690B98884788
:100F4000216A88470028F7D1E1690B988847DBE7D9
:100F5000A1690B9888470746A84201D1761CD3E7C0
:100F6000E1690B9888477F1C02D1B8F1000F6FD060
:100F700046E1002762693D463946019890472A2894
:100F800004D162690121019890470125DFF884921C
:100F90006269012101989047A0F130010A290AD223
:100FA0004F45E5DC07EB870100EB4107303FDFD41D
:100FB00045F01005ECE7E90601D46FF000476C2816
:100FC0000AD04C2814D0682815D06A280DD074286F
:100FD0001CD07A281AD01DE062690121019890473F
:100FE0006C2802D045F0040514E045F002050DE040
:100FF00045F020050AE062690121019890476828C0
:1010000002D045F0080505E045F40065626901215C
:1010100001989047C4E9015765283DD019DC58284C
:101020007AD00CDC452837D004DC252826D041288E
:1010300031D131E046282FD047282CD12CE05B2835
:1010400077D0612828D063287CD0642823D15AE047
:10105000D0E06F2848D008DC66281DD067281BD058
:10106000692821D06E2816D127E0702845D0732832
:1010700068D0752847D078280DD14DE0A1690B982C
:101080008847054625283FF469AFE1690B988847F2
:101090006D1C3FF46AAFB3E023466A466FF001006F
:1010A0000B99FFF79DFB9EE045F040006060A807AC
:1010B00023464FF0000236D43EE0E8077FF447AF06
:1010C0002068011D21600068290501D506701BE715
:1010D000290701D5068017E7A90703D5F117C0E94D
:1010E000006111E706600FE745F040006060A80767
:1010F00023464FF0080216D41EE040F60E0125EA02
:101100000100606016E045F040006060A8072346DB
:101110004FF00A0207D40FE045F040006060A807D6
:1011200008D5234610226FF001000B99FFF702F952
:1011300059E007E0234610226FF001000B99FFF7FA
:10114000A4F950E04FF000094F464B46632802D007
:101150005B2806D040E0E80601D40120A06001270A
:101160003AE062690121019890475E2805D14FF06D
:1011700001096269494601989047216939B90021FE
:101180000A46534643F82120491C0829FADBB0B32C
:10119000216969B9C11700EBD16253110AEB8301D0
:1011A00022F01F02821A01200B68904003430B605B
:1011B00062690121019890475D28E8D1B9F1000FDB
:1011C00009D00020514651F82020D24341F8202078
:1011D000401C0828F7DB02AB224600976FF00100A5
:1011E0000B99FFF7F8F900280CDA401C08D1BBF185
:1011F000000F05D04FF0FF300DB0BDE8F08FFFE7D6
:101200004046F9E7E90701D108F1010806444FF02B
:10121000000B79E6CCCCCC0C2DE9F05F824600784F
:10122000002715468B460AF10104B946302801D043
:101230009DB113E014F8010B0127782803D058283A
:1012400001D045B10AE00DB1102D07D100271025BE
:1012500014F8010B02E0082500E00A250026B0463C
:101260000EE005FB080005FB06F1012701EB104627
:101270001FFA80F8B6F5803F00D3B94614F8010B89
:101280002946FFF724FE0028EBDABBF1000F05D05A
:101290000FB1641E00E05446CBF80040B9F1000FD6
:1012A00006D009F0CFF902210160C81EBDE8F09F09
:1012B00048EA0640FAE710B5141E73F1000408DA94
:1012C000401C41F1000192185B411A4301D120F00A
:1012D000010010BD2DE9F04D92469B4611B1B1FAC7
:1012E00081F202E0B0FA80F220329046FFF703F874
:1012F00004460F4640EA0A0041EA0B0153465A46AB
:10130000084313D0114653EA010019D0C8F1400236
:101310005046FEF7FFFF05460E46504659464246E8
:10132000FEF7E9FF084305D0012004E020463946D6
:10133000BDE8F08D0020054346EAE0762C433743B4
:101340000A986305E40AA0EB08000022FD0A44EABB
:1013500047540A3002D500200146E9E7010510197B
:101360006941DDE9084500196941BDE8F04DA2E792
:101370000EB540F2334202920022CDE9002213461C
:10138000FFF7A8FF03B000BD01F0004330B421F027
:10139000004150EA010206D00A0DA2F56072C1F3C5
:1013A0001301002A02DC30BC00207047440F44EADD
:1013B000C104C100E01830BC00EBC250AFF30080A4
:1013C0000029A8BF7047401C490008BF20F0010059
:1013D000704710B4B0FA80FC00FA0CF050EA010437
:1013E00004BF10BC704749B1CCF1200421FA04F4C9
:1013F00011FA0CF118BF012121430843A3EB0C01A2
:10140000CB1D4FEA00614FEA102042BF002010BC04
:10141000704700EBC35010440029A4BF10BC7047B4
:10142000401C490008BF20F0010010BC70470000BC
:10143000FFE7FEE784B08DF80F000291ADF80620BB
:101440009DF80F000146009123281DD80099DFE880
:1014500001F012131415161B1B1B1B1B1B1B1B1B44
:101460001B1B1B1B1B1B1B1B1B1B1B1B1B1B1B1BCC
:101470001B1B1718191A08E007E006E005E004E056
:1014800003E002E001E000E0FFE7002004B0704765
:101490000020704780B582B041F2B850C2F200001F
:1014A000009040F67451C2F200010022019205F052
:1014B00035FD009840F27451C2F2000105F010FDB4
:1014C000019802B080BD000080B584B00390029105
:1014D00000200190FFE701980299096888420AD22A
:1014E000FFE703980199405C00F08EF8FFE7019850
:1014F00001300190EFE7039941F2B850C2F20000C9
:10150000009005F0EDFC009805F090FC002004B080
:1015100080BD000083B0029001918DF8032000206F
:101520008DF802009DF9020003B0704780B586B0C7
:101530000490ADF80E1000208DF80D0041F2B85067
:10154000C2F20000D0F8BC0202900298D0F8140257
:1015500020B1FFE701208DF8170013E00499BDF8D2
:101560000E2041F2B850C2F20000019005F0D6FC06
:10157000019805F0DDFD8DF80D009DF80D008DF84A
:101580001700FFE79DF8170006B080BD80B58AB050
:10159000099009986A4605A9516006A911604BF2A5
:1015A0004201C0F600010DF1230207ABFEF764FE15
:1015B00004281FD1FFE79DF823008DF8110007983C
:1015C00002900698039005988DF8100002A804F088
:1015D00003FB38B9FFE74BF23500C0F6000003F01B
:1015E000E1FC06E04BF22200C0F6000003F0DAFC5A
:1015F000FFE706E04BF22700C0F6000003F0D2FC44
:10160000FFE70AB080BD000080B584B08DF80F0000
:101610009DF80F000A2805D0FFE79DF80F000D2860
:1016200013D1FFE741F2B450C2F2000001900278FA
:1016300041F27450C2F20000002102918154FFF780
:10164000A5FF01990298087017E041F2B450C2F268
:10165000000000783E280FDCFFE79DF80F0041F204
:10166000B453C2F200031A78511C197041F274513C
:10167000C2F200018854FFE7FFE704B080BD00001C
:101680007047000072B6FFE7FEE7000080B584B047
:1016900047F61020C1F6FF700068039047F614204B
:1016A000C1F6FF700068029047F61820C1F6FF707F
:1016B000006801900199039808440390039888B149
:1016C000FFE7039840F2E001C2F20001009102310D
:1016D000082203F029FC009902981231042203F039
:1016E00023FCFFE704B080BD80B584B0029002986F
:1016F00020B9FFE701208DF80F00E0E0029890F894
:10170000200020B9FFE7029800F0DEF8FFE702981A
:101710000168086840F00100086000F0CBFB019010
:10172000FFE7029800684068C007A8B9FFE700F02B
:10173000C1FB0199401A0B280DD3FFE70299486AB3
:1017400040F4003048620299052081F82000012011
:101750008DF80F00B3E0E4E702980168086820F014
:101760000200086000F0A6FB0190FFE70298006805
:1017700040688007002815D5FFE700F09BFB019922
:10178000401A0B280DD3FFE70299486A40F4003055
:1017900048620299052081F8200001208DF80F0091
:1017A0008DE0E3E70298007E012807D1FFE7029869
:1017B0000168086840F08000086006E0029801684F
:1017C000086820F080000860FFE70298407E01284A
:1017D00007D1FFE702980168086840F04000086000
:1017E00006E002980168086820F040000860FFE702
:1017F0000298807E012807D1FFE7029801680868F7
:1018000040F02000086006E002980168086820F0B7
:1018100020000860FFE70298C07E012807D1FFE79B
:1018200002980168086820F01000086006E002983D
:101830000168086840F010000860FFE70298007F28
:10184000012807D1FFE702980168086840F0080006
:10185000086006E002980168086820F00800086047
:10186000FFE70298407F012807D1FFE7029801684F
:10187000086840F00400086006E002980168086803
:1018800020F004000860FFE7029B19685A68986816
:10189000D3F80CC040EA0C00D3F810C040EA0C00AA
:1018A0005B691843013A1043C861029900204862FD
:1018B000029A012182F820108DF80F00FFE79DF8B1
:1018C0000F0004B080BD000080B588B007900020F4
:1018D000069005900490039002900798006846F2E5
:1018E0000041C4F20001884233D1FFE7FFE7002046
:1018F000019043F64000C4F20200016841F000711B
:101900000160006800F0007001900198FFE7FFE7B8
:101910000020009043F63000C4F20200016841F05C
:1019200008010160006800F0080000900098FFE7DF
:1019300003200290022103910021049105900920C7
:10194000069040F60040C4F2020002A900F0BEF882
:10195000FFE708B080BD000080B584B00290029817
:10196000806D019000F0A6FA0090029890F8350082
:1019700002280DD0FFE7029980204865FFE7029911
:10198000002081F83400FFE701208DF80F0055E0BA
:1019900002980168086820F0160008600298016843
:1019A000486920F0800048610298006C20B9FFE788
:1019B0000298806C38B1FFE702980168086820F04F
:1019C00008000860FFE702980168086820F001003D
:1019D0000860FFE7029800680068C007C8B1FFE729
:1019E00000F068FA0099401A062811D3FFE702991F
:1019F000202048650299032081F83500FFE702990D
:101A0000002081F83400FFE703208DF80F0015E077
:101A1000E0E70298C16D3F208840019988600299F3
:101A2000012081F83500FFE70299002081F8340099
:101A3000FFE7FFE700208DF80F00FFE79DF80F009C
:101A400004B080BD82B00090009890F83500022864
:101A500007D0FFE700998020486501208DF8070036
:101A60000EE00099052081F83500009801680868AB
:101A700020F001000860FFE700208DF80700FFE775
:101A80009DF8070002B0704780B584B0039000F065
:101A900011FA0290039801900198013048B1FFE7D4
:101AA00040F2FC00C2F20000017801980844019065
:101AB000FFE7FFE700F0FEF90299401A019988421A
:101AC00001D2FFE7F6E704B080BD00008EB00D90B4
:101AD0000C9100200A90099008900B90FFE70B985A
:101AE0000F2800F2CC81FFE70B99012088400A9073
:101AF0000C9800680A990840099009980A99884248
:101B000040F0B881FFE70C98406800F0030001281E
:101B100007D0FFE70C98406800F0030002282FD19F
:101B2000FFE70D98806808900B984100032000FAA9
:101B300001F10898884308900C98C0680B994900F7
:101B400000FA01F108980843089008980D998860F8
:101B50000D98406808900B99012000FA01F108984F
:101B6000884308900C984068C0F300100B9900FA65
:101B700001F108980843089008980D994860FFE71C
:101B80000C98406800F00300032818D0FFE70D9878
:101B9000C06808900B984100032000FA01F10898F2
:101BA000884308900C9880680B99490000FA01F16D
:101BB00008980843089008980D99C860FFE70C98AA
:101BC000406800F00300022826D1FFE70D980B992A
:101BD0006FF0030202EA51010844006A08900B9872
:101BE00000F0070081000F2000FA01F108988843F7
:101BF00008900C9800690B9901F00701890000FA20
:101C000001F108980843089008980D990B9B02EA87
:101C1000530211440862FFE70D98006808900B9882
:101C20004100032000FA01F10898884308900C98BD
:101C3000406800F003000B99490000FA01F1089890
:101C40000843089008980D9908600C9880798007DF
:101C5000002800F00E81FFE7FFE70020079043F621
:101C60004400C4F20200016841F480410160006850
:101C700000F4804007900798FFE70B9820F00300DE
:101C800043F60801C4F20101405808900B9800F097
:101C9000030081000F2000FA01F1089888430890A2
:101CA0000D980021C4F20201884203D1FFE7002011
:101CB00006905EE00D9840F20041C4F202018842B5
:101CC00003D1FFE70120059050E00D9840F6000198
:101CD000C4F20201884203D1FFE70220049042E0EF
:101CE0000D9840F60041C4F20201884203D1FFE79B
:101CF0000320039034E00D9841F20001C4F2020188
:101D0000884203D1FFE70420029026E00D9841F2BB
:101D10000041C4F20201884203D1FFE7052001908F
:101D200018E00D9841F60001C4F20201884203D187
:101D3000FFE7062000900AE00D9941F60042C4F248
:101D400002020820914208BF07200090FFE7009898
:101D50000190FFE701980290FFE702980390FFE7E8
:101D600003980490FFE704980590FFE70598069014
:101D7000FFE70698C0B20B9901F00301890000FA51
:101D800001F108980843089008980B9921F0030185
:101D900043F60802C4F20102885043F60840C4F238
:101DA00001000068089009990898884308900C98E9
:101DB0008079C006002805D5FFE7099908980843EF
:101DC0000890FFE7089843F60841C4F20101086053
:101DD00043F60C40C4F20100006808900999089885
:101DE000884308900C9880798006002805D5FFE785
:101DF0000999089808430890FFE7089843F60C41B2
:101E0000C4F20101086043F60440C4F20100006816
:101E1000089009990898884308900C988079800761
:101E2000002805D5FFE70999089808430890FFE7BF
:101E3000089843F60441C4F20101086043F60040EB
:101E4000C4F2010000680890099908988843089036
:101E50000C988079C00728B1FFE7099908980843D2
:101E60000890FFE7089843F60041C4F201010860BA
:101E7000FFE7FFE7FFE70B9801300B902FE60EB06E
:101E80007047000082B00190ADF802108DF801207B
:101E90009DF8010028B1FFE7BDF8020001998861B3
:101EA00005E0BDF80200000401998861FFE702B077
:101EB0007047000042F2F840C2F20000006870472C
:101EC00040F2FC00C2F20000027842F2F841C2F295
:101ED00000010868104408607047000080B543F6B0
:101EE0000041C4F20201086840F40070086008680C
:101EF00040F480600860086840F480700860032047
:101F000000F08AF80F2000F005F800F03BF8002000
:101F100080BD000080B582B0009040F22800C2F27F
:101F20000000006840F2FC01C2F200010A784FF4A0
:101F30007A71B1FBF2F1B0FBF1F002F073F820B16D
:101F4000FFE701208DF8070018E000980F280DD852
:101F5000FFE700994FF0FF30002200F043F80098AF
:101F600040F20011C2F20001086003E001208DF888
:101F7000070003E000208DF80700FFE79DF8070049
:101F800002B080BD82B0FFE70020019043F644001C
:101F9000C4F20200016841F480410160006800F46D
:101FA000804001900198FFE7FFE70020009043F692
:101FB0004000C4F20200016841F0805101600068F5
:101FC00000F0805000900098FFE702B070470000DA
:101FD00080B582B08DF807009DF9070008F074F90C
:101FE00002B080BD80B586B08DF8170004910392D1
:101FF0000020029008F080F902909DF917000190EE
:1020000002980499039A03F0B1FB0146019808F085
:102010007BF906B080BD000080B582B001900198C8
:1020200008F094F902B080BD82B001908DF80310E1
:1020300002B0704782B00190ADF80210BDF8020006
:10204000019909684862002002B0704784B003908B
:102050008DF80B10ADF8082003980068406A0090D6
:102060009DF80B0048B9FFE7BDF80810009840EA5A
:10207000014003990968886233E003980068816A27
:10208000009800EB1140009000208DF80700FFE75A
:102090009DF807009DF80B100139884213D2FFE725
:1020A000039800689DF8071000EB8100D0F8041138
:1020B000009800EB11400090FFE79DF80700013009
:1020C0008DF80700E4E7BDF80810009840EA0140E9
:1020D000039909689DF80B2001EB8201C1F800010A
:1020E000FFE7002004B0704780B582B001900198EE
:1020F000D0F8080505F0B6FE02B080BD80B582B00C
:1021000001908DF80310019AD2F808059DF803108C
:1021100001EBC10302EB8302D26C05F0FFFC02B0BD
:1021200080BD000080B582B001908DF80310019A47
:10213000D2F808059DF8031001EBC10302EB8302FE
:10214000D2F88C2205F0B4FD02B080BD80B582B01B
:1021500001900198D0F8080505F08AFE02B080BD14
:1021600080B584B003908DF80B109DF80B0000062D
:1021700000280CD5FFE703989DF80B1001F00F0124
:1021800001EBC10100EB81003C3001900CE00398B1
:102190009DF80B1001F00F0101EBC10100EB810074
:1021A00000F51F700190FFE703980068019907F0A0
:1021B000B5FC8DF80A009DF80A0004B080BD00004F
:1021C00080B584B002908DF807109DF807000006D6
:1021D00000280FD5FFE702989DF8071001F00F01C6
:1021E00001EBC10100EB81003C300090009901201F
:1021F00048700FE002989DF8071001F00F0101EB05
:10220000C10100EB810000F51F70009000990020D3
:102210004870FFE79DF8070000F00F000099087074
:10222000FFE7029890F8BC04012804D1FFE70220E0
:102230008DF80F0014E00299012081F8BC04FFE73B
:10224000FFE702980068009906F090FEFFE7029908
:10225000002081F8BC04FFE700208DF80F00FFE7A5
:102260009DF80F0004B080BD80B584B002908DF859
:1022700007109DF8070000F00F0002994968884296
:1022800004D9FFE701208DF80F004DE09DF807000D
:10229000000600280FD5FFE702989DF8071001F00F
:1022A0000F0101EBC10100EB81003C30009000996F
:1022B000012048700FE002989DF8071001F00F010F
:1022C00001EBC10100EB810000F51F700090009947
:1022D00000204870FFE70099002088709DF80700F3
:1022E00000F00F0000990870FFE7029890F8BC0416
:1022F000012804D1FFE702208DF80F0014E00299B5
:10230000012081F8BC04FFE7FFE70298006800990C
:1023100007F0ACF9FFE70299002081F8BC04FFE761
:1023200000208DF80F00FFE79DF80F0004B080BD7E
:1023300082B001908DF8031001989DF8031001F010
:102340000F0101EBC10100EB8100D0F89C0202B04B
:102350007047000080B586B004908DF80F10ADF87E
:102360000C208DF80B3000208DF80A009DF80F002E
:10237000000600280FD5FFE704989DF80F1001F024
:102380000F0101EBC10100EB81003C30019001998C
:10239000012048700FE004989DF80F1001F00F0124
:1023A00001EBC10100EB810000F51F700190019964
:1023B00000204870FFE79DF80F0000F00F00019922
:1023C0000870BDF80C000199C8609DF80B000199D8
:1023D00008710198407820B1FFE7019908780881D9
:1023E000FFE79DF80B00022804D1FFE701990020C8
:1023F0004871FFE7FFE7049890F8BC04012804D176
:10240000FFE702208DF8170015E00499012081F8FC
:10241000BC04FFE7FFE704980068019906F060FC40
:10242000FFE70499002081F8BC04FFE79DF80A004B
:102430008DF81700FFE79DF8170006B080BD00007B
:1024400080B586B005908DF813100392029305981D
:102450009DF8131001F00F0101EBC10100EB8100A9
:1024600000F51F7001900398019908610298019985
:102470008861019900200862019948709DF8130055
:1024800000F00F000199087005980069012804D137
:10249000FFE7039801994861FFE79DF813000007E3
:1024A00038B9FFE7059A10680199127C06F092FF8F
:1024B00006E0059A10680199127C07F07BF9FFE7A6
:1024C000002006B080BD000080B584B002908DF879
:1024D00007109DF8070000F00F0002994968884234
:1024E00004D9FFE701208DF80F0058E09DF80700A0
:1024F000000600280FD5FFE702989DF8071001F0AD
:102500000F0101EBC10100EB81003C30009000990C
:10251000012048700DE002989DF8071001EBC10101
:1025200000EB810000F51F700090009900204870BA
:10253000FFE70099012088709DF8070000F00F0068
:1025400000990870FFE7029890F8BC04012804D1B4
:10255000FFE702208DF80F0021E00299012081F8A9
:10256000BC04FFE7FFE702980068009907F0CEF887
:102570009DF80700000740B9FFE7029A1068117C38
:1025800002F2C44207F022F8FFE7FFE702990020B9
:1025900081F8BC04FFE700208DF80F00FFE79DF8ED
:1025A0000F0004B080BD000080B586B005908DF8A6
:1025B00013100392029305989DF8131001F00F0178
:1025C00001EBC10100EB81003C30019003980199BF
:1025D00008610298019988610199002008620199B7
:1025E000012048709DF8130000F00F000199087059
:1025F00005980069012804D1FFE703980199486113
:10260000FFE79DF81300000738B9FFE7059A106847
:102610000199127C06F0DEFE06E0059A1068019929
:10262000127C07F0C7F8FFE7002006B080BD00006D
:1026300080B58CB00B900B9800680A900A980990AE
:102640000B98006807F0ACFB002840F00D84FFE712
:102650000B98006807F010FC10B9FFE700F004BC0D
:102660000998D0F80808C0F30D200B99C1F8FC04B4
:102670000B98006807F000FC8007002807D5FFE7EB
:102680000B980168486900F002004861FFE70B9869
:10269000006807F0F1FBC006002862D5FFE70B9841
:1026A0000168886920F0100088610A98006A029029
:1026B0000B98029901F00F0101EBC10100EB8100C1
:1026C00000F51F700890029800F4F0110220B0EBA2
:1026D000514F23D1FFE7BDF8080047F6F0710842DB
:1026E0001BD0FFE70A9808990969029AC2F30A12F7
:1026F00007F0D0FB029847F6F07100EA0103089A50
:10270000106900EB13101061029800EA01020899A9
:10271000086A00EB12100862FFE71BE0029800F461
:10272000F0110620B0EB514F12D1FFE70A980B9938
:1027300001F2C441082207F0ADFB029847F6F071A0
:1027400000EA01020899086A00EB1210086200E032
:10275000FFE7FFE70B980168886940F01000886187
:10276000FFE70B98006807F087FB0003002840F1A3
:10277000A680FFE7002004900B98006807F02AFB72
:102780000690FFE70698002800F09880FFE79DF884
:102790001800C007002800F08A80FFE70B98006847
:1027A0009DF8101007F050FB05909DF81400C0072D
:1027B00060B1FFE70998049900EB41110120C1F8CD
:1027C000080B0B98049903F055F8FFE79DF81400E7
:1027D000000700280CD5FFE70998049900EB411188
:1027E0000820C1F8080B0B98049902F0FDFFFFE7E1
:1027F0009DF81400C006002808D5FFE70998049941
:1028000000EB41111020C1F8080BFFE79DF8140000
:10281000800700282DD5FFE70A98406900060028A8
:1028200008D5FFE70999D1F8040840F48060C1F8A1
:102830000408FFE70B98049901EBC10100EB81004C
:1028400000F51F7008900898C078012809D1FFE7AB
:1028500008990020C8700B989DF8101000F014FB28
:10286000FFE70998049900EB41110220C1F8080B19
:10287000FFE79DF814008006002808D5FFE70998B7
:10288000049900EB41112020C1F8080BFFE79DF8E7
:1028900015008006002809D5FFE70998049900EB88
:1028A00041114FF40050C1F8080BFFE7FFE704980F
:1028B0000130049006984008069063E7FFE70B9804
:1028C000006807F0D9FA4003002840F1C680FFE70E
:1028D0000B98006807F06CFA069000200490FFE760
:1028E0000698002800F0B880FFE79DF81800C007A0
:1028F000002800F0AA80FFE70B9800689DF81010F0
:1029000007F07AFA05909DF81400C00700283ED021
:10291000FFE7049800F00F01012000FA01F1039194
:10292000039B099AD2F834189943C2F834180999CC
:10293000049A01EB4211C1F808090B9800690128BB
:102940001FD1FFE70B98049901EBC10100EB810156
:102950008A6CC86C1044C864049888B9FFE70B9867
:10296000049901EBC10100EB8100406D40B9FFE724
:102970000B99086801F2C442012106F027FEFFE727
:10298000FFE70B989DF81010FFF7B8FBFFE79DF8E5
:1029900014000007002808D5FFE70998049900EB08
:1029A00041110820C1F80809FFE79DF81400C0068E
:1029B000002808D5FFE70998049900EB4111102081
:1029C000C1F80809FFE79DF814004006002808D563
:1029D000FFE70998049900EB41114020C1F808096C
:1029E000FFE79DF814008007002822D5FFE70A982A
:1029F000049907F06BF90B98049901EBC10100EB06
:102A000081003C3008900898C078012809D1FFE780
:102A100008990020C8700B989DF8101000F026FA55
:102A2000FFE70998049900EB41110220C1F8080959
:102A3000FFE79DF814000006002805D5FFE70B9876
:102A4000049902F0FBFFFFE7FFE7049801300490D0
:102A500006984008069043E7FFE70B98006807F0E8
:102A60000BFAC00F00B3FFE70999D1F8040820F072
:102A70000100C1F804080B9890F8F404012808D16B
:102A8000FFE70B98002180F8F4140B98FFF7CCFABD
:102A900003E00B9800F0E2FBFFE70B980168486940
:102AA00000F000404861FFE70B98006807F0E4F988
:102AB0000005002811D5FFE70998D0F80808C007DD
:102AC00020B1FFE70B9800F057FCFFE70B98016877
:102AD000486900F400604861FFE70B98006807F060
:102AE000CBF9C004002840F18680FFE70999D1F8AE
:102AF000040820F00100C1F804080B9800681021B8
:102B000007F0E4F800200790FFE707980B99496861
:102B1000884231D2FFE70998079900EB41114FF63F
:102B20007F30C1F808090999079A01EB4212D2F8DF
:102B3000001921F40011C2F800190999079A01EB54
:102B40004211C1F8080B0998079900EB4111D1F81F
:102B5000000B20F40010C1F8000B0998079900EB56
:102B60004111D1F8000B40F00060C1F8000BFFE705
:102B7000079801300790C8E70999D1F81C0840F080
:102B80000110C1F81C080B98006B78B1FFE7099998
:102B9000D1F8840840F00B00C1F884080999D1F8F5
:102BA000440840F00B00C1F844080FE00999D1F83F
:102BB000140842F22B021043C1F814080999D1F805
:102BC000100840F00B00C1F81008FFE70999D1F890
:102BD000000820F4FE60C1F800080B9A1068117C10
:102BE00002F2C44206F0F2FC0B980168486900F456
:102BF00080504861FFE70B98006807F03DF98004BA
:102C000000281FD5FFE70B98006806F0D9F80B984D
:102C1000006807F09FF80B99C8600B980068019056
:102C200000F0FCFC014601980B9A127B07F02AFA8F
:102C30000B9800F0E9FA0B980168486900F400501D
:102C40004861FFE70B98006807F016F900070028B5
:102C50000AD5FFE70B9800F00BFB0B980168486959
:102C600000F008004861FFE70B98006807F004F9DE
:102C70000006002825D5FFE70A99886920F0800022
:102C8000886101200490FFE704980B994968884205
:102C900016D2FFE70B98049901EBC10100EB81000C
:102CA00090F87F02012806D1FFE70B989DF81010DD
:102CB000FFF756FAFFE7FFE7049801300490E3E7D7
:102CC000FFE70B98006807F0D7F8C00200283ED550
:102CD000FFE701200490FFE704980B9949688842B8
:102CE0002ED2FFE70998049900EB4110D0F80009B3
:102CF00002900B98049901EBC10100EB810090F860
:102D00004000012817D1FFE79DF80B0000060028BE
:102D100011D5FFE70B98049901EBC10100EB81018C
:102D2000012081F83F000B989DF8101041F08001C0
:102D3000FFF716FAFFE7FFE7049801300490CBE7AE
:102D40000B980168486900F480104861FFE70B9810
:102D5000006807F091F88002002855D5FFE70120B0
:102D60000490FFE704980B994968884245D2FFE731
:102D70000998049900EB4110D0F8000B02900B98D1
:102D8000049901EBC10100EB810090F88002012859
:102D90002ED1FFE79DF80B000006002828D5FFE79D
:102DA000029800F480300B99D1F8FC1401F0010175
:102DB00088421DD1FFE70B98049901EBC10100EB9C
:102DC0008101012081F87F020A99886940F0800022
:102DD00088610A9840690006002808D4FFE709992D
:102DE000D1F8040840F40070C1F8040805E0FFE7DA
:102DF000FFE7049801300490B4E70B980168486934
:102E000000F400104861FFE70B98006807F034F801
:102E1000400000280AD5FFE70B98FFF765F90B98EB
:102E20000168486900F080404861FFE70B9800683E
:102E300007F022F84007002815D5FFE70B98006837
:102E4000406802909DF808004007002804D5FFE77D
:102E50000B98FFF77BF9FFE7029A0B980168486827
:102E600010434860FFE7FFE70CB080BD80B582B03B
:102E700001908DF803100198D0F808059DF8031013
:102E800005F092F802B080BD80B582B001908DF857
:102E900003100198D0F808059DF8031005F0BCF860
:102EA00002B080BD2DE9F04F97B01590159820B96C
:102EB000FFE701208DF85B0049E115980068149048
:102EC000159890F8BD0440B9FFE71599002081F8E6
:102ED000BC04159800F040F9FFE71599032081F82C
:102EE000BD041498C06BC005002804D4FFE71599F1
:102EF00000200861FFE71598006806F061FA159850
:102F000010900168119141688268C368D0F810C0C0
:102F100044698569C669076AD0F82480D0F828908A
:102F2000D0F82CA0D0F830B0D0F834E06846129039
:102F3000C0F824E01198DDF848E0CEF820B0CEF8D3
:102F40001CA0CEF81890CEF81480CEF81070CEF8F1
:102F50000C60CEF80850CEF80440CEF800C005F062
:102F600045FF40B1FFE71599022081F8BD0401201B
:102F70008DF85B00EBE01598006800210F9106F0DA
:102F8000E3FF0F988DF84F00FFE79DF84F0015996C
:102F90004968884245D2FFE715989DF84F1001EB2C
:102FA000C10100EB8101012081F83D009DF84F0037
:102FB000159900EBC00201EB820181F83C009DF8FD
:102FC0004F00159900EBC00201EB8201A1F844000B
:102FD00015989DF84F1001EBC10100EB8101002015
:102FE00081F8400015999DF84F2002EBC20201EBD9
:102FF0008201886415999DF84F2002EBC20201EB13
:103000008201C86415999DF84F2002EBC20201EBC2
:1030100082014865FFE79DF84F0001308DF84F00B1
:10302000B3E700208DF84F00FFE79DF84F0015999A
:10303000496888423ED2FFE715989DF84F1001EB92
:10304000C10100EB8101002081F87D029DF84F1045
:10305000159A01EBC10302EB830282F87C121599E9
:103060009DF84F2002EBC20201EB820181F8800241
:1030700015999DF84F2002EBC20201EB8201C1F8C5
:10308000880215999DF84F2002EBC20201EB8201E4
:10309000C1F88C0215999DF84F2002EBC20201EB9A
:1030A0008201C1F89402FFE79DF84F0001308DF8CE
:1030B0004F00BAE715980C9001680D91416882683D
:1030C000C368D0F810C044698569C669076AD0F83A
:1030D0002480D0F82890D0F82CA0D0F830B0D0F8C8
:1030E00034E068460E90C0F824E00D98DDF838E032
:1030F000CEF820B0CEF81CA0CEF81890CEF81480F0
:10310000CEF81070CEF80C60CEF80850CEF804401F
:10311000CEF800C005F0F2FF40B1FFE7159902209C
:1031200081F8BD0401208DF85B0010E015990020A6
:103130000B9081F838001599012081F8BD0415988D
:10314000006805F0C5FF0B988DF85B00FFE79DF860
:103150005B0017B0BDE8F08F80B58AB00990002001
:103160000890079006900590049009980068B0F1C7
:10317000A04F47D1FFE7FFE70020039043F6300060
:10318000C4F20200016841F001010160006800F032
:10319000010003900398FFE74FF4C0500490022011
:1031A000059000200690032007900A200890002038
:1031B000C4F2020004A9FEF789FCFFE743F63401DC
:1031C000C4F20201086840F080000860FFE70020B8
:1031D000029043F64400C4F20200016841F48041C9
:1031E0000160006800F4804002900298FFE7FFE76A
:1031F0004320019000221146FEF7F4FE0198FEF7ED
:10320000E7FEFFE70AB080BD80B582B001900120E3
:103210008DF803000198C06820B9FFE700208DF801
:1032200003000CE00198C068022804D1FFE70120E8
:103230008DF8030002E0FEF725FAFFE7FFE70198AB
:10324000D0F808059DF8031004F0E6FF0198D0F8C7
:10325000080504F061FF02B080BD000080B582B0B7
:1032600001900198D0F8080504F0A4FF02B080BDD9
:1032700080B582B001900198D0F8080504F0ACFF49
:1032800002B080BD80B584B002908DF80710FFE7D2
:10329000029890F8BC04012804D1FFE702208DF8C1
:1032A0000F001AE00299012081F8BC04FFE7FFE754
:1032B0009DF80700029981F83800029800689DF88F
:1032C000071006F0B1FEFFE70299002081F8BC0468
:1032D000FFE700208DF80F00FFE79DF80F0004B016
:1032E00080BD000080B582B001900199D1F8080539
:1032F00001F2C44104F0BAFF02B080BD80B584B0D1
:103300000290029800680190FFE7029890F8BC04D0
:10331000012804D1FFE702208DF80F0027E0029971
:10332000012081F8BC04FFE7FFE70298806A0128CA
:103330000BD1FFE702988069012806D0FFE70199C9
:10334000886B40F480308863FFE70298006806F0DD
:1033500073FC0298006805F0A5FEFFE702990020C3
:1033600081F8BC04FFE700208DF80F00FFE79DF80F
:103370000F0004B080BD000080B582B001900198BC
:10338000D0F8080504F0F4FF01980168D1F8000EA8
:1033900040F00100C1F8000E0198006A48B1FFE753
:1033A0004EF61051CEF20001086840F006000860A9
:1033B000FFE702B080BD000080B584B002900191AB
:1033C000029820B9FFE701208DF80F0021E1019854
:1033D00043F60041C4F20201096801F00701884286
:1033E00012D9FFE7019943F60040C4F202000170D0
:1033F000006800F007000199884204D0FFE701202F
:103400008DF80F0005E1FFE702980078800700289B
:103410002AD5FFE7029800784007002809D5FFE782
:1034200043F60801C4F20201086840F4E050086065
:10343000FFE7029800780007002809D5FFE743F668
:103440000801C4F20201086840F460400860FFE728
:1034500043F60801C4F20201086820F0F000029A65
:10346000926810430860FFE702980078C0070028C0
:103470006ED0FFE702984068012811D1FFE743F6BC
:103480000000C4F20200006800F400310020B0EB3C
:10349000514F04D1FFE701208DF80F00B9E02CE077
:1034A00002984068022805D0FFE702984068032888
:1034B00011D1FFE743F60000C4F20200006800F0FB
:1034C00000710020B0EB516F04D1FFE701208DF8AF
:1034D0000F009EE010E043F60000C4F20200006816
:1034E00000F002010020B0EB510F04D1FFE70120F2
:1034F0008DF80F008DE0FFE7FFE743F60801C4F207
:103500000201086820F00300029A52681043086024
:10351000FEF7D0FC0090FFE743F60800C4F202007B
:10352000006800F00C0002994968B0EB810F0ED0E2
:10353000FFE7FEF7BFFC0099401A41F2893188424B
:1035400004D3FFE703208DF80F0062E0E4E7FFE714
:10355000019843F60041C4F20201096801F0070135
:10356000884212D2FFE7019943F60040C4F20200FC
:103570000170006800F007000199884204D0FFE75D
:1035800001208DF80F0044E0FFE702980078400723
:1035900000280CD5FFE743F60801C4F202010868D1
:1035A00020F4E050029AD26810430860FFE70298C6
:1035B0000078000700280DD5FFE743F60801C4F2A4
:1035C0000201086820F46040029A126940EAC200D1
:1035D0000860FFE700F04CF843F60801C4F202016E
:1035E0000968C9B20A094AF6B471C0F60001895CDB
:1035F000C84040F22801C2F20001086040F2001009
:10360000C2F200000068FEF785FC00208DF80F0074
:10361000FFE79DF80F0004B080BD000040F22800D5
:10362000C2F200000068704780B5FFF7F7FF43F66D
:103630000801C4F202010968C1F382224AF6C4718A
:10364000C0F60001895CC84080BD000080B5FFF76E
:10365000E5FF43F60801C4F20201096889B24A0B8A
:103660004AF6C471C0F60001895CC84080BD000004
:1036700080B586B00020059004900390029043F638
:103680000800C4F20200006800F00C00014601913D
:1036900040B1FFE7019804280AD0FFE70198082805
:1036A0000CD04FE042F20040C0F2F40002904FE034
:1036B00041F20020C0F27A00029049E043F6040093
:1036C000C4F20200016801F03F0105910068400268
:1036D000002813D5FFE743F60400C4F20200006897
:1036E000C0F3881041F20021C0F27A01A0FB010171
:1036F000059A0023FCF764FD049012E043F60400F1
:10370000C4F202000068C0F3881042F20041C0F227
:10371000F401A0FB0101059A0023FCF751FD049080
:10372000FFE743F60400C4F20200006800F44031F1
:10373000022000EBD130039004980399B0FBF1F024
:10374000029005E042F20040C0F2F4000290FFE770
:10375000029806B080BD000080B586B00490049841
:1037600020B9FFE701208DF8170050E30498007896
:10377000C007002800F0A580FFE743F60800C4F268
:103780000200006800F00C00042813D0FFE743F6A5
:103790000800C4F20200006800F00C0008281ED1E6
:1037A000FFE743F60400C4F202000068400200286C
:1037B00015D5FFE743F60000C4F20200006800F4EC
:1037C00000310020B0EB514F08D0FFE7049840686B
:1037D00020B9FFE701208DF8170018E370E0FFE73C
:1037E00004984068B0F5803F09D1FFE743F6000137
:1037F000C4F20201086840F48030086020E00498B8
:103800004068B0F5A02F0DD1FFE743F60001C4F2E8
:103810000201086840F480200860086840F48030A5
:1038200008600CE043F60001C4F20201086820F4CD
:1038300080300860086820F480200860FFE7FFE718
:10384000FFE704984068E8B1FFE7FEF733FB039019
:10385000FFE743F60000C4F20200006800F4003104
:103860000020B0EB514F0CD1FFE7FEF723FB03998B
:10387000401A652804D3FFE703208DF81700C6E23D
:10388000E7E71CE0FEF716FB0390FFE743F60000B6
:10389000C4F20200006800F400310020B0EB514F88
:1038A0000CD0FFE7FEF706FB0399401A652804D306
:1038B000FFE703208DF81700A9E2E7E7FFE7FFE73E
:1038C000FFE7049800788007002840F19680FFE722
:1038D00043F60800C4F20200006810F00C0F13D089
:1038E000FFE743F60800C4F20200006800F00C0095
:1038F00008282CD1FFE743F60400C4F20200006858
:103900004002002823D4FFE743F60000C4F202007F
:10391000006800F002010020B0EB510F09D0FFE772
:103920000498C068012804D0FFE701208DF8170033
:103930006DE243F60001C4F20201086820F0F800CD
:10394000049A126940EAC2000860FFE754E0049854
:10395000C06870B3FFE70021C4F24721012008606E
:10396000FEF7A8FA0390FFE743F60000C4F2020056
:10397000006800F002010020B0EB510F0CD1FFE70E
:10398000FEF798FA0399401A032804D3FFE70320AF
:103990008DF817003BE2E7E743F60001C4F20201AD
:1039A000086820F0F800049A126940EAC200086032
:1039B00021E00021C4F2472100200860FEF77AFAD6
:1039C0000390FFE743F60000C4F20200006800F035
:1039D00002010020B0EB510F0CD0FFE7FEF76AFAAE
:1039E0000399401A032804D3FFE703208DF817003A
:1039F0000DE2E7E7FFE7FFE7FFE70498007800073D
:103A000000284BD5FFE70498406918B3FFE740F65C
:103A10008061C4F2472101200860FEF74BFA039051
:103A2000FFE743F67400C4F20200006800F00201F0
:103A30000020B0EB510F0CD1FFE7FEF73BFA0399E2
:103A4000401A032804D3FFE703208DF81700DEE1B6
:103A5000E7E722E040F68061C4F2472100200860D9
:103A6000FEF728FA0390FFE743F67400C4F2020061
:103A7000006800F002010020B0EB510F0CD0FFE70E
:103A8000FEF718FA0399401A032804D3FFE703202E
:103A90008DF81700BBE1E7E7FFE7FFE70498007840
:103AA0004007002840F1CE80FFE700208DF8070096
:103AB00043F64000C4F202000068C000002815D49C
:103AC000FFE7FFE70020009043F64000C4F2020049
:103AD000016841F080510160006800F08050009062
:103AE0000098FFE701208DF80700FFE747F200008C
:103AF000C4F200000068C005002822D4FFE747F2A6
:103B00000001C4F20001086840F480700860FEF70C
:103B1000D1F90390FFE747F20000C4F2000000680B
:103B2000C00500280CD4FFE7FEF7C4F90399401A3A
:103B3000032804D3FFE703208DF8170067E1EAE7C5
:103B4000FFE7FFE704988068012809D1FFE743F603
:103B50007001C4F20201086840F0010008601FE033
:103B60000498806805280DD1FFE743F67001C4F280
:103B70000201086840F004000860086840F0010095
:103B800008600CE043F67001C4F20201086820F0FE
:103B900001000860086820F004000860FFE7FFE704
:103BA000FFE704988068F8B1FFE7FEF783F9039018
:103BB000FFE743F67000C4F20200006800F0020163
:103BC0000020B0EB510F0ED1FFE7FEF773F9039918
:103BD000401A41F28931884204D3FFE703208DF86F
:103BE000170014E1E5E71EE0FEF764F90390FFE734
:103BF00043F67000C4F20200006800F002010020E9
:103C0000B0EB510F0ED0FFE7FEF754F90399401ABD
:103C100041F28931884204D3FFE703208DF8170071
:103C2000F5E0E5E7FFE79DF80700012809D1FFE788
:103C300043F64001C4F20201086820F08050086099
:103C4000FFE7FFE704988069002800F0DC80FFE7C9
:103C500043F60800C4F20200006800F00C000828D7
:103C600000F08580FFE70498806902285CD1FFE7B7
:103C70006021C4F2472100200860FEF71BF9039081
:103C8000FFE743F60000C4F20200006800F0007194
:103C90000020B0EB516F0CD0FFE7FEF70BF9039952
:103CA000401A032804D3FFE703208DF81700AEE085
:103CB000E7E70499C869D1F820C04B6A8A6A40EAEC
:103CC0000C0040EA8310D2034FF6FF739A43A2F52B
:103CD00080321043C96A40EA016043F60401C4F22D
:103CE000020108606021C4F2472101200860FEF74C
:103CF000E1F80390FFE743F60000C4F20200006819
:103D000000F000710020B0EB516F0CD1FFE7FEF71F
:103D1000D1F80399401A032804D3FFE703208DF854
:103D2000170074E0E7E721E06021C4F2472100209A
:103D30000860FEF7BFF80390FFE743F60000C4F207
:103D40000200006800F000710020B0EB516F0CD051
:103D5000FFE7FEF7AFF80399401A032804D3FFE703
:103D600003208DF8170052E0E7E7FFE74AE00498E8
:103D70008069012804D1FFE701208DF8170046E093
:103D800043F60400C4F202000068029004988069BF
:103D9000012831D0FFE7029800F480000499C96936
:103DA000884229D1FFE7029800F03F000499096A90
:103DB000884221D1FFE7029847F6C0710840049974
:103DC000496AB0EB811F17D1FFE7029800F4403039
:103DD0000499896AC9034FF6FF729143A1F58031B6
:103DE000884209D1FFE7029800F070600499C96A1F
:103DF000B0EB016F04D0FFE701208DF8170006E05B
:103E0000FFE7FFE7FFE700208DF81700FFE79DF8C9
:103E1000170006B080BD000080B584B00290029803
:103E200020B9FFE701208DF80F0071E00298406A89
:103E300060B9FFE702984068B0F5827F01D1FFE7E3
:103E400003E002990020C861FFE705E00299002025
:103E5000086102994861FFE7029900208862029890
:103E600090F8510040B9FFE70299002081F8500016
:103E7000029800F051F8FFE70299022081F8510002
:103E800002980168086820F040000860029A0192D8
:103E900011685068D2F808C0D36800F482700CF43E
:103EA000044C604403F400631844136903F00203F4
:103EB0001844536903F001031844936903F4007331
:103EC0001844D36903F038031844136A03F08003DD
:103ED0001843926A02F4005210430860029A508B11
:103EE00000F004001168526A02F0100210444860A9
:103EF00002980168C86920F40060C8610299002036
:103F00004865029A012182F851108DF80F00FFE7F1
:103F10009DF80F0004B080BD80B58AB009900020E4
:103F2000089007900690059004900998006843F265
:103F30000001C4F20101884233D1FFE7FFE700200E
:103F4000039043F64400C4F20200016841F480513A
:103F50000160006800F4805003900398FFE7FFE7DA
:103F60000020029043F63000C4F20200016841F0E4
:103F700001010160006800F0010002900298FFE773
:103F8000E020049002200590002006900320079076
:103F9000052008900020C4F2020004A9FDF796FD58
:103FA0003EE00998006843F60041C4F200018842EF
:103FB00035D1FFE7FFE70020019043F64000C4F24F
:103FC0000200016841F400410160006800F4004013
:103FD00001900198FFE7FFE70020009043F63000D2
:103FE000C4F20200016841F004010160006800F0C1
:103FF000040000900098FFE74FF4E0500490022086
:10400000059000200690032007900620089040F6B7
:104010000000C4F2020004A9FDF758FDFFE7FFE726
:104020000AB080BD80B582B00190019801F0C8FE51
:1040300002B080BD81B0009001B0704781B00090A7
:1040400001B0704785B003900291FFE7039890F8A4
:104050003C00012804D1FFE702208DF813007EE028
:104060000399012081F83C00FFE7FFE70399022054
:1040700081F83D000398006840680190039800684B
:1040800080680090019820F070000190029801680B
:1040900001980843019001980399096848600398C2
:1040A00000680021C4F2010188423CD0FFE7039878
:1040B0000068B0F1804F36D0FFE70398006840F207
:1040C0000041C4F2000188422DD0FFE70398006848
:1040D00040F60001C4F20001884224D0FFE70398B3
:1040E000006840F60041C4F2000188421BD0FFE79F
:1040F0000398006840F20041C4F20101884212D0E6
:10410000FFE70398006844F20001C4F2010188420D
:1041100009D0FFE70398006841F60001C4F20001EE
:1041200088420ED1FFE7009820F0800000900298AE
:1041300041680098084300900098039909688860D6
:10414000FFE70399012081F83D00FFE70399002074
:1041500081F83C00FFE700208DF81300FFE79DF891
:10416000130005B07047000080B582B00090009841
:1041700020B9FFE701208DF807003FE0009890F894
:104180003D0040B9FFE70099002081F83C0000980D
:1041900000F038F8FFE70099022081F83D0000990F
:1041A00051F8040B01F0AAFE0099012081F84600A5
:1041B000FFE70099012081F83E00009981F83F0057
:1041C000009981F84000009981F84100FFE7FFE77E
:1041D0000099012081F84200009981F8430000997C
:1041E00081F84400009981F84500FFE7009901201B
:1041F00081F83D0000208DF80700FFE79DF80700DB
:1042000002B080BD80B584B0039003980068B0F11F
:10421000804F1BD1FFE7FFE70020029043F64000EC
:10422000C4F20200016841F001010160006800F081
:10423000010002900298FFE71C2001900022114625
:10424000FDF7D0FE0198FDF7C3FEFFE704B080BD87
:1042500083B00190019890F83D00012804D0FFE759
:1042600001208DF80B006AE00199022081F83D00E1
:1042700001980168C86840F00100C86001980068B2
:104280000021C4F2010188423CD0FFE70198006898
:10429000B0F1804F36D0FFE70198006840F200414E
:1042A000C4F2000188422DD0FFE70198006840F673
:1042B0000001C4F20001884224D0FFE701980068A1
:1042C00040F60041C4F2000188421BD0FFE701988C
:1042D000006840F20041C4F20101884212D0FFE7B9
:1042E0000198006844F20001C4F20101884209D03B
:1042F000FFE70198006841F60001C4F2000188421E
:1043000012D1FFE701980068806800F00700009074
:104310000098062807D0FFE701980168086840F078
:1043200001000860FFE706E001980168086840F0B6
:1043300001000860FFE700208DF80B00FFE79DF803
:104340000B0003B07047000080B586B00490039165
:1043500000208DF80B00FFE7049890F83C0001283E
:1043600004D1FFE702208DF81700ABE0049901208B
:1043700081F83C00FFE7FFE70499022081F83D0047
:104380000498006880680190019820F077000190FF
:10439000019820F47F400190019804990968886091
:1043A000039800680090002872D0FFE7009810285A
:1043B0006ED0FFE7009820286AD0FFE700983028E9
:1043C00066D0FFE70098402855D0FFE700985028B6
:1043D00037D0FFE70098602840D0FFE700987028AA
:1043E0000BD0FFE70098B0F5805F05D0FFE700989D
:1043F000B0F5005F16D052E055E004980068039BCA
:104400005A689968DB6801F047FE04980068806884
:104410000190019840F07700019001980499096893
:10442000886040E004980068039B5A689968DB68DC
:1044300001F032FE04980168886840F4804088608A
:1044400031E004980068039A5168D26801F054FE84
:1044500004980068502101F039FE24E004980068B7
:10446000039A5168D26801F06FFE049800686021D9
:1044700001F02CFE17E004980068039A5168D26896
:1044800001F03AFE04980068402101F01FFE0AE0A6
:10449000049800680399096801F018FE03E0012000
:1044A0008DF80B00FFE70499012081F83D00FFE73C
:1044B0000499002081F83C00FFE79DF80B008DF87F
:1044C0001700FFE79DF8170006B080BD81B000908F
:1044D00001B0704780B582B0019001980068006912
:1044E00000F002010020B0EB510F28D0FFE7019847
:1044F0000068C06800F002010020B0EB510F1DD031
:10450000FFE7019801686FF002000861019901203E
:104510000877019800688069800720B1FFE701985B
:10452000FFF7D4FF06E0019800F012F9019800F0BF
:1045300013F9FFE7019900200877FFE7FFE70198EB
:104540000068006900F004010020B0EB910F29D051
:10455000FFE701980068C06800F004010020B0EB9C
:10456000910F1ED0FFE7019801686FF00400086109
:1045700001990220087701980068806910F4407F53
:1045800004D0FFE70198FFF7A1FF06E0019800F0D3
:10459000DFF8019800F0E0F8FFE7019900200877C4
:1045A000FFE7FFE701980068006900F008010020BC
:1045B000B0EBD10F28D0FFE701980068C06800F089
:1045C00008010020B0EBD10F1DD0FFE70198016872
:1045D0006FF00800086101990420087701980068CD
:1045E000C069800720B1FFE70198FFF76FFF06E081
:1045F000019800F0ADF8019800F0AEF8FFE70199DE
:1046000000200877FFE7FFE701980068006900F0E5
:1046100010010020B0EB111F29D0FFE701980068BE
:10462000C06800F010010020B0EB111F1ED0FFE7A2
:10463000019801686FF0100008610199082008775F
:1046400001980068C06910F4407F04D0FFE701982A
:10465000FFF73CFF06E0019800F07AF8019800F0BF
:104660007BF8FFE7019900200877FFE7FFE7019853
:1046700000680069C00780B1FFE701980068C06862
:10468000C00748B1FFE7019801686FF001000861B9
:10469000019800F065F8FFE7FFE7019800680069FE
:1046A000C1B20020B0EBD11F13D0FFE70198006822
:1046B000C068C1B20020B0EBD11F09D0FFE701985C
:1046C00001686FF0800008610198FFF7B3FCFFE715
:1046D000FFE701980068006900F040010020B0EB9E
:1046E000911F14D0FFE701980068C06800F04001F6
:1046F0000020B0EB911F09D0FFE7019801686FF02F
:1047000040000861019800F02FF8FFE7FFE70198EB
:104710000068006900F020010020B0EB511F14D0A8
:10472000FFE701980068C06800F020010020B0EBAE
:10473000511F09D0FFE7019801686FF02000086160
:104740000198FFF77BFCFFE7FFE702B080BD0000A8
:1047500081B0009001B0704781B0009001B0704707
:1047600081B0009001B0704781B0009001B07047F7
:1047700082B00190ADF8021002B0704781B0009095
:1047800001B0704780B592B0119011980068006830
:10479000109011980068C0680F90119800684069E7
:1047A0000E9000200D900C90109800F00F000D90CE
:1047B0000D9888B9FFE79DF84000800600280AD5CB
:1047C000FFE79DF83C008006002804D5FFE711981C
:1047D00001F052FDE3E1FFE70D98002800F0C280F0
:1047E000FFE79DF83800C00738B9FFE7BDF83C0087
:1047F00010F4907F00F0B680FFE79DF84000C007FE
:1048000058B1FFE79DF83D00C00730B1FFE71199AF
:10481000086C40F001000864FFE79DF84000400785
:1048200000280BD5FFE79DF83800C00730B1FFE73F
:104830001199086C40F002000864FFE79DF8400001
:10484000800700280BD5FFE79DF83800C00730B17E
:10485000FFE71199086C40F004000864FFE79DF839
:1048600040000007002811D5FFE79DF83C008006B6
:10487000002805D4FFE79DF83800C00730B1FFE7F6
:104880001199086C40F008000864FFE71198006C6B
:10489000002866D0FFE79DF84000800600280AD572
:1048A000FFE79DF83C008006002804D5FFE711983B
:1048B00001F0E2FCFFE7119800684069C0F3801046
:1048C0000C901198006C0007002804D4FFE70C98A6
:1048D00000283ED0FFE7119801F070FC11980068A5
:1048E0004069400600282FD5FFE7FFE7FFE7119852
:1048F000006850E8050F20F040000B90FFE70B998F
:104900001198026842E805100028F0D1FFE7FFE7A0
:104910001198806B98B1FFE71198816B46F29D105A
:10492000C0F6000008651198806BFDF78BF828B180
:10493000FFE71198806B016D8847FFE703E011984E
:10494000FFF71CFFFFE703E01198FFF717FFFFE7F2
:1049500006E01198FFF712FF119900200864FFE7A5
:10496000FFE71CE11198006B012840F0F880FFE799
:104970009DF84000C006002840F1F180FFE79DF857
:104980003C00C006002840F1EA80FFE7FFE7002076
:104990000A901198006800680A90119800684068B1
:1049A0000A900A98FFE711980068406940060028BD
:1049B0007ED5FFE71198806B00684068ADF826004F
:1049C000BDF82600002872D0FFE7BDF82600119937
:1049D000898D88426BDAFFE7BDF826001199C885FA
:1049E0001198806BC069B0F5807F58D0FFE7FFE772
:1049F000FFE71198006850E8030F20F480700890DA
:104A0000FFE708991198026842E803100028F0D1E6
:104A1000FFE7FFE7FFE7FFE71198006850E8050FA1
:104A200020F001000790FFE707991198026842E81B
:104A300005100028F0D1FFE7FFE7FFE7FFE7119837
:104A4000006850E8050F20F040000690FFE7069947
:104A50001198026842E805100028F0D1FFE7FFE74F
:104A60001199202081F83E00119900200863FFE78A
:104A7000FFE71198006850E8030F20F01000059040
:104A8000FFE705991198026842E803100028F0D169
:104A9000FFE7FFE71198806BFCF75EFFFFE71198D7
:104AA000818DC28D891A89B2FFF762FEFFE776E039
:104AB0001199888DC98D401AADF812001198C08DDA
:104AC00000284BD0FFE7BDF81200002846D0FFE7D2
:104AD000FFE7FFE71198006850E8030F20F490709B
:104AE0000390FFE703991198026842E80310002839
:104AF000F0D1FFE7FFE7FFE7FFE71198006850E814
:104B0000050F20F001000290FFE70299119802685A
:104B100042E805100028F0D1FFE7FFE711992020B7
:104B200081F83E00119900200863FFE7FFE7119824
:104B3000006850E8030F20F010000190FFE7019992
:104B40001198026842E803100028F0D1FFE7FFE760
:104B50001198BDF81210FFF70BFEFFE71FE09DF85C
:104B60004000000600280AD5FFE79DF83C0000063B
:104B7000002804D5FFE7119801F006FD0FE09DF82D
:104B80004000400600280AD5FFE79DF83C0040069B
:104B9000002804D5FFE7119801F05AFBFFE712B097
:104BA00080BD000080B582B00090009820B9FFE77A
:104BB00001208DF807003EE00098806908B1FFE70A
:104BC00000E0FFE7009890F83D0040B9FFE700994A
:104BD000002081F83C00009800F032F8FFE70099CF
:104BE000242081F83D0000980168C86820F4005036
:104BF000C860009801F0F2FB00980168086920F491
:104C00009040086100980168486920F02A004861D6
:104C100000980168C86840F40050C86000990020FE
:104C20000864009A202182F83D10009A82F83E1014
:104C30008DF80700FFE79DF8070002B080BD000077
:104C400080B58AB0099000200890079006900590E2
:104C500004900998006841F20001C4F20101884201
:104C60003ED1FFE7FFE70020039043F64400C4F283
:104C70000200016841F010010160006800F01000BE
:104C800003900398FFE7FFE70020029043F630000F
:104C9000C4F20200016841F002010160006800F006
:104CA000020002900298FFE7C020049002200590C5
:104CB000002000900690032007900720089040F203
:104CC0000040C4F2020004A9FCF700FF009A25206E
:104CD00001901146FDF786F90198FDF779F9FFE794
:104CE0000AB080BD80B584B002900191ADF8022079
:104CF000029890F83E00202828D1FFE7019820B1C3
:104D0000FFE7BDF8020020B9FFE701208DF80F0092
:104D100020E0FFE7029890F83C00012804D1FFE76B
:104D200002208DF80F0015E00299012081F83C0067
:104D3000FFE7FFE702990020086302980199BDF898
:104D4000022001F0E9FB8DF80F0003E002208DF84E
:104D50000F00FFE79DF80F0004B080BD80B582B062
:104D600001900198006841F20001C4F201018842FB
:104D70002AD1FFE740F2FB00C2F20000007840B108
:104D8000FFE740F20810C2F20000007800F05CFF7C
:104D9000FFE740F2FA00C2F20000007840B1FFE7FE
:104DA00040F20810C2F20000007805F0F5FBFFE7C2
:104DB00041F6C460C2F2000040F20811C2F20001E4
:104DC0000122FFF78FFFFFE702B080BD80B58AB0F8
:104DD00008900791ADF81A200593002002900898DA
:104DE00090F83D00202840F09080FFE7079820B120
:104DF000FFE7BDF81A0020B9FFE701208DF8270072
:104E000087E0FFE7089890F83C00012804D1FFE70D
:104E100002208DF827007CE00899012081F83C00F1
:104E2000FFE7FFE70899002008640899212081F82E
:104E30003D00FDF73FF80290BDF81A0008998884FC
:104E4000BDF81A000899C88408988068B0F5805F9A
:104E500009D1FFE70898006928B9FFE7002004900E
:104E60000798039004E00798049000200390FFE760
:104E7000FFE70899002081F83C00FFE7FFE708986A
:104E8000C08C58B3FFE70898029B05996A461160E9
:104E90008021002201F036FC20B1FFE703208DF8CD
:104EA000270036E0049858B9FFE7039800886FF3AD
:104EB0005F2008990968486003980230039008E071
:104EC00004980078089909684860049801300490B3
:104ED000FFE70899C88C0138C884D0E70898029B7E
:104EE00005996A4611604021002201F00BFC20B1B7
:104EF000FFE703208DF827000BE00899202081F8B8
:104F00003D0000208DF8270003E002208DF82700E7
:104F1000FFE79DF827000AB080BD000081B0009037
:104F200001B07047FFE7FEE783B0029001918DF872
:104F3000032000208DF802008DF80200FFE79DF8A5
:104F400002009DF80310884229DAFFE70298000F5B
:104F5000092809D8FFE70298000F303001999DF821
:104F6000022001F8120009E00299372000EB1170CD
:104F700001999DF8022001F81200FFE70298000154
:104F8000029001989DF8021000EB4101002048704A
:104F9000FFE79DF8020001308DF80200CFE703B073
:104FA0007047000080B582B001900198FBF75DF971
:104FB000ADF802000020ADF80000FFE7BDF80000EA
:104FC000BDF8021088420DDAFFE70198BDF8001025
:104FD000405C00F039FEFFE7BDF800000130ADF89D
:104FE0000000EBE702B080BD80B582B0019001986F
:104FF0000090FBF73AF9009982B241F6C460C2F220
:1050000000006423FFF7E2FE02B080BD80B582B0ED
:1050100041F69400C2F20000009046F20041C4F252
:105020000001016010214160002101918160C16097
:1050300001614161017641768176C17601774177E0
:10504000FCF752FB18B1FFE7FCF71CFBFFE702B0CF
:1050500080BD000080B59AB000201990189017907C
:1050600016901590FFE70020149043F63000C4F22C
:105070000200016841F010010160006800F01000BA
:1050800014901498FFE7FFE70020139043F63000D8
:10509000C4F20200016841F004010160006800F000
:1050A000040013901398FFE7FFE70020129043F6E7
:1050B0003000C4F20200016841F080010160006824
:1050C00000F0800012901298FFE7FFE70020119097
:1050D00043F63000C4F20200016841F001010160B2
:1050E000006800F0010011901198FFE7FFE7002031
:1050F000109043F63000C4F20200016841F0020152
:105100000160006800F0020010901098FFE7FFE7D0
:1051100000200F9043F63000C4F20200016841F015
:1051200008010160006800F008000F900F98FFE789
:105130000020C4F2020002900B21019100220C9287
:10514000FCF7A0FE0C9A40F60000C4F202000490A6
:1051500030210391FCF796FE0C9A40F20040C4F215
:105160000200069041F602010591FCF78BFE0C9AB5
:1051700041F20000C4F2020008904BF28051079106
:10518000FCF780FE0C9A40F60040C4F202000D903D
:105190004FF450610991FCF775FE08980C9944F69C
:1051A0007F22159203220B921692179115A90E9148
:1051B000FCF78CFC04980B9B0C9A0E994EF2CF3C9A
:1051C000CDF854C016931792FCF780FC019B02980F
:1051D0000C9A0E99159301230A931693179218921D
:1051E000FCF774FC02980B9B0C9A0E9948F2147C05
:1051F000CDF854C016931792FCF768FCDDF80CC08C
:1052000004980A9B0C9A0E99CDF854C016931792E5
:105210001892FCF75BFC06980B9B0C9A0E994EF2C9
:105220003D7CCDF854C016931792FCF74FFCDDF887
:1052300014C006980A9B0C9A0E99CDF854C0169388
:1052400017921892FCF742FCDDF81CC008980A9BE4
:105250000C9A0E99CDF854C0169317921892FCF739
:1052600035FCDDF824C00A9B0C9A0D980E99CDF8F8
:1052700054C0169317921892FCF728FC0B9B0C9ABB
:105280000D980E994FF2FC2CCDF854C0169317923E
:10529000FCF71CFC1AB080BD80B582B041F6CC5042
:1052A000C2F20000009043F20001C4F2010101606B
:1052B0004FF482714160002101918160C160016100
:1052C00041614FF400728261C16101624162816299
:1052D0000A21C162FEF7A0FD18B1FFE7FCF7D2F981
:1052E000FFE702B080BD000080B582B041F62460C7
:1052F000C2F20000009043F60041C4F200010160D8
:105300004FF482714160002101918160C1600161AF
:1053100041614FF400728261C16101624162816248
:105320000A21C162FEF778FD18B1FFE7FCF7AAF980
:10533000FFE702B080BD000080B588B00021019178
:1053400007910691059104910391029141F67C60C9
:10535000C2F200004FF0804202605422426081603D
:105360004FF0FF32C26001618161FEF7FDFE18B1AE
:10537000FFE7FCF787F9FFE74FF48050049041F610
:105380007C60C2F2000004A9FEF7DEFF18B1FFE75F
:10539000FCF778F9FFE700200290039041F67C606B
:1053A000C2F2000002A9FEF74DFE18B1FFE7FCF7BC
:1053B00069F9FFE708B080BD80B582B041F6C460EE
:1053C000C2F20000019041F20001C4F2010101604B
:1053D0004FF4E131416000218160C16001610C2224
:1053E00042618161C161FFF7DDFB18B1FFE7FCF7A6
:1053F00049F9FFE702B080BD80B541F2B850C2F272
:10540000000040F20C01C2F20001002202F014FB85
:1054100018B1FFE7FCF736F9FFE741F2B850C2F2E6
:10542000000040F22C01C2F2000103F005F818B1AF
:10543000FFE7FCF727F9FFE741F2B850C2F200009E
:1054400040F2C801C2F2000101F030FD18B1FFE7DF
:10545000FCF718F9FFE741F2B850C2F2000003F080
:1054600075F918B1FFE7FCF70DF9FFE780BD000003
:10547000FFE7FEE780B584B08DF80F008DF80E10C1
:105480009DF80E00002818BF01208DF80D009DF832
:105490000F00413801460191392800F25F800199DF
:1054A000DFE801F03B46515C5C5C5C5C5C5C5C5C36
:1054B0005C5C5C5C5C5C5C5C5C5C5C1D26305C5CCD
:1054C0005C5C5C5C3B46515C5C5C5C5C5C5C5C5C5E
:1054D0005C5C5C5C5C5C5C5C5C5C5C1D26309DF8D0
:1054E0000D200020C4F202000221FCF7CBFC35E0C5
:1054F0009DF80D2040F60000C4F202002021FCF7C8
:10550000C1FC2BE09DF80D2041F20000C4F2020026
:105510004FF48071FCF7B6FC20E09DF80D2041F2BD
:105520000000C4F202004FF40051FCF7ABFC15E0A0
:105530009DF80D2040F20040C4F202004FF480516B
:10554000FCF7A0FC0AE09DF80D2040F60040C4F2F4
:1055500002004FF40061FCF795FCFFE70020029089
:10556000FFE70298312806DCFFE700BFFFE702985B
:1055700001300290F5E704B080BD000080B582B034
:105580008DF807008DF806109DF80600B0FA80F03F
:1055900040098DF805009DF807004138014600914B
:1055A000392800F254800099DFE801F0303B465181
:1055B00051515151515151515151515151515151DB
:1055C0005151511D1D26515151515151303B4651A0
:1055D00051515151515151515151515151515151BB
:1055E0005151511D1D269DF805200020C4F20200D6
:1055F0000821FCF747FC2AE09DF8052040F2004016
:10560000C4F202000221FCF73DFC20E09DF80520D9
:1056100041F20000C4F202004FF48061FCF732FC5A
:1056200015E09DF8052041F20000C4F202004FF49D
:105630000041FCF727FC0AE09DF8052040F60040F9
:10564000C4F202004FF48071FCF71CFCFFE702B0CB
:1056500080BD000080B586B08DF817009DF817005A
:10566000413801460191392800F258800199DFE85C
:1056700001F037414B5555555555555555555555CF
:105680005555555555555555551D252E5555555559
:10569000555537414B5555555555555555555555F6
:1056A0005555555555555555551D252E0020C4F2B7
:1056B000020004900120ADF80E0030E040F600003A
:1056C000C4F2020004901020ADF80E0027E041F271
:1056D0000000C4F2020004908020ADF80E001EE02D
:1056E00041F20000C4F2020004904FF48050ADF883
:1056F0000E0014E040F20040C4F2020004904FF4A7
:105700000060ADF80E000AE040F60040C4F202006E
:1057100004904FF48060ADF80E0000E019E00498AA
:10572000BDF80E100122FCF7ADFB00200290FFE750
:105730000298312806DCFFE700BFFFE7029801303E
:105740000290F5E70498BDF80E100022FCF79AFBD2
:10575000FFE706B080BD000080B504F045FF04F00F
:10576000AFFE04F011FE80BDFFE7FEE788B00790B2
:1057700006910592079800F0070004900498C0F184
:105780000700052803D3FFE70420019004E00498F4
:10579000C0F107000190FFE70198039004980430DE
:1057A000062803D8FFE70020009003E004980338A0
:1057B0000090FFE70098029006980399012202FAF0
:1057C00001F101390840029B984005999A40013A3D
:1057D0001140084308B0704780B541F6C000C2F2DE
:1057E0000000FCF725FF80BD80B586B005900491D0
:1057F000059800680390039802900398006C01904C
:105800000298049900EB4110D0F8080B0090019821
:1058100043F20B01C4F6547188420FD3FFE79DF8A1
:1058200001000006002809D5FFE70298049900EB63
:1058300041114FF40040C1F8080BFFE70598FDF750
:1058400051FD019843F20B01C4F6547188420DD307
:10585000FFE705980069012808D1FFE70599086866
:1058600001F2C442012103F0B1FEFFE7002006B0BF
:1058700080BD000080B588B0079006910798006849
:105880000490049803900498006C02900398069981
:1058900000EB4110D0F8080B01900798006901282F
:1058A00040F08180FFE79DF804000007002818D52C
:1058B000FFE7029843F20B01C4F6547188420FD3FC
:1058C000FFE79DF805000006002809D5FFE70398CB
:1058D000069900EB41114FF40040C1F8080BFFE7B7
:1058E00060E09DF804008006002808D5FFE70398D3
:1058F000069900EB41112020C1F8080B51E09DF8FA
:10590000040010F0280F4AD1FFE7029843F20B0180
:10591000C4F6547188420FD3FFE79DF805000006D6
:10592000002809D5FFE70398069900EB41114FF4D1
:105930000040C1F8080B31E00798069901EBC1015E
:1059400000EB810000F51F7005900598C069039970
:10595000069A01EB4211D1F8101B6FF3DF41401A98
:1059600005990862069898B9FFE70598806940B9DB
:10597000FFE70799086801F2C442012103F026FEFF
:1059800005E0059908690A6A10440861FFE7FFE726
:1059900007989DF81810FCF7C5FBFFE700E0FFE74C
:1059A000FFE7FFE747E0029843F20A11C4F654719B
:1059B000884224D1FFE79DF805000006002809D59C
:1059C000FFE70398069900EB41114FF40040C1F83E
:1059D000080B13E09DF804008006002808D5FFE7B7
:1059E0000398069900EB41112020C1F8080BFFE74E
:1059F00007989DF81810FCF795FBFFE71AE006984A
:105A000090B9FFE70798069901EBC10100EB81000F
:105A1000D0F8940240B9FFE70799086801F2C44240
:105A2000002103F0D3FDFFE707989DF81810FCF75D
:105A300079FBFFE7FFE7002008B080BD80B58CB0A0
:105A40000A9009910A9800680890089807900A98A7
:105A5000099901EBC10100EB81003C3006900698EA
:105A60008169006A884204D9FFE701208DF82F0080
:105A700079E006998869096A401A0590059806999F
:105A8000C968884204D9FFE70698C0680590FFE717
:105A90000598033080080490FFE70798099900EB08
:105AA0004110D0F8180981B2049A00209142029066
:105AB0000FD3FFE706988269016A002091420290A5
:105AC00007D2FFE706988069002818BF01200290DE
:105AD000FFE70298C00770B3FFE706998869096A73
:105AE000401A059005980699C968884204D9FFE7CD
:105AF0000698C0680590FFE7059803308008049079
:105B00000898069909699DF82420BDF81430DDF83D
:105B100028C09CF810C0EE46CEF800C004F090FB00
:105B2000059A0699086910440861059A0699086A59
:105B300010440862B1E706998869096A88420ED85C
:105B4000FFE7099800F00F01012088400390039AB5
:105B50000799D1F834089043C1F83408FFE70020D2
:105B60008DF82F00FFE79DF82F000CB080BD0000DE
:105B70007047000082B0009041F67071C2F20001DF
:105B800091F8600091F86110884204D1FFE700208D
:105B90008DF807001CE0009A41F67071C2F2000116
:105BA00091F8610000EB400001EB800351F8200008
:105BB000106058689B689360506091F861000130F4
:105BC00000F0070081F8610001208DF80700FFE771
:105BD0009DF8070002B0704780B583B0019041F690
:105BE0007071C2F2000191F86000013000F007000E
:105BF0008DF803009DF8030091F86110884204D1EC
:105C0000FFE700208DF80B001AE041F67071C2F238
:105C1000000191F8600000EB400E01EB8E02019B49
:105C2000D3F800C058689B6841F82EC0936050605C
:105C30009DF8030081F8600001208DF80B00FFE75C
:105C40009DF80B0003B080BD81B08DF8030041F6D4
:105C5000BC00C2F20000008801306FF39F20ADF855
:105C60000000BDF8000041F6F471C2F2000109889D
:105C7000884210D0FFE79DF8030041F6BC01C2F254
:105C800000010B8841F6F872C2F20002D054BDF850
:105C900000000880FFE701B0704700007047000077
:105CA00084B003900398009000980078ADF8080045
:105CB00000980130009000980078ADF80600BDF81B
:105CC0000610BDF8080040EA0120ADF80A00BDF852
:105CD0000A0004B07047000080B582B041F6E07061
:105CE000C2F20000007C18B9FFE700F039F834E098
:105CF00004F0B4FB0190019840F20C11C2F20001D3
:105D00000968401A41F6E071C2F200014968884210
:105D100013D9FFE7019840F20C11C2F200010860AC
:105D200041F6E070C2F200000090407AFFF792FC6A
:105D30000099C8680130C860FFE741F6E070C2F220
:105D400000000168C068884207D3FFE741F6E071B0
:105D5000C2F2000100200874FFE702B080BD00001D
:105D600080B584B001A8FFF705FFC8B1FFE741F691
:105D7000E070C2F200000199029A039B83604260C6
:105D800001600021C160012101749DF80D00FFF741
:105D9000F5FB9DF80C109DF80D00FFF76BFB0CE078
:105DA0009DF80D0000210091FFF7E8FB009841F6F7
:105DB000E071C2F200010874FFE704B080BD00008A
:105DC00080B582B0009000980138B0F1807F03D395
:105DD000FFE70120019019E0009801384EF214010C
:105DE000CEF2000108604FF0FF300F2104F08CFA72
:105DF0004EF21801CEF20001002008604EF21002AF
:105E0000CEF20002072111600190FFE7019802B075
:105E100080BD000080B5FCF753F880BD80B594B01C
:105E200008A83021FAF704FA0020079006900590A0
:105E300004900390FFE70020029043F64000C4F274
:105E40000200016841F080510160006800F080505C
:105E500002900298FFE7FFE70020019047F2000060
:105E6000C4F20000016841F480410160006800F460
:105E7000804001900198FFE7012008904FF48030A6
:105E8000099002200E904FF480010F91042110918F
:105E9000A821119112900720139008A8FDF75CFC2F
:105EA00018B1FFE7FBF7EEFBFFE70F20039002209E
:105EB0000490002005904FF4A05006904FF48050BD
:105EC000079003A80521FDF777FA18B1FFE7FBF764
:105ED000D9FBFFE714B080BD4EF68851CEF2000129
:105EE000086840F4700008607047000080B541F613
:105EF0007C60C2F20000FEF7EDFA80BD83B0029034
:105F0000019102980068009002980021C4F20101FA
:105F1000884225D0FFE70298B0F1804F20D0FFE7FC
:105F2000029840F20041C4F20001884218D0FFE715
:105F3000029840F60001C4F20001884210D0FFE749
:105F4000029840F60041C4F20001884208D0FFE701
:105F5000029840F20041C4F2010188420AD1FFE7F1
:105F6000009820F070000090019841680098084364
:105F70000090FFE702980021C4F20101884255D049
:105F8000FFE70298B0F1804F50D0FFE7029840F24F
:105F90000041C4F20001884248D0FFE7029840F671
:105FA0000001C4F20001884240D0FFE7029840F6A9
:105FB0000041C4F20001884238D0FFE7029840F265
:105FC0000041C4F20101884230D0FFE7029844F258
:105FD0000001C4F20101884228D0FFE7029844F290
:105FE0000041C4F20101884220D0FFE7029844F644
:105FF0000001C4F20101884218D0FFE7029841F67F
:106000000001C4F20001884210D0FFE7029841F677
:106010000041C4F20001884208D0FFE7029842F232
:106020000001C4F2000188420AD1FFE7009820F481
:10603000407000900198C168009808430090FFE705
:10604000009820F080000199496908430090009869
:1060500002990860019880680299C86201980068F6
:106060000299886202980021C4F20101884208D096
:10607000FFE7029840F20041C4F20101884205D1D5
:10608000FFE70198006902990863FFE70299012080
:10609000486103B07047000085B0049003910292FC
:1060A0000193049880680090009820F47F4000904D
:1060B00003980299019A41EA02210143009808439A
:1060C000009000980499886005B0704783B00290F2
:1060D0000191029880680090009820F07000009074
:1060E00001980099084340F0070000900098029939
:1060F000886003B07047000085B00490039102925D
:106100000498006A00900499086A20F0010008626F
:10611000049880690190019820F0F00001900299A4
:10612000019840EA01100190009820F00A000090C8
:106130000399009808430090019804998861009899
:106140000499086205B0704785B0049003910292EB
:106150000499086A20F01000086204988069019090
:106160000498006A0090019820F470400190029910
:10617000019840EA01300190009820F0A0000090C2
:106180000399009840EA01100090019804998861F1
:1061900000980499086205B07047000080B582B08D
:1061A00001900198806B009000990020C8850099AB
:1061B000C8840098FEF7E2FA02B080BD84B0039074
:1061C000FFE7FFE70398006850E8030F20F49070A2
:1061D0000290FFE702990398026842E80310002842
:1061E000F0D1FFE7FFE7FFE7FFE70398006850E81B
:1061F000050F20F001000190FFE701990398026864
:1062000042E805100028F0D1FFE7FFE70398006B94
:10621000012814D1FFE7FFE7FFE70398006850E883
:10622000030F20F010000090FFE700990398026828
:1062300042E803100028F0D1FFE7FFE7FFE70399EA
:10624000202081F83E0003990020086304B07047C5
:1062500080B582B0019001980168C86820F04000C4
:10626000C8600199202081F83D000198FEF756FE94
:10627000002002B080BD000080B586B00490049874
:1062800090F83E00222840F0A180FFE70498806843
:10629000B0F5805F15D1FFE70498006988B9FFE782
:1062A000002003900498806A029004980068406877
:1062B0006FF35F20029908800499886A023088622F
:1062C00025E00498806A039000200290049880687A
:1062D000B0F5805F08D0FFE70498806850B9FFE709
:1062E0000498006930B9FFE7049800684068039992
:1062F000087007E004980068406800F07F00039988
:106300000870FFE70499886A01308862FFE7049902
:10631000C88D0138C8850004002853D1FFE70498D0
:106320000168C86820F02000C86004980168C86847
:1063300020F48070C86004980168486920F001006A
:1063400048610499202081F83E000498006B0128E0
:1063500030D1FFE7049900200863FFE7FFE70498C6
:10636000006850E8030F20F010000190FFE701994A
:106370000498026842E803100028F0D1FFE7FFE725
:10638000049800680068C00600280ED5FFE7FFE704
:10639000002000900498006800680090049800684D
:1063A000406800900098FFE7FFE70498818DFEF7B2
:1063B000DFF903E00498FEF7D1FCFFE700208DF839
:1063C000170007E000208DF8170003E002208DF889
:1063D0001700FFE79DF8170006B080BD80B586B0B6
:1063E000059005980068006920F44050059A1168EE
:1063F000D26810430861059988680B694A69C969C0
:10640000184310430843049005980068C06849F297
:106410000C6188430499084305990968C860059888
:106420000068406920F44070059A11689269104331
:1064300048610598006841F20001C4F201018842F8
:1064400009D0FFE70598006841F20041C4F201015C
:10645000884204D1FFE7FDF7F9F8039003E0FDF768
:10646000E3F80390FFE70598C069B0F5004F29D124
:10647000FFE703981921A0FB0101059A1368029315
:1064800053685A00DB0FF9F79BFE0299864648F2E3
:106490001F53C5F2EB13AEFB0320420910014FF06E
:1064A000640C02FB1CEC322202EBCC02A2FB033296
:1064B000F82303EA521300EB4300C2F342121044E4
:1064C000886026E003981921A0FB0101059A136852
:1064D000019353689A009B0FF9F772FE0199844665
:1064E00048F21F52C5F2EB12ACFB023043096420A4
:1064F00003FB10CC322000EB0C10A0FB0202F020BA
:1065000000EA521000EB0310C2F3431210448860FB
:10651000FFE706B080BD000083B002900191ADF8A6
:106520000220019802998862BDF8020002998885CC
:10653000BDF802000299C8850299002008640299FA
:10654000222081F83E00FFE70299002081F83C00FC
:10655000FFE70298006938B1FFE702980168C86850
:1065600040F48070C860FFE702980168486940F015
:106570000100486102980168C86840F02000C860C6
:10658000002003B07047000083B00190019890F89C
:106590003D0021283AD1FFE701988068B0F5805F7F
:1065A00013D1FFE70198006978B9FFE70198006A05
:1065B0000090009800886FF35F2001990968486097
:1065C0000199086A0230086208E0019A106A411CC9
:1065D00011620078019909684860FFE70199C88C49
:1065E0000138C884000468B9FFE701980168C868E9
:1065F00020F08000C86001980168C86840F0400041
:10660000C860FFE700208DF80B0003E002208DF842
:106610000B00FFE79DF80B0003B0704780B584B016
:1066200041F2B850C2F2000090F89C02032801D059
:10663000FFE756E000208DF80F0041F6F470C2F23B
:1066400000000088ADF80C0041F6BC00C2F200006A
:106650000088ADF80A00FFE79DF80F1000203F29E1
:10666000019009DCFFE7BDF80C00BDF80A10401AE4
:1066700018BF01200190FFE70198C007C8B1FFE7EC
:10668000BDF80C1041F6F870C2F20000405C9DF8B5
:106690000F20511C8DF80F1040F21011C2F20001B2
:1066A0008854BDF80C0001306FF39F20ADF80C004A
:1066B000D2E79DF80F00012813DBFFE79DF80F10CC
:1066C00040F21010C2F20000FAF730FF40B9FFE7C5
:1066D000BDF80C0041F6F471C2F200010880FFE73A
:1066E000FFE704B080BD000080B541F6C460C2F28F
:1066F000000040F20811C2F200010122FEF7F2FA96
:1067000080BD000080B588B0DDF828C006900591F6
:106710008DF813200393FFE7069800680068059939
:106720000840401AB0FA80F040099DF813108842E2
:1067300049D1FFE70A980130002843D0FFE70A98C3
:1067400040B1FFE7FBF7B6FB0399401A0A9988426C
:1067500037D9FFE7FFE7FFE70698006850E8030F27
:1067600020F4D0700290FFE702990698026842E890
:1067700003100028F0D1FFE7FFE7FFE7FFE70698E7
:10678000006850E8050F20F001000190FFE7019933
:106790000698026842E805100028F0D1FFE7FFE7FD
:1067A0000699202081F83D00069981F83E00FFE718
:1067B0000699002081F83C00FFE703208DF81F00B8
:1067C00005E0FFE7A8E700208DF81F00FFE79DF830
:1067D0001F0008B080BD000080B541F6C460C2F261
:1067E0000000FDF7CFFF80BD80B586B004908DF826
:1067F0000F100498D0F8C80201900498D0F8D41271
:1068000000EB8100D0F8C00220B9FFE703208DF82B
:1068100017005FE00498D0F8D41200EB8100D0F8A4
:10682000C002029004989DF80F1001F00F0101EBD7
:10683000810100EB8100806940B3FFE704989DF877
:106840000F1001F00F0101EB810200EB8200826961
:10685000019801EBC10100EB8100816CB2FBF1F00A
:1068600000FB112090B9FFE704989DF80F1001F08C
:106870000F0101EB810100EB81000023836104988B
:106880009DF80F101A4601F083FD1FE002990020C9
:10689000C1F814020498D0F8D41200EB8100D0F8AB
:1068A000C402006988B1FFE70498D0F8D41200EB65
:1068B0008100D0F8C40203690299D1F8080201F5F9
:1068C00004719DF80F209847FFE7FFE700208DF83F
:1068D0001700FFE79DF8170006B080BD80B584B0B3
:1068E00002908DF807100298D0F8D41200EB8100C6
:1068F000D0F8C00200900298D0F8D41200EB8100CA
:10690000D0F8C00220B9FFE703208DF80F0019E08E
:1069100002989DF8071001F0CBFA0099C1F80C021B
:106920000298D0F8D41200EB8100D0F8C402C268FB
:106930000099D1F8040201F50371904700208DF809
:106940000F00FFE79DF80F0004B080BD80B586B052
:1069500005908DF81310059840F20901C2F200016C
:106960000091097801F0BCF800990598097801F0C8
:106970000F0101EB810100EB81010020039088846D
:10698000059840F20A01C2F200010191097801F074
:10699000A7F8019A03980599127802F00F0202EB0A
:1069A000820201EB8201A1F86401059840F208011E
:1069B000C2F200010291097801F092F8029A03985C
:1069C0000599137803F00F0303EB830301EB8301B5
:1069D00088840599127802F00F0202EB820201EB23
:1069E0008201C8840598D0F8D41200EB8100D0F859
:1069F000C002F0B1FFE70598D0F8D41200EB810097
:106A0000D0F8C402406880470598D0F8D41200EB53
:106A10008100D0F8C00202F057F90598D0F8D412DE
:106A200000EB81010020C1F8C0020599C1F8BC0249
:106A3000FFE7002006B080BD80B584B002900298C8
:106A4000D0F8D41200EB8100D0F8C0020190019878
:106A500020B9FFE703208DF80F0025E00298D0F859
:106A6000D41200EB8100D0F8C402C8B1FFE701984E
:106A700090F80002FF2813D0FFE70298D0F8D41254
:106A800000EB8100D0F8C4028368019991F80002FC
:106A900091F8012298470199FF2081F80002FFE751
:106AA00000208DF80F00FFE79DF80F0004B080BDB7
:106AB00081B0009000990A20088040F2A800C2F23C
:106AC000000001B07047000080B586B0059040F22C
:106AD0006400C2F200000190822100F09BFE01469A
:106AE00001980491012100F095FE0146019803915F
:106AF000812100F08FFE0290049820B1FFE70499F5
:106B000010208871FFE7039820B1FFE70399402028
:106B10008880FFE7029820B1FFE702994020888033
:106B2000FFE705994320088040F26400C2F20000AC
:106B300006B080BD80B586B0059040F26400C2F218
:106B400000000190822100F065FE01460198049149
:106B5000012100F05FFE014601980391812100F0C0
:106B600059FE0290049820B1FFE704991020887123
:106B7000FFE7039828B1FFE703994FF4007088807E
:106B8000FFE7029828B1FFE702994FF40070888070
:106B9000FFE705994320088040F26400C2F200003C
:106BA00006B080BD80B586B0059040F26400C2F2A8
:106BB00000000190822100F02DFE01460198049111
:106BC000012100F027FE014601980391812100F088
:106BD00021FE0290049820B1FFE7049910208871EB
:106BE000FFE7039820B1FFE7039940208880FFE783
:106BF000029820B1FFE7029940208880FFE70599BD
:106C00004320088040F26400C2F2000006B080BD5C
:106C100080B590B00E908DF837104FF4077002F0E9
:106C200057F80C900C9860B9FFE70E98D0F8D41282
:106C300000EB81010020C1F8C00202208DF83F0066
:106C4000F0E00C984FF40771F9F7F2FA0C980E99EE
:106C5000D1F8D42201EB8201C1F8C0020E99D1F81B
:106C6000D40201EB8000D0F8C002C1F8BC020E983B
:106C7000007C002840D1FFE70E9840F20901C2F2E3
:106C8000000107910978022208924FF400730993DA
:106C900001F0FAF90799089A099B0E98097801F012
:106CA0000F0101EB810100EB810101200B90888431
:106CB0000E9840F20A01C2F200010A91097801F02F
:106CC000E3F90A9A0B980E99127802F00F0202EB80
:106CD000820201EB8201A1F864010E9840F20801E2
:106CE000C2F20001097801F00F0101EB810100EB14
:106CF00081011020C8843EE00E9840F20901C2F2E2
:106D0000000102910978022203924023049301F0CA
:106D1000BBF90299039A049B0E98097801F00F01C0
:106D200001EB810100EB81010120069088840E981F
:106D300040F20A01C2F200010591097801F0A4F9BC
:106D4000059A06980E99127802F00F0202EB820261
:106D500001EB8201A1F864010E9840F20801C2F231
:106D60000001097801F00F0101EB810100EB8101C5
:106D70001020C884FFE70E9840F20801C2F200011B
:106D8000009109780322082301F07EF900990E98FA
:106D9000097801F00F0101EB810100EB8101012075
:106DA00088840C9900200190C1F804020E98D0F854
:106DB000D41200EB8100D0F8C4020068804701982B
:106DC0000C99C1F814020C99C1F818020C98D0F86B
:106DD000040220B9FFE702208DF83F0022E00E9860
:106DE000007C70B9FFE70E9840F20A01C2F2000180
:106DF00009780C9AD2F804224FF4007301F06AF972
:106E00000CE00E9840F20A01C2F2000109780C9AD7
:106E1000D2F80422402301F05DF9FFE700208DF84D
:106E20003F00FFE79DF83F0010B080BD80B584B003
:106E300002900298D0F8D41200EB8100D0F8C00282
:106E400001900298D0F8D41200EB8100D0F8C00273
:106E500020B9FFE703208DF80F0022E00298007CA4
:106E600070B9FFE7029840F20A01C2F20001097806
:106E7000019AD2F804224FF4007301F02BF90CE0D0
:106E8000029840F20A01C2F200010978019AD2F890
:106E90000422402301F01EF9FFE700208DF80F00C7
:106EA000FFE79DF80F0004B080BD000083B00190A3
:106EB0000091009820B9FFE703208DF80B000BE04C
:106EC00000980199D1F8D42201EB8201C1F8C402E3
:106ED00000208DF80B00FFE79DF80B0003B0704712
:106EE00084B0029001910298D0F8D41200EB810096
:106EF000D0F8C0020090009820B9FFE703208DF879
:106F00000F0007E001980099C1F8040200208DF8F5
:106F10000F00FFE79DF80F0004B0704785B00390A5
:106F2000029101920398D0F8D41200EB8100D0F8BE
:106F3000C0020090009820B9FFE703208DF81300ED
:106F40000BE002980099C1F8080201980099C1F875
:106F5000100200208DF81300FFE79DF8130005B024
:106F60007047000080B58AB0089007910898D0F863
:106F7000D41200EB8100D0F8C002069000208DF8FA
:106F80001500ADF812008DF81100069820B9FFE742
:106F900003208DF82700C7E00798007800F0600014
:106FA0000146039100285ED0FFE70398202840F0B7
:106FB000AE80FFE70798C088002846D0FFE7079813
:106FC00000780006002823D5FFE70898D0F8D412EF
:106FD00000EB8100D0F8C4028368079A50780699C4
:106FE000D28898470798C088082803D3FFE707206E
:106FF000029003E00798C0880290FFE70298ADF87E
:10700000160008980699BDF8162000F081F91BE0DB
:1070100007984078069981F800020798C0883F28B1
:1070200004D8FFE70798C088019002E04020019053
:10703000FFE70198069981F801020898069991F8EE
:10704000012200F037F9FFE70CE00898D0F8D412DD
:1070500000EB8100D0F8C4028368079948780022C9
:107060009847FFE75BE007984078014600910B28BE
:1070700044D80099DFE801F00641424242424242D0
:1070800042421C32089890F89C02032807D1FFE77F
:1070900008980DF11201022200F03AF907E0089871
:1070A000079900F0F9F803208DF81100FFE72DE0B3
:1070B000089890F89C02032807D1FFE708980DF183
:1070C0001501012200F024F907E00898079900F063
:1070D000E3F803208DF81100FFE717E0089890F817
:1070E0009C02032808D0FFE70898079900F0D4F81D
:1070F00003208DF81100FFE708E007E008980799E2
:1071000000F0CAF803208DF81100FFE707E00898A7
:10711000079900F0C1F803208DF81100FFE79DF8F2
:1071200011008DF82700FFE79DF827000AB080BD09
:1071300080B584B002900298D0F8D41200EB8100A0
:10714000D0F8C002019001208DF803000298D0F819
:10715000D41200EB8100D0F8C00220B9FFE7032071
:107160008DF80F002AE00198D0F8140208BBFFE761
:1071700001990120C1F814020198D0F81002029A76
:1071800040F20901C2F200010B7803F00F0303EB98
:10719000830302EB8302906102980978019BD3F884
:1071A0000822D3F8103201F0F3F800208DF8030024
:1071B000FFE79DF803008DF80F00FFE79DF80F0033
:1071C00004B080BD80B582B001908DF8031000201E
:1071D0008DF802000198D0F8B8124A689DF80310A3
:1071E000904720B1FFE703208DF80200FFE79DF8EC
:1071F000020002B080BD000080B582B00190009115
:10720000019890F89C02013802280ED8FFE70098F8
:107210004088012808D1FFE701990020C1F8A402A5
:10722000019800F08FF8FFE704E00198009900F062
:1072300033F8FFE702B080BD82B001908DF80310F3
:10724000002002B07047000082B001908DF803105A
:10725000002002B07047000080B584B00390029116
:1072600001920398029A019B0021009100F032FFE5
:10727000009804B080BD000080B584B003900291F6
:1072800001920398029A019B0021009101F080F87D
:10729000009804B080BD000080B582B001900091DC
:1072A0000198802101F02CF80198002101F028F8C4
:1072B00002B080BD80B584B0039002910192039921
:1072C0000320C1F8940201980399C1F8580101986C
:1072D0000399C1F85C010398029A019B0021009177
:1072E00000F0F8FE009804B080BD000080B582B0C8
:1072F000019001990520C1F89402019800230093A0
:1073000019461A4600F0E6FE009802B080BD000063
:1073100080B584B003900291019203990220C1F8D4
:10732000940201980399886101980399C8610398B0
:10733000029A019B0021009101F02AF8009804B004
:1073400080BD000080B582B0019001990420C1F891
:10735000940201980023009319461A4601F018F888
:10736000009802B080BD000080B582B08DF80700A3
:1073700000919DF8070060B9FFE7009A4AF6EE70A9
:10738000C0F6000040F25411C2F2000100F0DEFA33
:107390000BE0009A4AF6EE70C0F6000040F254117D
:1073A000C2F2000100F0D2FAFFE740F25410C2F23C
:1073B000000002B080BD000082B08DF8070000918F
:1073C00000991220088040F2B400C2F2000002B01E
:1073D0007047000080B582B08DF8070000919DF8DD
:1073E000070060B9FFE7009A4AF6E070C0F60000B7
:1073F00040F25411C2F2000100F0A8FA0BE0009A2A
:107400004AF6E070C0F6000040F25411C2F20001EA
:1074100000F09CFAFFE740F25410C2F2000002B004
:1074200080BD000082B08DF8070000910099042013
:10743000088040F2DC00C2F2000002B07047000099
:1074400080B584B08DF80F000291029A4AF6F97067
:10745000C0F6000040F25411C2F20001019100F0A8
:1074600075FA019804B080BD80B582B08DF8070030
:1074700000919DF8070060B9FFE7009A4BF20C00FD
:10748000C0F6000040F25411C2F2000100F05EFAB2
:107490000BE0009A4BF20C00C0F6000040F25411D1
:1074A000C2F2000100F052FAFFE740F25410C2F2BB
:1074B000000002B080BD000080B582B08DF80700EA
:1074C000009100991A200880FAF7E0F840F2E000F5
:1074D000C2F2000002B080BD80B584B0039002917A
:1074E0000298C088012805D0FFE703980299FFF7AA
:1074F000D3FE21E0039890F89C12481E01910228C7
:1075000004D3FFE7019803280AD00FE00399002075
:107510008860039800F108010122FFF7F9FE0AE0F4
:107520000398011D0122FFF7F3FE04E0039802997E
:10753000FFF7B2FEFFE7FFE704B080BD80B588B07B
:10754000079006910020ADF8160004908DF80F000A
:107550000698C078013801460291062800F21E8183
:107560000299DFE811F0070011002E001B011B013A
:10757000E80000010798D0F8B4120A68007C0DF109
:1075800016019047049013E10798007C60B9FFE76B
:107590000798D0F8B802816A0DF116008847049068
:1075A0000499022048700BE00798D0F8B802C16A2D
:1075B0000DF1160088470490049902204870FFE7F7
:1075C000F6E00698807801460191052800F2A8802F
:1075D0000199DFE801F0031E39546F8A0798D0F84B
:1075E000B402406850B1FFE70798D0F8B4124A6877
:1075F000007C0DF116019047049009E00798069968
:10760000FFF74AFE9DF80F0001308DF80F00FFE7ED
:1076100090E00798D0F8B402806850B1FFE707986F
:10762000D0F8B4128A68007C0DF1160190470490DE
:1076300009E007980699FFF72FFE9DF80F0001302B
:107640008DF80F00FFE775E00798D0F8B402C06826
:1076500050B1FFE70798D0F8B412CA68007C0DF16A
:1076600016019047049009E007980699FFF714FE69
:107670009DF80F0001308DF80F00FFE75AE00798E2
:10768000D0F8B402006950B1FFE70798D0F8B412FF
:107690000A69007C0DF116019047049009E00798F3
:1076A0000699FFF7F9FD9DF80F0001308DF80F00E6
:1076B000FFE73FE00798D0F8B402406950B1FFE718
:1076C0000798D0F8B4124A69007C0DF11601904772
:1076D000049009E007980699FFF7DEFD9DF80F007A
:1076E00001308DF80F00FFE724E00798D0F8B402CE
:1076F000806950B1FFE70798D0F8B4128A69007C1E
:107700000DF116019047049009E007980699FFF7DC
:10771000C3FD9DF80F0001308DF80F00FFE709E071
:1077200007980699FFF7B8FD9DF80F0001308DF816
:107730000F00FFE73CE00798007C48B9FFE7079897
:10774000D0F8B802416B0DF116008847049009E0AB
:1077500007980699FFF7A0FD9DF80F0001308DF8FE
:107760000F00FFE724E00798007C60B9FFE7079867
:10777000D0F8B802016B0DF1160088470490049907
:107780000720487009E007980699FFF785FD9DF8E6
:107790000F0001308DF80F00FFE709E00798069908
:1077A000FFF77AFD9DF80F0001308DF80F00FFE71D
:1077B0009DF80F0008B1FFE72AE00698C08818B3CB
:1077C000FFE7BDF81600C8B1FFE7BDF8160006993F
:1077D000C988884204DAFFE7BDF81600009003E08C
:1077E0000698C0880090FFE70098ADF8160007984B
:1077F0000499BDF81620FFF78BFD04E00798069961
:10780000FFF74AFDFFE703E00798FFF79BFDFFE75F
:1078100008B080BD80B586B005908DF8131005982E
:1078200003900598029000200190029948880978F9
:10783000884227DDFFE702980078ADF80200FFE7F5
:10784000BDF802000299498888421ADAFFE70398D6
:107850000DF1020100F034F80390039840780528F8
:107860000ED1FFE703980190019880789DF81310DE
:10787000884201D1FFE704E000200190FFE7FFE725
:10788000DEE7FFE7019806B080BD000083B00290FC
:1078900000208DF8070002980090FFE7009800781C
:1078A00048B1FFE79DF8070001308DF80700009808
:1078B00001300090F2E79DF8070003B07047000028
:1078C00083B002900191029800900098027801998B
:1078D00008881044088002980099097808440090AC
:1078E000009803B07047000080B582B0019000910D
:1078F000019890F89C02013802281FD8FFE70098F1
:10790000C088022805D0FFE701980099FFF7C4FC62
:1079100019E001990120C8600198D0F8A40230B1A3
:10792000FFE70199C86840F00200C860FFE70198CE
:1079300000F10C010222FFF7EBFC04E00198009932
:10794000FFF7AAFCFFE702B080BD000080B586B05B
:1079500005900491039200208DF80B00059808B95A
:10796000FFE73DE0059801900198FFF78FFF014682
:10797000022000EB410003990880039800780499E5
:107980009DF80B2088549DF80B0001308DF80B00FA
:1079900004999DF80B20032088549DF80B000130BA
:1079A0008DF80B00FFE701980078C8B1FFE7019858
:1079B000007804999DF80B208854019801300190BB
:1079C0009DF80B0001308DF80B0004999DF80B20F9
:1079D000002088549DF80B0001308DF80B00E2E781
:1079E00006B080BD82B08DF8070000208DF806003B
:1079F0009DF8070001460091032814D80099DFE89C
:107A000001F002060A0E00208DF806000FE00320A8
:107A10008DF806000BE001208DF8060007E003203A
:107A20008DF8060003E003208DF80600FFE79DF8BF
:107A3000060002B07047000080B584B0029001914A
:107A40008DF80320029820B9FFE703208DF80F007E
:107A500023E002990020C1F8B8020299C1F8C402DB
:107A60000299C1F8D002019828B1FFE70198029964
:107A7000C1F8B402FFE70299012081F89C029DF849
:107A8000030002990870029800F020FA8DF80200B5
:107A90009DF802008DF80F00FFE79DF80F0004B07D
:107AA00080BD000080B582B001908DF803100020E9
:107AB0008DF802008DF801000198D0F8C8029DF8F9
:107AC0000310FAF7D1FB8DF802009DF80200FFF7D2
:107AD00089FF8DF801009DF8010002B080BD000013
:107AE00080B582B001908DF8031000208DF802005F
:107AF0008DF801000198D0F8C8029DF80310FAF73C
:107B00005FFB8DF802009DF80200FFF76BFF8DF818
:107B100001009DF8010002B080BD000080B588B072
:107B200006908DF8171004929DF81700002875D163
:107B3000FFE70698143003900698D0F894020228C4
:107B40005DD1FFE703998868C968884212D9FFE7C9
:107B500003998868CA68801A886006980499039A0D
:107B60009268FFF789FB0698002319461A4600F031
:107B7000B1FA43E003988168C06888421ED1FFE7EC
:107B800003994868C968884218D3FFE7039840689A
:107B90000699D1F89812884210D2FFE70698002281
:107BA00001921146FFF768FB019B0698C0F89832D6
:107BB000069819461A4600F08DFA1EE0069890F8CD
:107BC0009C02032811D1FFE70698D0F8B802C068DC
:107BD00050B1FFE706990020C1F8D4020698D0F80A
:107BE000B812C9688847FFE7FFE70698802100F0D0
:107BF00087FB0698FFF77AFBFFE7FFE700E0FFE768
:107C0000069890F8A00240B1FFE7069800F04EFCFD
:107C10000699002081F8A002FFE740E006989DF851
:107C2000171041F08001FFF707FB8DF80A009DF85F
:107C30000A00FF2832D0FFE79DF80A0070BBFFE77B
:107C4000069890F89C02032827D1FFE706989DF834
:107C50000A1000EB8100D0F8B8024069E0B1FFE7FC
:107C60009DF80A000699C1F8D40206989DF80A10FA
:107C700000EB8101D1F8B8124A699DF817109047BE
:107C80008DF80B009DF80B0028B1FFE79DF80B0065
:107C90008DF81F0007E0FFE7FFE7FFE7FFE70020A1
:107CA0008DF81F00FFE79DF81F0008B080BD0000A1
:107CB00080B58AB008908DF81F10069200208DF8CC
:107CC00013009DF81F00002840F08380FFE708980C
:107CD00000F5AA7005900898D0F89402032876D190
:107CE000FFE705998868C96888421DD9FFE70599AB
:107CF0008868CA68801A886008980290069803907D
:107D000005998868C968884204D2FFE705988068A9
:107D1000019003E00598C0680190FFE7039902987D
:107D2000019AFFF799FA51E0089890F8AA0200F03A
:107D30001F000146009140B1FFE70098012808D0DC
:107D4000FFE7009802280CD013E000208DF8120005
:107D500013E0089890F8AE12FFF776FA8DF812004B
:107D60000BE0089890F8AE12FFF766FA8DF8120053
:107D700003E000208DF81200FFE79DF8120008BB19
:107D8000FFE7089890F89C0203281AD1FFE70898AB
:107D90009DF8121000EB8100D0F8B802006978B1AC
:107DA000FFE79DF812000899C1F8D40208989DF8E1
:107DB000121000EB8101D1F8B81209698847FFE77A
:107DC000FFE7FFE70898FFF7BDFAFFE700E0FFE7EE
:107DD00040E008989DF81F1001F07F01FFF72CFA92
:107DE0008DF812009DF81200FF2832D0FFE79DF8B1
:107DF000120070BBFFE7089890F89C0203281ED180
:107E0000FFE708989DF8121000EB8100D0F8B80247
:107E1000806998B1FFE79DF812000899C1F8D40273
:107E200008989DF8121000EB8101D1F8B8128A6908
:107E30009DF81F1090478DF81300FFE7FFE79DF8AE
:107E4000130028B1FFE79DF813008DF8270005E027
:107E5000FFE7FFE700208DF82700FFE79DF82700E8
:107E60000AB080BD81B00090002001B070470000D2
:107E700080B582B0019000208DF8030001990120A7
:107E800081F89C020198D0F8B80268B1FFE7019828
:107E9000D0F8B8124A680179904720B1FFE7032073
:107EA0008DF80300FFE7FFE79DF8030002B080BDF7
:107EB00080B582B001908DF803100198D0F8C80207
:107EC0009DF80310FAF734FA02B080BD80B584B093
:107ED000039003980078A8BBFFE7039941F6C00020
:107EE000C2F200000290C0F808150399C1F8C80258
:107EF0004FF0A0410160042141600222C2600021D4
:107F000001618261C16101624162C1620163FAF78C
:107F1000C9FF18B1FFE7F9F7B5FBFFE741F6C0006D
:107F2000C2F20000019080210091FAF783F80198D5
:107F300000214022FAF78AF8009A01980121FAF705
:107F400085F8FFE7002004B080BD000084B00290F7
:107F50008DF807100298D0F8C80200909DF807002D
:107F6000000600280ED5FFE700989DF8071001F0E5
:107F70007F0101EBC10100EB810090F83E008DF81C
:107F80000F000DE000989DF8071001F07F0101EB54
:107F9000C10100EB810090F87E028DF80F00FFE731
:107FA0009DF80F0004B0704780B584B002908DF842
:107FB00007100298D0F8D41200EB8100D0F8B80274
:107FC00020B9FFE703208DF80F0020E0029890F819
:107FD0009C02032817D1FFE70298D0F8D41200EBD7
:107FE0008100D0F8B802006A60B1FFE70298D0F8CB
:107FF000D41200EB8101D1F8B8120A6A9DF807107B
:108000009047FFE7FFE700208DF80F00FFE79DF89E
:108010000F0004B080BD000080B584B002908DF8E0
:1080200007100298D0F8D41200EB8100D0F8B80203
:1080300020B9FFE703208DF80F0020E0029890F8A8
:108040009C02032817D1FFE70298D0F8D41200EB66
:108050008100D0F8B802406A60B1FFE70298D0F81A
:10806000D41200EB8101D1F8B8124A6A9DF80710CA
:108070009047FFE7FFE700208DF80F00FFE79DF82E
:108080000F0004B080BD000080B584B003908DF86F
:108090000B108DF80A20ADF8083000208DF807008D
:1080A0008DF806000398D0F8C8029DF80B10BDF8B3
:1080B00008209DF80A30FAF74DF98DF807009DF871
:1080C0000700FFF78FFC8DF806009DF8060004B04E
:1080D00080BD000080B586B005908DF81310039226
:1080E000029300208DF807008DF806000598D0F85F
:1080F000C8029DF81310039A029BFAF7A1F98DF8B4
:1081000007009DF80700FFF76DFC8DF806009DF84D
:10811000060006B080BD000080B586B00590002046
:108120008DF81300059A012182F89C120599C1F877
:108130009402059948600599C1F8A402059981F84F
:10814000A0020598D0F8B802A0B1FFE70598D0F8D2
:10815000B802406868B1FFE70598D0F8B8124A68DD
:108160000179904720B1FFE703208DF81300FFE766
:10817000FFE7FFE705980022019240230393114691
:10818000FFF782FF019A039B059901200290A1F855
:1081900064010598C0F8603105988021FFF774FFED
:1081A00002990398059A9184059908629DF8130035
:1081B00006B080BD81B00090009890F89C02042821
:1081C00007D1FFE7009890F89D02009981F89C0282
:1081D000FFE7002001B0704780B582B001900198A0
:1081E00090F89C02032813D1FFE70198D0F8B80259
:1081F00068B1FFE70198D0F8B802C06930B1FFE775
:108200000198D0F8B812C9698847FFE7FFE7FFE790
:10821000002002B080BD000082B001908DF80310F4
:108220009DF8030001990874002002B07047000017
:1082300080B582B001908DF8031000208DF8020007
:108240008DF801000198D0F8C8029DF80310FBF7E3
:1082500019F88DF802009DF80200FFF7C3FB8DF8B6
:1082600001009DF8010002B080BD000080B584B01F
:1082700003900291039800F2AA20029900F0AAF854
:1082800003990120C1F894020399B1F8B002C1F832
:108290009802039890F8AA0200F01F00014600918E
:1082A00040B1FFE7009801280CD0FFE700980228B2
:1082B00010D017E0039800F2AA2100F04FFA8DF8D1
:1082C000070019E0039800F2AA2100F083FC8DF862
:1082D000070011E0039800F2AA2100F0A5FA8DF83A
:1082E000070009E0039890F8AA1201F0800100F05D
:1082F00007F88DF80700FFE79DF8070004B080BD80
:1083000080B582B001908DF8031000208DF8020036
:108310008DF801000198D0F8C8029DF80310FAF713
:10832000D3F88DF802009DF80200FFF75BFB8DF893
:1083300001009DF8010002B080BD000080B582B050
:10834000019000208DF803008DF802000198D0F80C
:10835000C802FAF7D3FF8DF803009DF80300FFF77A
:1083600041FB8DF802009DF8020002B080BD0000C4
:1083700081B00090009890F89C02009981F89D02CD
:108380000099042081F89C02002001B07047000091
:1083900080B586B005908DF81310039202930020EB
:1083A0008DF807008DF806000598D0F8C8029DF8F2
:1083B0001310039A029BFAF7F7F88DF807009DF85F
:1083C0000700FFF70FFB8DF806009DF8060006B0CA
:1083D00080BD000080B584B00390029102980190A6
:1083E0000198007803990870019801300190019874
:1083F0000078039948700198013001900198FDF7C9
:108400004FFC039948800198013001900198013098
:1084100001900198FDF744FC039988800198013090
:1084200001900198013001900198FDF739FC039902
:10843000C88004B080BD000080B584B00290019176
:108440000020ADF80200019820B9FFE703208DF865
:108450000F0026E001980299C1F8B8020298D0F8FE
:10846000D41200EB8100D0F8B802C06A78B1FFE7FF
:108470000298D0F8D41200EB8100D0F8B802C16A9B
:108480000DF1020088470299C1F8D002FFE7029976
:10849000D1F8D8020130C1F8D80200208DF80F00C1
:1084A000FFE79DF80F0004B080BD000081B0009090
:1084B000002001B07047000080B584B003900291A5
:1084C00002988088B8BBFFE70298C08898BBFFE796
:1084D000029840887F282ED8FFE70298807800F025
:1084E0007F008DF80700039890F89C02032805D1BF
:1084F000FFE703980299FEF7CFFE1BE09DF8070007
:10850000039981F89E0203989DF80710FFF790FEEB
:108510000398FEF717FF9DF8070028B1FFE70399BE
:10852000022081F89C0204E00399012081F89C025A
:10853000FFE7FFE704E003980299FEF7ADFEFFE7CF
:1085400004B080BD80B582B001908DF8031000208A
:108550008DF802000198D0F8B80250B1FFE70198F9
:10856000D0F8B8120A689DF8031090478DF8020001
:10857000FFE79DF8020002B080BD000080B586B024
:108580000490039100208DF80B000398817840F24D
:108590005010C2F2000001700078022808D3FFE7F3
:1085A00004980399FEF778FE03208DF81700A0E0E9
:1085B000049890F89C0201460191022804D0FFE73C
:1085C000019803282FD07FE040F25010C2F2000043
:1085D000007818B3FFE740F25011C2F200010878AA
:1085E000049A506004980978FFF7ACFF8DF80B00EF
:1085F0009DF80B0048B1FFE704980399FEF74CFE85
:108600000499022081F89C0207E00498FEF79AFE84
:108610000499032081F89C02FFE703E00498FEF729
:1086200091FEFFE760E040F25010C2F200000078D7
:1086300098B9FFE70499022081F89C0240F250119A
:10864000C2F200010878049A506004980978FEF795
:10865000B9FD0498FEF776FE35E040F25010C2F204
:108660000000007804994968884227D0FFE7049801
:108670000179FEF7A7FD40F25011C2F2000108781F
:10868000049A506004980978FFF75CFF8DF80B009E
:108690009DF80B0068B1FFE704980399FEF7FCFD15
:1086A00004980179FEF78EFD0499022081F89C025E
:1086B00003E00498FEF746FEFFE703E00498FEF7A8
:1086C00041FEFFE7FFE70FE004980399FEF7E4FDA2
:1086D000049840F25011C2F200010978FEF772FDD1
:1086E00003208DF80B00FFE79DF80B008DF81700B5
:1086F000FFE79DF8170006B080BD000080B582B08E
:108700000190009100984088012808D1FFE7019965
:108710000120C1F8A4020198FEF714FE13E00098AE
:108720004088022809D1FFE700984079019981F833
:10873000A0020198FEF706FE04E001980099FEF7FA
:10874000ABFDFFE7FFE702B080BD000080B582B05F
:1087500001900198FFF7F2FD02B080BD80B586B0B0
:108760000590049100208DF80F000498007800F027
:10877000600001460291A8B1FFE70298202804D0CA
:10878000FFE70298402846D1FFE70598D0F8D412B9
:1087900000EB8101D1F8B8128A68049990478DF8EE
:1087A0000F003DE0049840780146019109282CD83B
:1087B0000199DFE801F01B252A202A0A052A160F55
:1087C00005980499FEF7BAFE24E005980499FFF78E
:1087D00073FE1FE005980499FFF7D0FE8DF80F0097
:1087E00018E005980499FEF777FE13E005980499C0
:1087F000FFF77AF80EE005980499FFF77FFF09E08C
:1088000005980499FEF7F8FC04E005980499FEF732
:1088100043FDFFE704E005980499FEF73DFDFFE7FF
:108820009DF80F0006B080BD80B58CB00B900A910A
:1088300000208DF821000A9880888DF823000A987E
:10884000007800F0600001460791B8B3FFE7079891
:10885000202805D0FFE70798402840F0B281FFE7C5
:108860000B989DF82310FEF7E7FC8DF822009DF889
:108870002200FF2821D0FFE79DF82200E8B9FFE79A
:108880009DF822000B99C1F8D4020B989DF8221094
:1088900000EB8100D0F8B802806868B1FFE70B9860
:1088A0009DF8221000EB8101D1F8B8128A680A996C
:1088B00090478DF82100FFE7FFE787E10A984078AD
:1088C00001460691002800F0BD80FFE706980128C8
:1088D0004CD0FFE70698032840F06D81FFE70B9826
:1088E00090F89C0201460591022804D0FFE7059804
:1088F000032819D034E09DF8230078B1FFE79DF8F4
:10890000230080280AD0FFE70B989DF82310FFF77B
:10891000F7FC0B988021FFF7F3FC04E00B980A9911
:10892000FEF7BAFCFFE720E00A984088A0B9FFE70D
:108930009DF8230078B1FFE79DF8230080280AD036
:10894000FFE70A98C08830B9FFE70B989DF823101D
:10895000FFF7D6FCFFE7FFE70B98FEF7F3FC04E018
:108960000B980A99FEF798FCFFE729E10B9890F81D
:108970009C0201460491022804D0FFE704980328D2
:1089800019D059E09DF8230078B1FFE79DF8230046
:1089900080280AD0FFE70B989DF82310FFF7B0FC62
:1089A0000B988021FFF7ACFC04E00B980A99FEF7C6
:1089B00073FCFFE745E00A984088E0BBFFE79DF8BD
:1089C0002300400630B1FFE70B989DF82310FFF716
:1089D00069F8FFE70B98FEF7B5FC0B989DF823109C
:1089E000FEF72AFC8DF822009DF82200FF2821D0F6
:1089F000FFE79DF82200E8B9FFE79DF822000B99F8
:108A0000C1F8D4020B989DF8221000EB8100D0F839
:108A1000B802806868B1FFE70B989DF8221000EB60
:108A20008101D1F8B8128A680A9990478DF821001F
:108A3000FFE7FFE7FFE704E00B980A99FEF72CFC3D
:108A4000FFE7BDE00B9890F89C02014603910228D5
:108A500004D0FFE70398032838D0A6E09DF8230050
:108A600050B1FFE79DF82300802805D0FFE70B9861
:108A70000A99FEF711FC9DE09DF8230000060028EE
:108A80000CD5FFE70B989DF8231001F07F0101EB57
:108A9000810100EB8100143002900CE00B989DF8EE
:108AA000231001F07F0101EB810100EB810000F553
:108AB000AA700290FFE702980990099900200860C7
:108AC0000B9809990222FEF723FC73E09DF823001E
:108AD0000006002812D5FFE70B989DF8231001F03F
:108AE0000F0101EB810100EB8100808C28B9FFE7C9
:108AF0000B980A99FEF7D0FB5CE012E00B989DF80A
:108B0000231001F00F0101EB810100EB8100B0F8AF
:108B1000640128B9FFE70B980A99FEF7BDFB49E00D
:108B2000FFE79DF82300000600280CD5FFE70B980F
:108B30009DF8231001F07F0101EB810100EB810022
:108B4000143001900CE00B989DF8231001F07F0188
:108B500001EB810100EB810000F5AA700190FFE7B5
:108B6000019809909DF8230028B1FFE79DF82300A4
:108B7000802804D1FFE70999002008600FE00B98D6
:108B80009DF82310FFF7E2F920B1FFE709990120D2
:108B9000086003E0099900200860FFE7FFE70B98F1
:108BA00009990222FEF7B4FB04E00B980A99FEF73C
:108BB00073FBFFE704E00B980A99FEF76DFBFFE7F4
:108BC00004E00B980A99FEF767FBFFE79DF8210088
:108BD0000CB080BD80B584B00390029100208DF868
:108BE00007000298007800F060000146009140B153
:108BF000FFE70098202804D0FFE7009840285AD1CA
:108C0000FFE7039890F89C02013802284DD8FFE74F
:108C100002980079012842D8FFE703980299097960
:108C2000FEF712FB8DF806009DF80600FF2825D000
:108C3000FFE79DF8060008BBFFE703989DF80610C4
:108C400000EB8100D0F8B802806890B1FFE79DF892
:108C500006000399C1F8D40203989DF8061000EBB2
:108C60008101D1F8B8128A68029990478DF80700FF
:108C700003E003208DF80700FFE703E003208DF8F1
:108C80000700FFE70298C08840B9FFE79DF807009A
:108C900020B9FFE70398FEF755FBFFE704E00398D0
:108CA0000299FEF7F9FAFFE704E003980299FEF74C
:108CB000F3FAFFE704E003980299FEF7EDFAFFE705
:108CC0009DF8070004B080BD81B0009001B07047EE
:108CD00081B0009040F25430C2F2000001B0704701
:108CE00084B003900291039801900298007800905C
:108CF00002984078012830D1FFE70298007800F010
:108D00000F01012000FA01F20199D1F81C0810436B
:108D1000C1F81C080198009900EB4110D0F8000937
:108D20000004002818D4FFE70299C8686FF3DF2019
:108D3000097940EA8140009A40EA8250019901EBAA
:108D40004211D1F80029104348F20002C1F200029A
:108D50001043C1F80009FFE72EE00298007800F008
:108D60000F01012000FA01F20199D1F81C0840EA34
:108D70000240C1F81C080198009900EB4110D0F89E
:108D8000000B0004002816D4FFE70299C8686FF3AF
:108D9000DF20097940EA81400199009A01EB4211F4
:108DA000D1F8002B104348F20002C1F20002104338
:108DB000C1F8000BFFE7FFE7002004B07047000098
:108DC00082B00190019800900099D1F8000940F21A
:108DD000FF729043C1F800090099D1F8040840F4EB
:108DE0008070C1F80408002002B070472DE9F04FF0
:108DF00091B00191DDF88CB0DDF888A0DDF88490A9
:108E0000DDF880801F9F1E9E1D9D1C9CDDF86CE080
:108E1000DDF868C001990199CDF840B0CDF83CA0CB
:108E2000CDF83890CDF834800C970B960A950994BC
:108E3000CDF820E0CDF81CC0069305920491039074
:108E40000998012822D1FFE70399886B20F480302C
:108E500088630399C8684FF6BF72CFF6BD721040A1
:108E6000C8600399C86820F44010C86010980128B1
:108E700006D1FFE70399C86840F48010C860FFE797
:108E8000039800F031F88DF80B0019E00399C868D9
:108E900040F04000C860039800F026F88DF80B0001
:108EA0000D9830B9FFE70399886B40F480308863F0
:108EB00005E00399886B20F480308863FFE7FFE7C3
:108EC000079801280BD1FFE70399886840F0060056
:108ED00088600399886840F020008860FFE79DF86B
:108EE0000B0011B0BDE8F08F83B00190002000901E
:108EF000FFE7009801300090009840F64151C0F221
:108F00000301884204D3FFE703208DF80B0028E01B
:108F1000FFE701980069C00F0028EAD0FFE70020B2
:108F200000900199086940F001000861FFE700988E
:108F300001300090009840F64151C0F20301884290
:108F400004D3FFE703208DF80B000AE0FFE7019848
:108F50000069C0070028EAD1FFE700208DF80B0068
:108F6000FFE79DF80B0003B07047000084B003904A
:108F7000029103980190029800780090029840783E
:108F8000012845D1FFE70198009900EB4110D0F886
:108F90000009C00FA8B1FFE70198009900EB41114B
:108FA000D1F8000940F00060C1F80009019800996B
:108FB00000EB4111D1F8000940F08040C1F80009F0
:108FC000FFE70298007800F00F01012000FA01F39A
:108FD000019AD2F83C189943C2F83C1802990978D2
:108FE00001F00F0100FA01F20199D1F81C08904339
:108FF000C1F81C080198009900EB4111D1F8000953
:1090000047F60002CEF633421040C1F8000946E0B0
:109010000198009900EB4110D0F8000BC00FA8B1E7
:10902000FFE70198009900EB4111D1F8000B40F0E7
:109030000060C1F8000B0198009900EB4111D1F8D4
:10904000000B40F08040C1F8000BFFE70298007869
:1090500000F00F01012000FA01F3019AD2F83C1848
:1090600021EA0341C2F83C180299097801F00F0186
:1090700000FA01F20199D1F81C0820EA0240C1F877
:109080001C080198009900EB4111D1F8000B47F63C
:109090000002CEF6F3721040C1F8000BFFE700208B
:1090A00004B0704782B00190019800900099D1F807
:1090B000000E20F00300C1F8000E0099D1F804085A
:1090C00020F00200C1F80408002002B07047000040
:1090D00082B00190019800900099D1F8000E20F024
:1090E0000300C1F8000E0099D1F8040840F0020016
:1090F000C1F80408002002B0704700002DE9F04FCD
:1091000093B00191DDF894B0DDF890A0DDF88C907B
:10911000DDF88880219F209E1F9D1E9CDDF874E055
:10912000DDF870C001990199CDF848B0CDF844A0A0
:10913000CDF84090CDF83C800E970D960C950B9491
:10914000CDF828E0CDF824C0089307920691059049
:1091500000208DF81300059903910290FFE7029813
:109160000E280CD8FFE70598029900EB810100203A
:10917000C1F80401FFE7029801300290EFE7109870
:10918000B8B9FFE70399D1F8040840F00200C1F82C
:1091900004080599886B40F4001088630599886B72
:1091A00020F4002088630599886B20F48020886370
:1091B0000AE00599886B20F4001088630599886B94
:1091C00040F400208863FFE703990020C1F8000EF7
:1091D0000399D1F80008C1F800080B9801280ED1B6
:1091E000FFE7089828B9FFE70598002100F038FF4D
:1091F00004E00598012100F033FFFFE704E0059843
:10920000032100F02DFFFFE70598102100F05EFD1F
:1092100020B1FFE701208DF81300FFE7059800F06B
:1092200015FD20B1FFE701208DF81300FFE703993A
:109230000020C1F810080399C1F814080399C1F877
:109240001C080290FFE70298069988423BD2FFE78C
:109250000398029900EB4110D0F80009C00FB0B19B
:10926000FFE7029848B9FFE70398029900EB411124
:109270004FF00060C1F8000908E00398029900EB84
:1092800041114FF09040C1F80009FFE707E0039853
:10929000029900EB41110020C1F80009FFE7039893
:1092A000029900EB41110020C1F8100903980299BE
:1092B00000EB41114FF67F30C1F80809FFE7029833
:1092C00001300290BFE700200290FFE70298069964
:1092D00088423BD2FFE70398029900EB4110D0F897
:1092E000000BC00FB0B1FFE7029848B9FFE7039841
:1092F000029900EB41114FF00060C1F8000B08E04B
:109300000398029900EB41114FF09040C1F8000B17
:10931000FFE707E00398029900EB41110020C1F834
:10932000000BFFE70398029900EB41110020C1F800
:10933000100B0398029900EB41114FF67F30C1F8F2
:10934000080BFFE7029801300290BFE70399D1F8BC
:10935000100820F48070C1F8100805990020886179
:1093600005996FF080404861099830B9FFE7059989
:10937000886940F010008861FFE70599886943F625
:109380000002C8F23C02104388610C9830B1FFE73C
:109390000599886940F008008861FFE71098012866
:1093A00008D1FFE7059988690422C4F2000210433E
:1093B0008861FFE79DF8130013B0BDE8F08F00004F
:1093C00081B000900099886820F00100886000203A
:1093D00001B0704785B0049003918DF80B2004987C
:1093E000019003980078009003984078012840F09D
:1093F0009580FFE703988069F8B9FFE70198009925
:1094000000EB4111D1F810096FF3DC40C1F81009ED
:109410000198009900EB4111D1F8100940F40020A7
:10942000C1F810090198009900EB4111D1F8100919
:109430006FF31200C1F8100935E00198009900EBB4
:109440004111D1F810096FF31200C1F81009019809
:10945000009900EB4111D1F810096FF3DC40C1F81D
:1094600010090398C1688069884204D9FFE703990D
:10947000C8688861FFE70198009900EB4111D1F8B5
:10948000100940F40020C1F81009039882696FF3B5
:10949000DF420198009900EB4111D1F81009104307
:1094A000C1F81009FFE79DF80B00012818D1FFE76C
:1094B0000398406948B1FFE7039840690199009A11
:1094C00001EB4211C1F81409FFE70198009900EB84
:1094D0004111D1F8000940F00440C1F800091CE036
:1094E0000198009900EB4111D1F8000940F00440C7
:1094F000C1F800090398806970B1FFE7039800780C
:1095000000F00F01012000FA01F20199D1F83408AE
:109510001043C1F83408FFE7FFE753E001980099D2
:1095200000EB4111D1F8100B6FF31200C1F8100BD2
:109530000198009900EB4111D1F8100B6FF3DC405A
:10954000C1F8100B0398806920B1FFE70399C86840
:109550008861FFE70399C868C8610198009900EB2A
:109560004111D1F8100B40F40020C1F8100B039802
:10957000C2696FF3DF420198009900EB4111D1F805
:10958000100B1043C1F8100B9DF80B0001280ED1F1
:10959000FFE70398006948B1FFE703980069019964
:1095A000009A01EB4211C1F8140BFFE7FFE70198A5
:1095B000009900EB4111D1F8000B40F00440C1F8D4
:1095C000000BFFE7002005B07047000086B0049054
:1095D0008DF80F100292049801900498006C00908E
:1095E000009843F20B01C4F6547188420BD3FFE795
:1095F0000198D0F8000BC00F20B1FFE700208DF8D4
:1096000017002EE0FFE701990020C1F8100B019927
:10961000D1F8100B40F40020C1F8100B0199D1F8DB
:10962000100B40F01800C1F8100B0199D1F8100B85
:1096300040F0C040C1F8100B9DF80F0001280CD17C
:10964000FFE702980199C1F8140B0199D1F8000BBA
:1096500040F08020C1F8000BFFE700208DF81700D4
:10966000FFE79DF8170006B07047000084B0039034
:109670000291039801900298007800900298407837
:10968000012820D1FFE70198009900EB4111D1F8A2
:10969000000920F40010C1F800090298007903289D
:1096A00005D0FFE70298007902280BD1FFE7019867
:1096B000009900EB4111D1F8000940F08050C1F849
:1096C0000009FFE71FE00198009900EB4111D1F874
:1096D000000B20F40010C1F8000B02980079032859
:1096E00005D0FFE70298007902280BD1FFE7019827
:1096F000009900EB4111D1F8000B40F08050C1F807
:10970000000BFFE7FFE7002004B0704784B0039030
:109710000291039801900298007800900298407896
:10972000012822D1FFE70198009900EB4110D0F801
:109730000009C00F70B9FFE7009858B1FFE7019822
:10974000009900EB4111D1F8000920F08040C1F8E8
:109750000009FFE70198009900EB4111D1F80009D9
:1097600040F40010C1F8000921E00198009900EBD5
:109770004110D0F8000BC00F70B9FFE7009858B146
:10978000FFE70198009900EB4111D1F8000B20F0A0
:109790008040C1F8000BFFE70198009900EB4111F0
:1097A000D1F8000B40F40010C1F8000BFFE70020D7
:1097B00004B0704780B588B0079006918DF81720E7
:1097C000079804900698007803900698407801283E
:1097D00040F00381FFE706988069F8B9FFE7049835
:1097E000039900EB4111D1F810096FF3DC40C1F887
:1097F00010090498039900EB4111D1F8100940F4C5
:109800000020C1F810090498039900EB4111D1F828
:1098100010096FF31200C1F8100950E00498039981
:1098200000EB4111D1F810096FF31200C1F81009D3
:109830000498039900EB4111D1F810096FF3DC4053
:10984000C1F810090698C168806908440138B0FB66
:10985000F1F10020C1F6F87000EAC14204980399C2
:1098600000EB4111D1F810091043C1F81009069816
:1098700082696FF3DF420498039900EB4111D1F83C
:1098800010091043C1F8100906980079012815D174
:10989000FFE70498039900EB4111D1F8100920F07B
:1098A000C040C1F810090498039900EB4111D1F8A8
:1098B000100940F00050C1F81009FFE7FFE79DF8DC
:1098C000170001283BD1FFE70698406948B1FFE740
:1098D000069840690499039A01EB4211C1F81409F2
:1098E000FFE70698007901281ED1FFE70498D0F819
:1098F0000808C00500280BD4FFE70498039900EB83
:109900004111D1F8000940F00050C1F800090AE007
:109910000498039900EB4111D1F8000940F0805000
:10992000C1F80009FFE7FFE70498039900EB411134
:10993000D1F8000940F00440C1F800094CE0049857
:10994000039900EB4111D1F8000940F00440C1F83F
:10995000000906980079012813D0FFE7069880696E
:1099600070B1FFE70698007800F00F01012000FABF
:1099700001F20499D1F834081043C1F83408FFE724
:1099800029E00498D0F80808C00500280BD4FFE7A8
:109990000498039900EB4111D1F8000940F0005000
:1099A000C1F800090AE00498039900EB4111D1F8CD
:1099B000000940F08050C1F80009FFE70798069BB6
:1099C00019691A781B8B9DF817C0EE46CEF800C0B7
:1099D00000F036FCFFE7FFE79DE00498039900EBF9
:1099E0004111D1F8100B6FF31200C1F8100B04985D
:1099F000039900EB4111D1F8100B6FF3DC40C1F873
:109A0000100B06988069C0B9FFE70698C2686FF32B
:109A1000DF420498039900EB4111D1F8100B104379
:109A2000C1F8100B0498039900EB4111D1F8100B09
:109A300040F40020C1F8100B2CE00698C168806942
:109A400008440138B0FBF1F0ADF80A000699C86887
:109A5000BDF80A205043C861BDF80A100020C1F6C5
:109A6000F87000EAC1420498039900EB4111D1F863
:109A7000100B1043C1F8100B0698C2696FF3DF4258
:109A80000498039900EB4111D1F8100B1043C1F871
:109A9000100BFFE79DF8170001280ED1FFE706988D
:109AA000006948B1FFE7069800690499039A01EB41
:109AB0004211C1F8140BFFE7FFE70698007901286F
:109AC0001ED1FFE70498D0F80808C00500280BD481
:109AD000FFE70498039900EB4111D1F8000B40F027
:109AE0000050C1F8000B0AE00498039900EB411103
:109AF000D1F8000B40F08050C1F8000BFFE7FFE702
:109B00000498039900EB4111D1F8000B40F0044098
:109B1000C1F8000BFFE7002008B080BD85B00490BD
:109B20000391002002908DF807000498009003989C
:109B3000407801283ED1FFE700980399097800EBAF
:109B40004110D0F80009C00F98B3FFE700980399BF
:109B5000097800EB4111D1F8000940F00060C1F82C
:109B6000000900980399097800EB4111D1F8000928
:109B700040F08040C1F80009FFE7029801300290F0
:109B8000029842F21171884204D3FFE701208DF858
:109B900007000DE0FFE700980399097800EB4110FA
:109BA000D0F8000900F00040B0F1004FE5D0FFE729
:109BB000FFE73DE000980399097800EB4110D0F8E9
:109BC000000BC00F98B3FFE700980399097800EBEA
:109BD0004111D1F8000B40F00060C1F8000B009873
:109BE0000399097800EB4111D1F8000B40F0804057
:109BF000C1F8000BFFE7029801300290029842F290
:109C00001171884204D3FFE701208DF807000DE0B1
:109C1000FFE700980399097800EB4110D0F8000B9A
:109C200000F00040B0F1004FE5D0FFE7FFE7FFE7AD
:109C30009DF8070005B0704781B0009000998868D2
:109C400040F001008860002001B0704783B00190AF
:109C500000200090FFE7009801300090009840F647
:109C60004151C0F20301884204D3FFE703208DF87D
:109C70000B0027E0FFE701980069C00F0028EAD039
:109C8000FFE700200090019910200861FFE700988D
:109C900001300090009840F64151C0F20301884223
:109CA00004D3FFE703208DF80B000BE0FFE70198DA
:109CB000006900F010001028E9D0FFE700208DF8BF
:109CC0000B00FFE79DF80B0003B0704784B00290D3
:109CD000019100200090FFE700980130009000986B
:109CE00040F64151C0F20301884204D3FFE703204C
:109CF0008DF80F0029E0FFE702980069C00F0028E7
:109D0000EAD0FFE7002000900198800120300299FE
:109D10000861FFE7009801300090009840F641513B
:109D2000C0F20301884204D3FFE703208DF80F003F
:109D30000BE0FFE70298006900F020002028E9D03E
:109D4000FFE700208DF80F00FFE79DF80F0004B03B
:109D50007047000084B00390039802900298D0F8F6
:109D6000080800F006000090009820B9FFE70020E6
:109D70008DF8070010E00098022804D0FFE7009853
:109D8000062804D1FFE702208DF8070003E00F202A
:109D90008DF80700FFE7FFE79DF8070004B0704764
:109DA00081B000900098406900F0010001B0704758
:109DB00083B00290029801900198D0F818080090A2
:109DC0000198D0F81C18009808400090BDF80000D9
:109DD00003B0704783B00290029801900198D0F8C8
:109DE000180800900198D0F81C18009808400090BE
:109DF000BDF8020003B0704786B005908DF81310CF
:109E0000059803900398D0F8100801900398D0F8B3
:109E10003408009000989DF8131001F00F01C8401D
:109E200000F00101019840EAC110019003989DF8EB
:109E3000131000EB4110D0F8080901990840029076
:109E4000029806B07047000084B003908DF80B10A4
:109E50000398019001989DF80B1000EB4110D0F889
:109E6000080B00900198D0F8141800980840009052
:109E7000009804B07047000082B0019001984069DA
:109E8000009001988169009808400090009802B005
:109E90007047000089B008900791ADF81A20089823
:109EA000059007980490BDF81A0080080190BDF84D
:109EB0001A0000F00300ADF8020000200290FFE756
:109EC00002980199884217D2FFE705984FF4805114
:109ED00040580499086004980130049004980130B7
:109EE0000490049801300490049801300490FFE736
:109EF000029801300290E3E7BDF8020008B3FFE7E3
:109F00000020029005984FF4805140580390FFE7DD
:109F100003989DF80810C900C84004990870029879
:109F200001300290049801300490BDF8020001381D
:109F3000ADF80200FFE7BDF802000028E8D1FFE716
:109F4000FFE7049809B0704780B586B004908DF89B
:109F50000F10002002900499C86820F0C040C8602B
:109F60009DF80F00012823D1FFE70499C86840F04D
:109F70000050C860FFE70120F7F786FD0298013026
:109F80000290FFE70498FFF70BFF0146002001292C
:109F9000019007D0FFE702990020322938BF012045
:109FA0000190FFE70198C0070028E4D1FFE72AE00D
:109FB0009DF80F0010BBFFE70499C86840F080408F
:109FC000C860FFE70120F7F75FFD029801300290BB
:109FD000FFE70498FFF7E4FE01460020009039B146
:109FE000FFE702990020322938BF01200090FFE7E7
:109FF0000098C0070028E5D1FFE703E001208DF8B5
:10A0000017000CE0FFE70298322804D1FFE7012097
:10A010008DF8170003E000208DF81700FFE79DF88A
:10A02000170006B080BD000083B002908DF80710C5
:10A03000029800900099D1F8000820F4FE60C1F861
:10A0400000089DF8070000F07F020099D1F8000891
:10A0500040EA0210C1F80008002003B07047000079
:10A0600083B002908DF80710029800909DF80720A9
:10A070000099D1F800081043C1F80008002003B08F
:10A080007047000084B0039002918DF807209DF87E
:10A090000700022840F0B880FFE702984AF6C04166
:10A0A000C0F2D80188420BD3FFE702984EF2BF11ED
:10A0B000C0F2E401884203D8FFE70F200090A2E03D
:10A0C00002984EF2C011C0F2E40188420BD3FFE7C0
:10A0D000029842F2FF31C0F2F401884203D8FFE750
:10A0E0000E2000908EE0029842F20041C0F2F4018E
:10A0F00088420BD3FFE7029847F27F31C0F2061186
:10A10000884203D8FFE70D2000907AE0029847F2DA
:10A110008031C0F2061188420BD3FFE7029844F663
:10A120009F11C0F21A11884203D8FFE70C2000905B
:10A1300066E0029844F6A011C0F21A1188420BD3CF
:10A14000FFE7029842F6FF41C0F23111884203D87E
:10A15000FFE70B20009052E0029842F60051C0F257
:10A16000311188420BD3FFE702984AF23F41C0F217
:10A170004C11884203D8FFE70A2000903EE0029885
:10A180004AF24041C0F24C1188420BD3FFE70298DB
:10A1900043F2FF51C0F26E11884203D8FFE7092055
:10A1A00000902AE0029843F20061C0F26E118842EA
:10A1B0000BD3FFE702984AF61F31C0F2A61188427E
:10A1C00003D8FFE70820009016E002984AF62031F5
:10A1D000C0F2A61188420BD3FFE7029844F2FF7148
:10A1E000C0F2E811884203D8FFE70720009002E0A0
:10A1F00006200090FFE7FFE7FFE7FFE7FFE7FFE745
:10A20000FFE7FFE7FFE70AE09DF8070018B9FFE75F
:10A210000920009002E009200090FFE7FFE7039982
:10A22000C86820F47050C860009800F00F020399CD
:10A23000C86840EA8220C860002004B0704700006F
:10A2400080B588B084460A98CDF81CC006918DF878
:10A250001720ADF814308DF8130007980390069876
:10A2600002909DF8130048BBFFE7BDF814000330CF
:10A270008008019000200090FFE700980199884233
:10A280001BD2FFE70298006803999DF8172001EBA5
:10A2900002314FF4805288500298013002900298A7
:10A2A0000130029002980130029002980130029031
:10A2B000FFE7009801300090DFE7FFE7002008B0DB
:10A2C00080BD0000FFE7FEE781B08DF803009DF937
:10A2D000030000280ED4FFE79DF9031001F01F02D0
:10A2E000012090404A094EF20011CEF2000141F8DF
:10A2F0002200FFE701B070474EF60C50CEF200008E
:10A300000068C0F30220704782B08DF8070000910A
:10A310009DF9070000280AD4FFE7009800019DF985
:10A3200007104EF20042CEF2000288540BE0009873
:10A3300000019DF8071001F00F014EF61452CEF205
:10A3400000028854FFE702B07047000083B002901B
:10A35000029800F0070000904EF60C51CEF200017A
:10A360000868019001984FF6FF0210400190019893
:10A37000009A40EA02200022C0F2FA5210430190F3
:10A380000198086003B0704780B541F6D870C2F2FA
:10A3900000000078C8B1FFE7F7F78CFD41F6D871EF
:10A3A000C2F200014968401A33280DD3FFE74BF28F
:10A3B0005800C0F60000FAF7F5FD41F6D871C2F278
:10A3C000000100200870FFE7FFE780BD80B582B084
:10A3D000019000919DF80400FBF736FC019802B053
:10A3E00080BD000080B582B0002000900190F7F79A
:10A3F00075FDFBF713FDFAF72DFEFAF7FDFFFAF7EF
:10A40000DBFFFAF799FFFAF701FEFAF745FFFAF7D3
:10A410006BFF41F67C60C2F20000F9F719FF009B68
:10A4200040F20000C2F200004FF4806219464FF083
:10A43000FF30FCF759F94FF47A70F7F725FB4AF62D
:10A44000CC70C0F6000000F0EDF8FFE7FBF784F9F0
:10A45000FCF7E4F8FBF740FCF8E7000041F67C600D
:10A46000C2F200000068406A7047000080B582B008
:10A47000019001984BF27701C0F60001F5F7E3FE79
:10A4800000900098D0B1FFE7009804300090009849
:10A49000F5F70EFF014641F6D470C2F200000160EC
:10A4A00041F6D872C2F200020021117001684BF22D
:10A4B0006800C0F6000000F0B5F8FFE702B080BD0C
:10A4C00080B584B0FFE70DF10F0000F03DF8C0B398
:10A4D000FFE79DF80F000A2813D1FFE741F66C70E3
:10A4E000C2F200000190028841F60870C2F200003A
:10A4F000002102918154FFF7B9FF01990298088069
:10A500001EE041F66C70C2F20000008862280FDC89
:10A51000FFE79DF80F0041F66C73C2F200031A8842
:10A52000511C198041F60871C2F20001885406E0FE
:10A5300041F66C71C2F2000100200880FFE7FFE7DE
:10A54000C1E704B080BD000082B0009041F6BE00BB
:10A55000C2F20000008841F6F671C2F200010988DB
:10A56000884203D1FFE70020019012E041F6F67126
:10A57000C2F200010A8842F2F830C2F20000805CA8
:10A58000009A107008880130C0B208800120019044
:10A59000FFE7019802B0704781B08DF8030041F6E3
:10A5A000BE00C2F2000000880130C0B2ADF8000069
:10A5B000BDF8000041F6F671C2F200010988884238
:10A5C00010D0FFE79DF8030041F6BE01C2F2000182
:10A5D0000B8842F2F832C2F20002D054BDF80000FB
:10A5E0000880FFE701B0704780B582B041F6D870AF
:10A5F000C2F20000007890B9FFE74BF24E00C0F6BF
:10A600000000FAF7F1FC41F6D871C2F200010191A5
:10A6100001200870F7F74EFC01994860FFE702B08F
:10A6200080BD00000FB4054B10B503A9044A029881
:10A6300000F0E6F810BC5DF814FB0000CDA30008A4
:10A6400000000020004870470400002002E008C815
:10A65000121F08C1002AFAD170477047002001E09C
:10A6600001C1121F002AFBD1704700002DE9FF5FD6
:10A6700082B00021DDE90430020DDDF840B0034373
:10A6800018D044F61050A2F2FF324243151411982C
:10A6900001281FD0A5EB0B00401C5FEA000A4FF019
:10A6A00000064E4FDFF83891B046504615D5CAF136
:10A6B000000413E0119801244AA3012801D16FEA94
:10A6C0000B010298119AC0E90031C0E9024206B0BC
:10A6D000BDE8F09FCBF10000DFE704460021404ACF
:10A6E000491842EB0450CDE9001012E0E00707D012
:10A6F00032463B4640464946F6F7A1FA804689462F
:10A7000032463B4610461946F6F799FA06460F467A
:10A710006410002CEAD1DDE90401DDE90023BAF17F
:10A72000000F06DAF6F78BFA42464B46F6F787FA41
:10A7300005E0F6F7F6FA42464B46F6F7F2FA04461B
:10A740000E460022284BF6F773FB03D84FF0FF307C
:10A75000014607E00022254B20463146F6F7C8F9AE
:10A76000F6F74EFB102409E0002C0ADB0A22002336
:10A77000F5F726FD039B30321A55641E50EA01029C
:10A78000F2D1641C039AC4F111031444119A012AF2
:10A7900003D0012208430DD10AE0084304D0002071
:10A7A0004FF0110B119072E7A3EB0B056D1E0DE03E
:10A7B0005B4504DD4FF0000205F1010504E003DA1A
:10A7C0004FF00002A5F10105002AECD00298119982
:10A7D000C0E90231C0E9004579E7000000001440FB
:10A7E0000000F03F300000000000F0430000E03FB8
:10A7F00030380A2801D2012070470020704700003D
:10A800002DE9FF4F95B09B468946064600250FE28D
:10A81000252877D100242746F84A0121059400E035
:10A82000044316F8013F203B01FA03F01042F7D130
:10A8300030782A2811D06FF02F033078A0F1300241
:10A84000092A16D8059A44F0020402EB820203EBAF
:10A8500042021044761C0590EFE759F8042B05924C
:10A86000002A03DA504244F40054059044F00204F4
:10A87000761C30782E2816D116F8010F44F0040407
:10A880002A280DD06FF02F023078A0F13003092B69
:10A8900009D807EB870302EB4303C718761CF3E7DD
:10A8A00059F8047B761C30786C280FD006DC4C28D5
:10A8B00017D068280DD06A2814D104E0742810D06D
:10A8C0007A280FD10DE044F400140AE044F4801417
:10A8D00001E044F440147278824202D104F58014FD
:10A8E000761C761C307866280BD013DC582877D07D
:10A8F00009DC002875D04528F6D04628F4D0472832
:10A900001AD19DE118E0632835D0642879D06528F4
:10A9100012D195E1702873D008DC6728F1D069283E
:10A920006FD06E280DD06F2806D1B5E073282CD0DB
:10A93000752875D0782874D05A46179990476D1CA1
:10A9400075E1C4F30250022809D003280DD0D9F8CC
:10A95000001004280DD00D6009F1040967E1D9F851
:10A960000010EA17C1E90052F6E7D9F800100D808F
:10A97000F2E70D70F0E719F8041B8DF800100020C5
:10A980008DF80100EA46012003E059F804AB4FF0CE
:10A99000FF3061074FF0000102D40DE008F1010122
:10A9A0008846B9420FDA8045F8DB1AF8081000290A
:10A9B000F4D108E008F1010188468142FADB1AF877
:10A9C00008100029F6D105985B46A0EB0807214640
:10A9D0003846179A00F094FA284400EB080507E07F
:10A9E0004DE029E10DE01AF8010B5A4617999047FE
:10A9F000B8F10108F7D25B4621463846179A13E1B1
:10AA000042E00A220092C4F302524FF0000A022AE6
:10AA100008D059F804CB032A4FEAEC710AD00DE0B4
:10AA200029E02AE009F1070121F00702F2E802C15A
:10AA3000914609E00FFA8CFC4FEAEC71042A03D12D
:10AA40004FFA8CFC4FEAEC71002907DA0A46002124
:10AA5000DCF1000C61EB02012D2202E0220504D59D
:10AA60002B228DF80420012203E0E20701D02022EE
:10AA7000F7E7904659E00A2102E010220DE010218C
:10AA80004FF0000A00910BE010224FF0000A44F052
:10AA900004040827009203E008224FF0000A009205
:10AAA000C4F30252022A05D059F804CB0021032A2C
:10AAB00008D009E009F1070121F00702F2E802C11C
:10AAC000914605E01FFA8CFC042A01D10CF0FF0C22
:10AAD0004FF00008220728D5702806D0009B83F08D
:10AAE000100353EA0A0305D00EE040228DF804203B
:10AAF000012208E05CEA010206D030228DF8042031
:10AB00008DF8050002229046009B83F0080353EA6B
:10AB10000A030AD15CEA010201D1620705D530229D
:10AB20008DF804204FF001087F1E582804D034A06F
:10AB300003900EA802900DE036A0F9E75346604658
:10AB4000009AF5F73DFB84460398825C0298401E0C
:10AB5000029002705CEA0100F0D1029806A9081A7E
:10AB600000F1200A600702D524F4803400E00127B8
:10AB7000574502DDA7EB0A0000E0002000EB0A01C8
:10AB8000009005984144401A0590E00306D45B46C6
:10AB90002146179A059800F0B3F90544002706E00E
:10ABA00001A85A46C05D179990476D1C7F1C474508
:10ABB000F6DBE0030CD55B462146179A059800F0BA
:10ABC0009FF9054404E030205A46179990476D1CC0
:10ABD0000099481E00900029F5DC08E002980299CF
:10ABE0005A460078491C0291179990476D1CBAF19A
:10ABF0000001AAF1010AF1DC65E100000928010069
:10AC000030313233343536373839616263646566E2
:10AC100000000000303132333435363738394142A4
:10AC2000434445460000000000F058F90544761CF6
:10AC3000307800287FF4ECAD19B02846BDE8F08FDD
:10AC4000620700D4062709F1070222F0070CFCE88E
:10AC50000223E14603F000485FEA080C02D00FF23D
:10AC6000702C0DE05FEA045C02D50FF2682C07E05F
:10AC70005FEAC47C02D00FF2602C01E0AFF2700CEE
:10AC80004FF0FF3823F00043CDF850C065280CD0BA
:10AC900006DC452809D046281DD047283DD13DE097
:10ACA000662818D067287ED138E00021112F01DBFB
:10ACB000112000E0781CCDE9000106A90EA8FFF7DD
:10ACC000D5FCDDE90F010E9A03910021009207F1F6
:10ACD000010A04914DE04FF000400097CDE90110CA
:10ACE00006A90EA8FFF7C2FCDDE90F0203920E9B36
:10ACF00011990022DDF80CA00093049211B9791C7F
:10AD000000EB010AB7EB0A0004D4C0F1FF3007F1F1
:10AD1000010A0490AAEB0700019044E0012F00DA39
:10AD200001270021112F01DD112000E03846CDE977
:10AD3000000106A90EA8FFF799FCDDE90F010E9AA4
:10AD40000391002104910092BA4621070CD4039983
:10AD5000514500DA8A46BAF1010F05DD009AAAF1E1
:10AD60000101515C302908D0B84202DA10F1040F19
:10AD700006DA0121CDE9011015E0AAF10101E9E7A8
:10AD8000002805DC049901440491AAEB000102E0CB
:10AD9000411C514500DD8A460499401A401C01902F
:10ADA0004FF000400290200704D40198504501DB89
:10ADB000CDF8048000208DF84F0002980DF14F0768
:10ADC000B0F1004F25D02B200E9002984FF00208D2
:10ADD00000280CDA404202902D200E9007E00A2154
:10ADE0000298F5F772FA3031029007F8011DB8F1B8
:10ADF0000001A8F10108F2DC02980028EFD1791EC9
:10AE00000E980870307800F0200040F0450007F8F8
:10AE1000020D12A8C01B00F107081498007800B1B9
:10AE2000012000EB0A01019801EBE0710598414413
:10AE3000401A401E0590E00306D45B462146179A4F
:10AE4000059800F05DF805441498007818B15A464A
:10AE5000179990476D1CE00324D55B462146179A4D
:10AE6000059800F04DF805441CE00498002807DB25
:10AE7000DDE90301884203DD0098405C179901E099
:10AE8000179930205A469047049805F10105401C57
:10AE900004900198401E019004D12E205A46179923
:10AEA00090476D1CBAF10001AAF1010ADDDC05E052
:10AEB00017F8010B5A46179990476D1CB8F100011D
:10AEC000A8F10108F4DC5B462146179A0598ABE629
:10AED0002D0000002B000000200000002DE9F041B3
:10AEE000044600251E461746880404D405E039466A
:10AEF0002020B0476D1C641EF9D52846BDE8F081BE
:10AF00002DE9F041044600251E469046C80301D5B0
:10AF1000302700E02027880404D505E04146384664
:10AF2000B0476D1C641EF9D52846BDE8F08100408D
:10AF3000404040404040404041414141414040400C
:10AF4000404040404040404040404040404040053C
:10AF500002020202020202020202020202020220B3
:10AF600020202020202020202002020202020202B3
:10AF700090909090909010101010101010101010D1
:10AF80001010101010101010101002020202020215
:10AF90008888888888880808080808080808080831
:10AFA0000808080808080808080802020202400009
:10AFB0002FAF0008000000000000000001020304A1
:10AFC000060708090000000001020304696E6974A5
:10AFD000207375637373657366756C6C202E0A003D
:10AFE00043444320496E746572666163650043445F
:10AFF0004320436F6E6669670053544D6963726FF7
:10B00000656C656374726F6E6963730053544D337E
:10B0100032205669727475616C20436F6D506F7287
:10B0200074004F4B0D0A0042616420436F6D6D61E7
:10B030006E640D0A0051756575652046756C6C0D62
:10B040000A002563202575202575202564004745C5
:10B05000545F504F530D0A00504F532074696D6573
:10B06000206F757420210A00706F736974696F6EA8
:10B07000203D2025640A00504F533D00A0B0000839
:10B0800000000020080100004CA60008A8B100083C
:10B0900008010020F82900005CA60008000000005C
:10B0A000000000000000000082810100B973000868
:10B0B000257400084174000869740008B974000818
:10B0C00069730008D57300080024F400116C0008AF
:10B0D0004D690008656F000800000000396A00082B
:10B0E000E9670008DD6800080000000000000000BB
:10B0F00000000000356B0008C96A0008A56B000855
:10B10000B16A000809024300020100C032090400CC
:10B1100000010202010005240010010524010001C4
:10B12000042402020524060001070582030800101A
:10B1300009040100020A00000007050102400000A6
:10B1400007058102400000000A06000200000040DE
:10B150000100000012010002020200408304405777
:10B160000002010203010000951400089114000878
:10B1700035140008C9140008151500080403090453
:10B180001A030000000000000000000000000000A2
:10B1900000000000000000000000010101000000AC
:08B1A000100000000000000097
:040000050800018965
:00000001FF
