:020000040800F2
:10000000682900209D01000841520008C5480008E9
:10001000ED4D0008FD1200086D9B00080000000077
:100020000000000000000000000000001157000860
:10003000511500080000000049560008A1570008AB
:10004000B7010008B7010008B7010008B7010008B0
:10005000B7010008B7010008B7010008B7010008A0
:10006000B7010008B7010008B7010008B701000890
:10007000B7010008B7010008B7010008B701000880
:10008000B7010008B7010008B7010008B701000870
:10009000B7010008B7010008B7010008B701000860
:1000A000B7010008B7010008B7010008B701000850
:1000B000B7010008B7010008B7010008B701000840
:1000C000B7010008B7010008B7010008B701000830
:1000D000B701000881600008B7010008B7010008F7
:1000E000B7010008B7010008B7010008B701000810
:1000F000B7010008B7010008B7010008B701000800
:10010000B7010008B7010008B7010008B7010008EF
:10011000B7010008B7010008B7010008B7010008DF
:10012000B7010008B7010008B7010008B7010008CF
:10013000B7010008B7010008B7010008B7010008BF
:10014000B7010008B7010008B7010008B152000864
:10015000B7010008B7010008B7010008B70100089F
:10016000B7010008B7010008B7010008B70100088F
:10017000B7010008B7010008B7010008000000003F
:10018000B7010008B7010008DFF80CD000F010FE3E
:1001900000480047499C000868290020064880471D
:1001A00006480047FEE7FEE7FEE7FEE7FEE7FEE75C
:1001B000FEE7FEE7FEE7FEE7655800088901000854
:1001C0002DE9F05F0546002092469B46884606468C
:1001D000814640241BE0284641464746224600F01F
:1001E0007AF853465A46C01A914110D31146184620
:1001F000224600F061F82D1A67EB01084F462246AF
:100200000120002100F058F817EB00094E41201E94
:10021000A4F10104DFDC484631462A464346BDE8E6
:10022000F09FD2B201E000F8012B491EFBD27047CB
:100230000022F6E710B513460A4604461946FFF7B2
:10024000F0FF204610BD421C10F8011B0029FBD115
:10025000801A70470FB400B58DB010A909900B90AB
:1002600000914FF0FF300A9000200C900548069056
:10027000054807906A4609A80F9900F0B3FB0DB036
:100280005DF814FB010A00081F0A000830B50B4690
:10029000014600202022012409E021FA02F59D42B6
:1002A00005D303FA02F5491B04FA02F52844151E8A
:1002B000A2F10102F1DC30BD202A04DB203A00FA71
:1002C00002F1002070479140C2F1200320FA03F3AD
:1002D000194390407047202A04DB203A21FA02F0AB
:1002E0000021704721FA02F3D040C2F12002914070
:1002F0000843194670472DE9FF4F1C4681B0002185
:10030000D4E9016791464FF0FF358A468846A169D6
:100310006D1C02988847216A834688470028F6D1D9
:10032000BBF1FF3F0CD026F4C066002F1ADD70062B
:1003300015D5BBF12B0F0AD0BBF12D0F0FD104E067
:100340004FF0FF3005B0BDE8F08F46F48066A1693C
:100350006D1C029888477F1E8346002F02DDBBF18B
:10036000300F03D0B9F1000F2AD025E0A1696D1C30
:1003700046F400767F1E029888478346002F05DDED
:10038000BBF1780F06D0BBF1580F03D0B9F1000FC5
:1003900010D011E0B9F1000F02D0B9F1100F0BD15C
:1003A000A1696D1C26F400767F1E0298884783465B
:1003B000102000E0082081464FEAE970009017E025
:1003C0000A20F8E74346AAFB092803FB0980DDF869
:1003D00000C07F1E0AFB0C0112EB0B0A41EBEB780D
:1003E000A16946F4007605F1010502988847834625
:1003F000002F06DD4946584600F009FD5FEA000B74
:10040000E0D5E16902988847B00502D46FF0010099
:1004100098E7F00718D1700610D57005514605D53C
:100420000023D1EB030163EB080200E042462068A1
:10043000031D23600068C0E9001205E02068011D6B
:1004400021600068C0E900A828467BE72DE9FF5F2E
:100450001D464FF0FF3BD5E9014691465F464FF000
:100460000008A9697F1C01988847296A8246884745
:100470000028F6D1BAF1FF3F0CD024F4C064002E5E
:1004800019DD600614D5BAF12B0F09D0BAF12D0F82
:100490000ED103E0584604B0BDE8F09F44F48064F8
:1004A000A9697F1C01988847761E8246002E02DDCE
:1004B000BAF1300F03D0B9F1000F26D032E0A969AC
:1004C000761E44F400747F1C019888478246002EF3
:1004D00005DDBAF1780F06D0BAF1580F03D0B9F1A3
:1004E000000F10D01EE0B9F1000F02D0B9F1100FCB
:1004F00018D1A969761E24F400747F1C01988847DE
:100500008246102002E0082000E00A20814609E02F
:1005100008FB0908A969761E44F400747F1C019841
:1005200088478246002E05DD4946504600F06FFCA4
:100530000028EDDAE96901988847A00502D46FF038
:100540000100A8E7E00725D1600613D5600502D5B4
:10055000C8F1000000E0404629680A1D2A600968C9
:10056000220501D5087015E0220701D5088011E0A9
:1005700008600FE02868011D29600068210502D588
:1005800080F8008006E0210702D5A0F8008001E095
:10059000C0F8008038467EE72DE9FF5FD2E901A769
:1005A0004FF00008916999461446DDF838B0464688
:1005B00001988847054659EA0B0005D009E0A16972
:1005C000761C019888470546216A284688470028F6
:1005D000F5D1681C03D05FEACA7005D015E04FF072
:1005E000FF3004B0BDE8F09F2068011D2160D0F805
:1005F00000800AE05FEACA7001D108F8015BA169D6
:10060000761C7F1E019888470546002F1ADD681C5E
:1006100018D0B9F1000F0DD0E81705EBD0604211EA
:1006200020F01F0059F822102A1A012090400142A0
:10063000E0D107E0BBF1000FDCD1216A28468847F2
:100640000028D7D0E16901988847BBF1000F07D196
:10065000002E05DD5FEACA7002D1002188F8001083
:10066000A068B84203DDBBF1000F03D017B16FF0F3
:100670000100B6E73046B4E72DE9FF4F087883B0B4
:100680009946FF2805D0491C2D2804D000240020BD
:1006900008E000200BE00124F9E700EB800003EB09
:1006A0004000491C0B78FF2BF7D104B140420023D6
:1006B0000293147819461D462D2C01D02B2C04D101
:1006C000521C2D2C13D000240294AA461478FF2C1F
:1006D0000FD00A25A3FB057801FB05814FF0000C24
:1006E00003FB0C11521CE3194AEB0101EEE7012454
:1006F000EAE7814453EA010002D019F5C87F06DA1F
:1007000003980021C0E9001107B0BDE8F08F002573
:10071000AE4E2F46DFF8B882184600F07AFDCDE9DC
:100720000001B9F1000002DAC9F1000400E004465A
:100730000023A74A1AEB030B42EB045A12E0E0072E
:1007400007D02A4633463846414600F020FA07468D
:1007500088462A4633461046194600F018FA0546E0
:100760000E466410002CEAD1DDE90001B9F1000F5A
:100770005A46534606DA00F07CFA3A46434600F001
:1007800078FA05E000F003FA3A46434600F0FFF934
:10079000029A0AB181F00041039AC2E90001B3E76D
:1007A0002DE9FF4F1F468DB0D7E901464FF0FF38C6
:1007B0002E2045464FF000090B90B9696D1C0E982C
:1007C0008847396A824688470028F6D1BAF1FF3F48
:1007D0000AD024F4D064002E11DDBAF12B0F08D01A
:1007E000BAF12D0F0BD102E0404611B08DE744F471
:1007F0008064B9696D1C0E9888478246761E6946EA
:10080000600501D52D2000E02B208DF8000001F1BE
:10081000010B0DF1200809E0B9696D1C0E9888479D
:1008200082460F9844F40074761E0560002E02DDA7
:10083000BAF1300FF0D00B998A453ED144F08004D4
:1008400006E00F99681CA9F1010944F400740860DE
:10085000B9696D1C761E0E98884782463028F0D004
:100860002BE00B998A4505D1200603D444F080047F
:10087000761E18E0504609F001FB08B30DF1130293
:10088000761EAAF1300044F40074934506D20BF8AA
:10089000010B200607D5A9F1010003E0200602D4D0
:1008A00009F101008146A00502D50F99681C086076
:1008B000B9696D1C0E9888478246002ED1DC53E042
:1008C000002E51DDBAF1650F02D0BAF1450F4BD1C0
:1008D000A00549D5B9696D1C24F44074761E0E98A4
:1008E00088478246002E0CDD2B2804D0BAF12D0F4C
:1008F00007D144F48074B9696D1C0E98884782460C
:10090000761EE00501D52D2100E02B2108F8011B02
:10091000CDF82C8021E00DF12901761E44F40074FD
:1009200088450CD2AAF1300010F0FF0088F80000D2
:1009300002D10B99884509D908F1010806E0E005C4
:1009400001D5244801E042F20F708146B9696D1C5F
:100950000E98884782460F980560002E04DD5046A9
:1009600009F08CFA0028D6D1F9690E988847FF2043
:100970008BF8000088F800000020069007904B4696
:100980006A4608A906A8FFF777FEA00502D46FF013
:1009900001002AE714F0240F0AD0E00714D1DDE9A2
:1009A00006123868031D3B600068C0E900120BE0C6
:1009B000DDE9060100F039FC0146E00704D13868A2
:1009C000021D3A600068016028460EE700001440EE
:1009D0000000F03FF1D8FFFF026811441378016076
:1009E00018467047D16004495161044911620021E1
:1009F0001161114600F01ABAD9090008050E000865
:100A0000426842B1016811F8013B23B1521EC0E9AE
:100A10000012184670470121C160881E7047426865
:100A20005AB1C368016843B983688B4205D0491E37
:100A3000521CC0E90012002070474FF0FF30704791
:100A40002DE9FE4F804681EA0300C00F0C4600905E
:100A500021F0004123F00045B8EB0200A94105D286
:100A60004046214690461C460B46024623F0004075
:100A7000104347D0270DC7F30A00C3F30A51029071
:100A8000401A019040286BDAC3F3130040F4801B36
:100A90000098924620B10023D2EB030A63EB0B0BC4
:100AA00001985946C0F140025046FFF705FC064642
:100AB0000D4650465946019A00F092F910EB080095
:100AC0006141002487EA115284EAE7731A4340D057
:100AD000009A62B3019A012A4FEA075215DC001B03
:100AE00061EB02014FF0004202EA0752CDE90042F9
:100AF000001C41F5801132462B4600F03CFB03B050
:100B0000BDE8F08F40462146F9E7001B61EB02018A
:100B1000001C41F5801300185B412018A2F5001756
:100B200047EB030140EAD570B6196D4111E06D083D
:100B30004FEA360645EAC0754FEA0752001B61EBE3
:100B40000201001C41F5801149084FEA30000019EC
:100B5000514132462B4603B0BDE8F04F00F0FCBADD
:100B60000098012240000023D0EB020263EBE07307
:100B7000009821464FEAE074B8EB000061EB0401F5
:100B8000E9E783F000435BE781F0004158E72DE996
:100B9000FE4F81EA030404F0004421F00041009478
:100BA0004FF0000B23F0004350EA01045ED052EAFC
:100BB00003045BD0C3F30A54C1F30A552C44A4F2D6
:100BC000F3340194A0FB0254C1F3130141F48011EA
:100BD000C3F3130343F4801301FB024400FB034EF1
:100BE000840A970A44EA815447EA8357A4FB0768BA
:100BF00002958D0A05FB07854FEA932C04FB0C54E4
:100C00002705029D4FEA065847EA1637B5EB080557
:100C10006EEB070C870E920E47EA811742EA8312A9
:100C2000A7FB0201B6EB0B0164EB00042B0D43EABA
:100C30000C335E1844EB1C50DA465146E7FB0201C8
:100C4000C5F313044FEA0B3343EA14534FEA04325B
:100C5000019C43EA0603A4F10C040294009CCDE934
:100C600000B400F088FA03B0BDE8F08F0020014620
:100C7000F9E72DE9F04D81EA030404F0004B21F07F
:100C8000004514464FF0000A23F0004150EA0502E7
:100C900020D054EA01021DD0C5F30A570246C5F31D
:100CA0001303C1F31300C1F30A5640F4801543F453
:100CB0008013A7EB0608101BD64608F2FD3873EB2D
:100CC000050002D308F1010801E092185B41B8F178
:100CD000000F03DA00200146BDE8F08D00204FF43C
:100CE0008011064684460EE0171B73EB050705D3FB
:100CF000121B63EB050306434CEA010C49084FEA5B
:100D0000300092185B4150EA0107EDD152EA03002E
:100D100012D082EA040083EA0501084305D0101BC3
:100D2000AB4106D20122002306E000224FF000432F
:100D300002E06FF0010253101AEB06004CEB085171
:100D400010EB0A0041EB0B01BDE8F04D00F004BAD6
:100D5000C1F30A52C1F3130140F2FF3341F4801191
:100D60009A4202DA00200146704740F233439A4229
:100D7000A2F2334202DC5242FFF7ADBAFFF79CBA4F
:100D800030B5041E71F1000404DB4FF00044404212
:100D900064EB0101141E73F1000405DB1C464FF0E7
:100DA0000043524263EB0403994208BF904230BDB6
:100DB0001CB509480090094801900546009C06E0D2
:100DC000E06840F0010394E8070098471034AC4213
:100DD000F6D3FFF7DDF9000008A7000828A70008F0
:100DE000202A06DBCB17203A41FA02F043EAE073EF
:100DF00006E041FA02F3D040C2F1200291400843DC
:100E000019467047C0B24FF4F05100F02BBA3A289F
:100E100000D2303820F02002412A01D3A2F137005D
:100E2000884201D34FF0FF30704700002DE9F34FA7
:100E30008BB04FF0000801F10C000C464FF0010B95
:100E400046460DF1080A0190626901210198904718
:100E5000051E2DD0252D2CD0216A8847C0B162698E
:100E6000012101989047216A88470028F7D1411E47
:100E700062690198904700E0761CA1690B98884749
:100E8000216A88470028F7D1E1690B988847DBE79A
:100E9000A1690B9888470746A84201D1761CD3E781
:100EA000E1690B9888477F1C02D1B8F1000F6FD021
:100EB00046E1002762693D463946019890472A2855
:100EC00004D162690121019890470125DFF88492DD
:100ED0006269012101989047A0F130010A290AD2E4
:100EE0004F45E5DC07EB870100EB4107303FDFD4DE
:100EF00045F01005ECE7E90601D46FF000476C28D7
:100F00000AD04C2814D0682815D06A280DD074282F
:100F10001CD07A281AD01DE06269012101989047FF
:100F20006C2802D045F0040514E045F002050DE000
:100F300045F020050AE06269012101989047682880
:100F400002D045F0080505E045F40065626901211D
:100F500001989047C4E9015765283DD019DC58280D
:100F60007AD00CDC452837D004DC252826D041284F
:100F700031D131E046282FD047282CD12CE05B28F6
:100F800077D0612828D063287CD0642823D15AE008
:100F9000D0E06F2848D008DC66281DD067281BD019
:100FA000692821D06E2816D127E0702845D07328F3
:100FB00068D0752847D078280DD14DE0A1690B98ED
:100FC0008847054625283FF469AFE1690B988847B3
:100FD0006D1C3FF46AAFB3E023466A466FF0010030
:100FE0000B99FFF7DDFB9EE045F040006060A8072D
:100FF00023464FF0000236D43EE0E8077FF447AFC7
:101000002068011D21600068290501D506701BE7D5
:10101000290701D5068017E7A90703D5F117C0E90D
:10102000006111E706600FE745F040006060A80727
:1010300023464FF0080216D41EE040F60E0125EAC2
:101040000100606016E045F040006060A80723469C
:101050004FF00A0207D40FE045F040006060A80797
:1010600008D5234610226FF001000B99FFF743F9D2
:1010700059E007E0234610226FF001000B99FFF7BB
:10108000E5F950E04FF000094F464B46632802D087
:101090005B2806D040E0E80601D40120A0600127CB
:1010A0003AE062690121019890475E2805D14FF02E
:1010B00001096269494601989047216939B90021BF
:1010C0000A46534643F82120491C0829FADBB0B3ED
:1010D000216969B9C11700EBD16253110AEB830191
:1010E00022F01F02821A01200B68904003430B601C
:1010F00062690121019890475D28E8D1B9F1000F9C
:1011000009D00020514651F82020D24341F8202038
:10111000401C0828F7DB02AB224600976FF0010065
:101120000B99FFF739FA00280CDA401C08D1BBF103
:10113000000F05D04FF0FF300DB0BDE8F08FFFE796
:101140004046F9E7E90701D108F1010806444FF0EC
:10115000000B79E6CCCCCC0C10B5141E73F1000456
:1011600008DA401C41F1000192185B411A4301D199
:1011700020F0010010BD2DE9F04D92469B4611B1C3
:10118000B1FA81F202E0B0FA80F220329046FFF725
:1011900093F804460F4640EA0A0041EA0B01534621
:1011A0005A46084313D0114653EA010019D0C8F13A
:1011B00040025046FFF78FF805460E465046594606
:1011C0004246FFF779F8084305D0012004E02046A5
:1011D0003946BDE8F08D0020054346EAE0762C4311
:1011E00037430A986305E40AA0EB08000022FD0AD1
:1011F00044EA47540A3002D500200146E9E70105D8
:1012000010196941DDE9084500196941BDE8F04D53
:10121000A2E70EB540F2334202920022CDE900224D
:101220001346FFF7A8FF03B000BD01F0004330B440
:1012300021F0004150EA010206D00A0DA2F56072C9
:10124000C1F31301002A02DC30BC00207047440FB8
:1012500044EAC104C100E01830BC00EBC25000F009
:1012600015B800007F2801D9002208E0064A02EBE9
:101270005002C007127800D1120902F00F020120BB
:101280009040084070470000BAA500080029A8BF98
:101290007047401C490008BF20F00100704710B49F
:1012A000B0FA80FC00FA0CF050EA010404BF10BC54
:1012B000704749B1CCF1200421FA04F411FA0CF181
:1012C00018BF012121430843A3EB0C01CB1D4FEABA
:1012D00000614FEA102042BF002010BC704700EBB5
:1012E000C35010440029A4BF10BC7047401C4900E3
:1012F00008BF20F0010010BC70470000FFE7FEE7C8
:1013000084B08DF80F000291ADF806209DF80F0013
:101310000146009123281DD80099DFE801F012133F
:101320001415161B1B1B1B1B1B1B1B1B1B1B1B1B1F
:101330001B1B1B1B1B1B1B1B1B1B1B1B1B1B171804
:10134000191A08E007E006E005E004E003E002E027
:1013500001E000E0FFE7002004B070470020704784
:1013600080B582B041F2A850C2F20000009040F671
:101370006451C2F200010022019205F023FA0098A4
:1013800040F26451C2F2000105F0FEF9019802B08A
:1013900080BD000080B584B00390029100200190D0
:1013A000FFE701980299096888420AD2FFE703988B
:1013B0000199405C00F090F8FFE70198013001903E
:1013C000EFE7039941F2A850C2F20000009005F047
:1013D000DBF9009805F07EF9002004B080BD000024
:1013E00083B0029001918DF8032000208DF8020057
:1013F0009DF9020003B0704780B586B00490ADF847
:101400000E1000208DF80D0041F2A850C2F200002D
:10141000D0F8BC0202900298D0F8140220B1FFE785
:1014200001208DF8170013E00499BDF80E2041F259
:10143000A850C2F20000019005F0C4F9019805F02F
:10144000CBFA8DF80D009DF80D008DF81700FFE721
:101450009DF8170006B080BD80B58AB00990099844
:101460006A460DF11701516006A911604AF28861C0
:10147000C0F600010DF1230207ABFEF7EBFE0428D6
:1014800020D1FFE79DF823008DF811000798029006
:10149000069803909DF817008DF8100002A804F03C
:1014A000D5F838B9FFE74AF27B60C0F6000003F0D8
:1014B00049FA06E04AF26860C0F6000003F042FA1A
:1014C000FFE706E04AF26D60C0F6000003F03AFA6A
:1014D000FFE70AB080BD000080B584B08DF80F0032
:1014E0009DF80F000A2805D0FFE79DF80F000D2892
:1014F00013D1FFE741F2A450C2F20000019002783C
:1015000041F26450C2F20000002102918154FFF7C1
:10151000A3FF01990298087017E041F2A450C2F2AB
:10152000000000783E280FDCFFE79DF80F0041F235
:10153000A453C2F200031A78511C197041F264518D
:10154000C2F200018854FFE7FFE704B080BD00004D
:101550007047000072B6FFE7FEE7000080B584B078
:1015600047F61020C1F6FF700068039047F614207C
:10157000C1F6FF700068029047F61820C1F6FF70B0
:10158000006801900199039808440390039888B17A
:10159000FFE7039840F2DC01C2F200010091023142
:1015A000082203F091F9009902981231042203F005
:1015B0008BF9FFE704B080BD80B584B0029002983B
:1015C00020B9FFE701208DF80F00E0E0029890F8C5
:1015D000200020B9FFE7029800F0DEF8FFE702984C
:1015E0000168086840F00100086000F0CBFB019042
:1015F000FFE7029800684068C007A8B9FFE700F05D
:10160000C1FB0199401A0B280DD3FFE70299486AE4
:1016100040F4003048620299052081F82000012042
:101620008DF80F00B3E0E4E702980168086820F045
:101630000200086000F0A6FB0190FFE70298006836
:1016400040688007002815D5FFE700F09BFB019953
:10165000401A0B280DD3FFE70299486A40F4003086
:1016600048620299052081F8200001208DF80F00C2
:101670008DE0E3E70298007E012807D1FFE702989A
:101680000168086840F08000086006E00298016880
:10169000086820F080000860FFE70298407E01287B
:1016A00007D1FFE702980168086840F04000086031
:1016B00006E002980168086820F040000860FFE733
:1016C0000298807E012807D1FFE702980168086828
:1016D00040F02000086006E002980168086820F0E9
:1016E00020000860FFE70298C07E012807D1FFE7CD
:1016F00002980168086820F01000086006E002986F
:101700000168086840F010000860FFE70298007F59
:10171000012807D1FFE702980168086840F0080037
:10172000086006E002980168086820F00800086078
:10173000FFE70298407F012807D1FFE70298016880
:10174000086840F00400086006E002980168086834
:1017500020F004000860FFE7029B19685A68986847
:10176000D3F80CC040EA0C00D3F810C040EA0C00DB
:101770005B691843013A1043C8610299002048622E
:10178000029A012182F820108DF80F00FFE79DF8E2
:101790000F0004B080BD000080B588B00790002025
:1017A000069005900490039002900798006846F216
:1017B0000041C4F20001884233D1FFE7FFE7002077
:1017C000019043F64000C4F20200016841F000714C
:1017D0000160006800F0007001900198FFE7FFE7EA
:1017E0000020009043F63000C4F20200016841F08E
:1017F00008010160006800F0080000900098FFE711
:1018000003200290022103910021049105900920F8
:10181000069040F60040C4F2020002A900F0BEF8B3
:10182000FFE708B080BD000080B584B00290029848
:10183000806D019000F0A6FA0090029890F83500B3
:1018400002280DD0FFE7029980204865FFE7029942
:10185000002081F83400FFE701208DF80F0055E0EB
:1018600002980168086820F0160008600298016874
:10187000486920F0800048610298006C20B9FFE7B9
:101880000298806C38B1FFE702980168086820F080
:1018900008000860FFE702980168086820F001006E
:1018A0000860FFE7029800680068C007C8B1FFE75A
:1018B00000F068FA0099401A062811D3FFE7029950
:1018C000202048650299032081F83500FFE702993E
:1018D000002081F83400FFE703208DF80F0015E0A9
:1018E000E0E70298C16D3F20884001998860029925
:1018F000012081F83500FFE70299002081F83400CB
:10190000FFE7FFE700208DF80F00FFE79DF80F00CD
:1019100004B080BD82B00090009890F83500022895
:1019200007D0FFE700998020486501208DF8070067
:101930000EE00099052081F83500009801680868DC
:1019400020F001000860FFE700208DF80700FFE7A6
:101950009DF8070002B0704780B584B0039000F096
:1019600011FA0290039801900198013048B1FFE705
:1019700040F2F600C2F2000001780198084401909C
:10198000FFE7FFE700F0FEF90299401A019988424B
:1019900001D2FFE7F6E704B080BD00008EB00D90E5
:1019A0000C9100200A90099008900B90FFE70B988B
:1019B0000F2800F2CC81FFE70B99012088400A90A4
:1019C0000C9800680A990840099009980A99884279
:1019D00040F0B881FFE70C98406800F00300012850
:1019E00007D0FFE70C98406800F0030002282FD1D1
:1019F000FFE70D98806808900B984100032000FADB
:101A000001F10898884308900C98C0680B99490028
:101A100000FA01F108980843089008980D99886029
:101A20000D98406808900B99012000FA01F1089880
:101A3000884308900C984068C0F300100B9900FA96
:101A400001F108980843089008980D994860FFE74D
:101A50000C98406800F00300032818D0FFE70D98A9
:101A6000C06808900B984100032000FA01F1089823
:101A7000884308900C9880680B99490000FA01F19E
:101A800008980843089008980D99C860FFE70C98DB
:101A9000406800F00300022826D1FFE70D980B995B
:101AA0006FF0030202EA51010844006A08900B98A3
:101AB00000F0070081000F2000FA01F10898884328
:101AC00008900C9800690B9901F00701890000FA51
:101AD00001F108980843089008980D990B9B02EAB9
:101AE000530211440862FFE70D98006808900B98B4
:101AF0004100032000FA01F10898884308900C98EF
:101B0000406800F003000B99490000FA01F10898C1
:101B10000843089008980D9908600C988079800710
:101B2000002800F00E81FFE7FFE70020079043F652
:101B30004400C4F20200016841F480410160006881
:101B400000F4804007900798FFE70B9820F003000F
:101B500043F60801C4F20101405808900B9800F0C8
:101B6000030081000F2000FA01F1089888430890D3
:101B70000D980021C4F20201884203D1FFE7002042
:101B800006905EE00D9840F20041C4F202018842E6
:101B900003D1FFE70120059050E00D9840F60001C9
:101BA000C4F20201884203D1FFE70220049042E020
:101BB0000D9840F60041C4F20201884203D1FFE7CC
:101BC0000320039034E00D9841F20001C4F20201B9
:101BD000884203D1FFE70420029026E00D9841F2ED
:101BE0000041C4F20201884203D1FFE705200190C1
:101BF00018E00D9841F60001C4F20201884203D1B9
:101C0000FFE7062000900AE00D9941F60042C4F279
:101C100002020820914208BF07200090FFE70098C9
:101C20000190FFE701980290FFE702980390FFE719
:101C300003980490FFE704980590FFE70598069045
:101C4000FFE70698C0B20B9901F00301890000FA82
:101C500001F108980843089008980B9921F00301B6
:101C600043F60802C4F20102885043F60840C4F269
:101C700001000068089009990898884308900C981A
:101C80008079C006002805D5FFE709990898084320
:101C90000890FFE7089843F60841C4F20101086084
:101CA00043F60C40C4F201000068089009990898B6
:101CB000884308900C9880798006002805D5FFE7B6
:101CC0000999089808430890FFE7089843F60C41E3
:101CD000C4F20101086043F60440C4F20100006848
:101CE000089009990898884308900C988079800793
:101CF000002805D5FFE70999089808430890FFE7F1
:101D0000089843F60441C4F20101086043F600401C
:101D1000C4F2010000680890099908988843089067
:101D20000C988079C00728B1FFE709990898084303
:101D30000890FFE7089843F60041C4F201010860EB
:101D4000FFE7FFE7FFE70B9801300B902FE60EB09F
:101D50007047000082B00190ADF802108DF80120AC
:101D60009DF8010028B1FFE7BDF8020001998861E4
:101D700005E0BDF80200000401998861FFE702B0A8
:101D80007047000042F26030C2F200000068704705
:101D900040F2F600C2F20000027842F26031C2F274
:101DA00000010868104408607047000080B543F6E1
:101DB0000041C4F20201086840F40070086008683D
:101DC00040F480600860086840F480700860032078
:101DD00000F08AF80F2000F005F800F03BF8002032
:101DE00080BD000080B582B0009040F22400C2F2B5
:101DF0000000006840F2F601C2F200010A784FF4D8
:101E00007A71B1FBF2F1B0FBF1F002F073F820B19E
:101E1000FFE701208DF8070018E000980F280DD883
:101E2000FFE700994FF0FF30002200F043F80098E0
:101E300040F2F801C2F20001086003E001208DF8D1
:101E4000070003E000208DF80700FFE79DF807007A
:101E500002B080BD82B0FFE70020019043F644004D
:101E6000C4F20200016841F480410160006800F49E
:101E7000804001900198FFE7FFE70020009043F6C3
:101E80004000C4F20200016841F080510160006826
:101E900000F0805000900098FFE702B0704700000B
:101EA00080B582B08DF807009DF9070007F060FE4D
:101EB00002B080BD80B586B08DF817000491039202
:101EC0000020029007F06CFE02909DF9170001902F
:101ED00002980499039A03F0B5F90146019807F0B6
:101EE00067FE06B080BD000080B582B00190019809
:101EF00007F080FE02B080BD82B001908DF8031023
:101F000002B0704782B00190ADF80210BDF8020037
:101F1000019909684862002002B0704784B00390BC
:101F20008DF80B10ADF8082003980068406A009007
:101F30009DF80B0048B9FFE7BDF80810009840EA8B
:101F4000014003990968886233E003980068816A58
:101F5000009800EB1140009000208DF80700FFE78B
:101F60009DF807009DF80B100139884213D2FFE756
:101F7000039800689DF8071000EB8100D0F8041169
:101F8000009800EB11400090FFE79DF8070001303A
:101F90008DF80700E4E7BDF80810009840EA01401A
:101FA000039909689DF80B2001EB8201C1F800013B
:101FB000FFE7002004B0704780B582B0019001981F
:101FC000D0F8080505F0A2FB02B080BD80B582B054
:101FD00001908DF80310019AD2F808059DF80310BE
:101FE00001EBC10302EB8302D26C05F0EBF902B006
:101FF00080BD000080B582B001908DF80310019A79
:10200000D2F808059DF8031001EBC10302EB83022F
:10201000D2F88C2205F0A0FA02B080BD80B582B063
:1020200001900198D0F8080505F076FB02B080BD5C
:1020300080B584B003908DF80B109DF80B0000065E
:1020400000280CD5FFE703989DF80B1001F00F0155
:1020500001EBC10100EB81003C3001900CE00398E2
:102060009DF80B1001F00F0101EBC10100EB8100A5
:1020700000F51F700190FFE703980068019907F0D1
:10208000A1F98DF80A009DF80A0004B080BD000097
:1020900080B584B002908DF807109DF80700000607
:1020A00000280FD5FFE702989DF8071001F00F01F7
:1020B00001EBC10100EB81003C3000900099012050
:1020C00048700FE002989DF8071001F00F0101EB36
:1020D000C10100EB810000F51F7000900099002005
:1020E0004870FFE79DF8070000F00F0000990870A6
:1020F000FFE7029890F8BC04012804D1FFE7022012
:102100008DF80F0014E00299012081F8BC04FFE76C
:10211000FFE702980068009906F07CFBFFE7029950
:10212000002081F8BC04FFE700208DF80F00FFE7D6
:102130009DF80F0004B080BD80B584B002908DF88A
:1021400007109DF8070000F00F00029949688842C7
:1021500004D9FFE701208DF80F004DE09DF807003E
:10216000000600280FD5FFE702989DF8071001F040
:102170000F0101EBC10100EB81003C3000900099A0
:10218000012048700FE002989DF8071001F00F0140
:1021900001EBC10100EB810000F51F700090009978
:1021A00000204870FFE70099002088709DF8070024
:1021B00000F00F0000990870FFE7029890F8BC0447
:1021C000012804D1FFE702208DF80F0014E00299E6
:1021D000012081F8BC04FFE7FFE70298006800993E
:1021E00006F098FEFFE70299002081F8BC04FFE7A3
:1021F00000208DF80F00FFE79DF80F0004B080BDB0
:1022000082B001908DF8031001989DF8031001F041
:102210000F0101EBC10100EB8100D0F89C0202B07C
:102220007047000080B586B004908DF80F10ADF8AF
:102230000C208DF80B3000208DF80A009DF80F005F
:10224000000600280FD5FFE704989DF80F1001F055
:102250000F0101EBC10100EB81003C3001900199BD
:10226000012048700FE004989DF80F1001F00F0155
:1022700001EBC10100EB810000F51F700190019995
:1022800000204870FFE79DF80F0000F00F00019953
:102290000870BDF80C000199C8609DF80B00019909
:1022A00008710198407820B1FFE70199087808810A
:1022B000FFE79DF80B00022804D1FFE701990020F9
:1022C0004871FFE7FFE7049890F8BC04012804D1A7
:1022D000FFE702208DF8170015E00499012081F82E
:1022E000BC04FFE7FFE704980068019906F04CF989
:1022F000FFE70499002081F8BC04FFE79DF80A007D
:102300008DF81700FFE79DF8170006B080BD0000AC
:1023100080B586B005908DF813100392029305984E
:102320009DF8131001F00F0101EBC10100EB8100DA
:1023300000F51F70019003980199086102980199B6
:102340008861019900200862019948709DF8130086
:1023500000F00F000199087005980069012804D168
:10236000FFE7039801994861FFE79DF81300000714
:1023700038B9FFE7059A10680199127C06F07EFCD7
:1023800006E0059A10680199127C06F067FEFFE7E7
:10239000002006B080BD000080B584B002908DF8AA
:1023A00007109DF8070000F00F0002994968884265
:1023B00004D9FFE701208DF80F0058E09DF80700D1
:1023C000000600280FD5FFE702989DF8071001F0DE
:1023D0000F0101EBC10100EB81003C30009000993E
:1023E000012048700DE002989DF8071001EBC10133
:1023F00000EB810000F51F700090009900204870EC
:10240000FFE70099012088709DF8070000F00F0099
:1024100000990870FFE7029890F8BC04012804D1E5
:10242000FFE702208DF80F0021E00299012081F8DA
:10243000BC04FFE7FFE702980068009906F0BAFDC8
:102440009DF80700000740B9FFE7029A1068117C69
:1024500002F2C44206F00EFDFFE7FFE702990020FA
:1024600081F8BC04FFE700208DF80F00FFE79DF81E
:102470000F0004B080BD000080B586B005908DF8D7
:1024800013100392029305989DF8131001F00F01A9
:1024900001EBC10100EB81003C30019003980199F0
:1024A00008610298019988610199002008620199E8
:1024B000012048709DF8130000F00F00019908708A
:1024C00005980069012804D1FFE703980199486144
:1024D000FFE79DF81300000738B9FFE7059A106879
:1024E0000199127C06F0CAFB06E0059A1068019972
:1024F000127C06F0B3FDFFE7002006B080BD0000AF
:1025000080B58CB00B900B9800680A900A980990DF
:102510000B98006807F098F8002840F00D84FFE75A
:102520000B98006807F0FCF810B9FFE700F004BC56
:102530000998D0F80808C0F30D200B99C1F8FC04E5
:102540000B98006807F0ECF88007002807D5FFE734
:102550000B980168486900F002004861FFE70B989A
:10256000006807F0DDF8C006002862D5FFE70B9889
:102570000168886920F0100088610A98006A02905A
:102580000B98029901F00F0101EBC10100EB8100F2
:1025900000F51F700890029800F4F0110220B0EBD3
:1025A000514F23D1FFE7BDF8080047F6F07108420C
:1025B0001BD0FFE70A9808990969029AC2F30A1228
:1025C00007F0BCF8029847F6F07100EA0103089A98
:1025D000106900EB13101061029800EA01020899DB
:1025E000086A00EB12100862FFE71BE0029800F493
:1025F000F0110620B0EB514F12D1FFE70A980B996A
:1026000001F2C441082207F099F8029847F6F071E8
:1026100000EA01020899086A00EB1210086200E063
:10262000FFE7FFE70B980168886940F010008861B8
:10263000FFE70B98006807F073F80003002840F1EB
:10264000A680FFE7002004900B98006807F016F8BA
:102650000690FFE70698002800F09880FFE79DF8B5
:102660001800C007002800F08A80FFE70B98006878
:102670009DF8101007F03CF805909DF81400C00775
:1026800060B1FFE70998049900EB41110120C1F8FE
:10269000080B0B98049902F059FEFFE79DF814000F
:1026A000000700280CD5FFE70998049900EB4111B9
:1026B0000820C1F8080B0B98049902F001FEFFE70F
:1026C0009DF81400C006002808D5FFE70998049972
:1026D00000EB41111020C1F8080BFFE79DF8140032
:1026E000800700282DD5FFE70A98406900060028DA
:1026F00008D5FFE70999D1F8040840F48060C1F8D3
:102700000408FFE70B98049901EBC10100EB81007D
:1027100000F51F7008900898C078012809D1FFE7DC
:1027200008990020C8700B989DF8101000F014FB59
:10273000FFE70998049900EB41110220C1F8080B4A
:10274000FFE79DF814008006002808D5FFE70998E8
:10275000049900EB41112020C1F8080BFFE79DF818
:1027600015008006002809D5FFE70998049900EBB9
:1027700041114FF40050C1F8080BFFE7FFE7049840
:102780000130049006984008069063E7FFE70B9835
:10279000006806F0C5FF4003002840F1C680FFE74F
:1027A0000B98006806F058FF069000200490FFE7A1
:1027B0000698002800F0B880FFE79DF81800C007D1
:1027C000002800F0AA80FFE70B9800689DF8101021
:1027D00006F066FF05909DF81400C00700283ED063
:1027E000FFE7049800F00F01012000FA01F10391C6
:1027F000039B099AD2F834189943C2F834180999FE
:10280000049A01EB4211C1F808090B9800690128EC
:102810001FD1FFE70B98049901EBC10100EB810187
:102820008A6CC86C1044C864049888B9FFE70B9898
:10283000049901EBC10100EB8100406D40B9FFE755
:102840000B99086801F2C442012106F013FBFFE76F
:10285000FFE70B989DF81010FFF7B8FBFFE79DF816
:1028600014000007002808D5FFE70998049900EB39
:1028700041110820C1F80809FFE79DF81400C006BF
:10288000002808D5FFE70998049900EB41111020B2
:10289000C1F80809FFE79DF814004006002808D594
:1028A000FFE70998049900EB41114020C1F808099D
:1028B000FFE79DF814008007002822D5FFE70A985B
:1028C000049906F057FE0B98049901EBC10100EB47
:1028D00081003C3008900898C078012809D1FFE7B2
:1028E00008990020C8700B989DF8101000F026FA87
:1028F000FFE70998049900EB41110220C1F808098B
:10290000FFE79DF814000006002805D5FFE70B98A7
:10291000049902F0FFFDFFE7FFE7049801300490FF
:1029200006984008069043E7FFE70B98006806F01A
:10293000F7FEC00F00B3FFE70999D1F8040820F0B3
:102940000100C1F804080B9890F8F404012808D19C
:10295000FFE70B98002180F8F4140B98FFF7CCFAEE
:1029600003E00B9800F0E2FBFFE70B980168486971
:1029700000F000404861FFE70B98006806F0D0FEC9
:102980000005002811D5FFE70998D0F80808C0070E
:1029900020B1FFE70B9800F057FCFFE70B980168A8
:1029A000486900F400604861FFE70B98006806F092
:1029B000B7FEC004002840F18680FFE70999D1F8EE
:1029C000040820F00100C1F804080B9800681021E9
:1029D00006F0D0FD00200790FFE707980B994968A3
:1029E000884231D2FFE70998079900EB41114FF671
:1029F0007F30C1F808090999079A01EB4212D2F811
:102A0000001921F40011C2F800190999079A01EB85
:102A10004211C1F8080B0998079900EB4111D1F850
:102A2000000B20F40010C1F8000B0998079900EB87
:102A30004111D1F8000B40F00060C1F8000BFFE736
:102A4000079801300790C8E70999D1F81C0840F0B1
:102A50000110C1F81C080B98006B78B1FFE70999C9
:102A6000D1F8840840F00B00C1F884080999D1F826
:102A7000440840F00B00C1F844080FE00999D1F870
:102A8000140842F22B021043C1F814080999D1F836
:102A9000100840F00B00C1F81008FFE70999D1F8C1
:102AA000000820F4FE60C1F800080B9A1068117C41
:102AB00002F2C44206F0DEF90B980168486900F49E
:102AC00080504861FFE70B98006806F029FE8004FB
:102AD00000281FD5FFE70B98006805F0C5FD0B988F
:102AE000006806F08BFD0B99C8600B980068019098
:102AF00000F0FCFC014601980B9A127B06F016FFD1
:102B00000B9800F0E9FA0B980168486900F400504E
:102B10004861FFE70B98006806F002FE00070028F6
:102B20000AD5FFE70B9800F00BFB0B98016848698A
:102B300000F008004861FFE70B98006806F0F0FD20
:102B40000006002825D5FFE70A99886920F0800053
:102B5000886101200490FFE704980B994968884236
:102B600016D2FFE70B98049901EBC10100EB81003D
:102B700090F87F02012806D1FFE70B989DF810100E
:102B8000FFF756FAFFE7FFE7049801300490E3E708
:102B9000FFE70B98006806F0C3FDC00200283ED591
:102BA000FFE701200490FFE704980B9949688842E9
:102BB0002ED2FFE70998049900EB4110D0F80009E4
:102BC00002900B98049901EBC10100EB810090F891
:102BD0004000012817D1FFE79DF80B0000060028F0
:102BE00011D5FFE70B98049901EBC10100EB8101BE
:102BF000012081F83F000B989DF8101041F08001F2
:102C0000FFF716FAFFE7FFE7049801300490CBE7DF
:102C10000B980168486900F480104861FFE70B9841
:102C2000006806F07DFD8002002855D5FFE70120F1
:102C30000490FFE704980B994968884245D2FFE762
:102C40000998049900EB4110D0F8000B02900B9802
:102C5000049901EBC10100EB810090F8800201288A
:102C60002ED1FFE79DF80B000006002828D5FFE7CE
:102C7000029800F480300B99D1F8FC1401F00101A6
:102C800088421DD1FFE70B98049901EBC10100EBCD
:102C90008101012081F87F020A99886940F0800053
:102CA00088610A9840690006002808D4FFE709995E
:102CB000D1F8040840F40070C1F8040805E0FFE70B
:102CC000FFE7049801300490B4E70B980168486965
:102CD00000F400104861FFE70B98006806F020FD43
:102CE000400000280AD5FFE70B98FFF765F90B981D
:102CF0000168486900F080404861FFE70B98006870
:102D000006F00EFD4007002815D5FFE70B98006878
:102D1000406802909DF808004007002804D5FFE7AE
:102D20000B98FFF77BF9FFE7029A0B980168486858
:102D300010434860FFE7FFE70CB080BD80B582B06C
:102D400001908DF803100198D0F808059DF8031044
:102D500004F07EFD02B080BD80B582B001908DF898
:102D600003100198D0F808059DF8031004F0A8FDA1
:102D700002B080BD2DE9F04F97B01590159820B99D
:102D8000FFE701208DF85B0049E115980068149079
:102D9000159890F8BD0440B9FFE71599002081F817
:102DA000BC04159800F040F9FFE71599032081F85D
:102DB000BD041498C06BC005002804D4FFE7159922
:102DC00000200861FFE71598006805F04DFF159891
:102DD00010900168119141688268C368D0F810C0F2
:102DE00044698569C669076AD0F82480D0F82890BC
:102DF000D0F82CA0D0F830B0D0F834E0684612906B
:102E0000C0F824E01198DDF848E0CEF820B0CEF804
:102E10001CA0CEF81890CEF81480CEF81070CEF822
:102E20000C60CEF80850CEF80440CEF800C005F093
:102E300031FC40B1FFE71599022081F8BD04012063
:102E40008DF85B00EBE01598006800210F9106F00B
:102E5000CFFC0F988DF84F00FFE79DF84F001599B4
:102E60004968884245D2FFE715989DF84F1001EB5D
:102E7000C10100EB8101012081F83D009DF84F0068
:102E8000159900EBC00201EB820181F83C009DF82E
:102E90004F00159900EBC00201EB8201A1F844003C
:102EA00015989DF84F1001EBC10100EB8101002046
:102EB00081F8400015999DF84F2002EBC20201EB0A
:102EC0008201886415999DF84F2002EBC20201EB44
:102ED0008201C86415999DF84F2002EBC20201EBF4
:102EE00082014865FFE79DF84F0001308DF84F00E3
:102EF000B3E700208DF84F00FFE79DF84F001599CC
:102F0000496888423ED2FFE715989DF84F1001EBC3
:102F1000C10100EB8101002081F87D029DF84F1076
:102F2000159A01EBC10302EB830282F87C1215991A
:102F30009DF84F2002EBC20201EB820181F8800272
:102F400015999DF84F2002EBC20201EB8201C1F8F6
:102F5000880215999DF84F2002EBC20201EB820115
:102F6000C1F88C0215999DF84F2002EBC20201EBCB
:102F70008201C1F89402FFE79DF84F0001308DF8FF
:102F80004F00BAE715980C9001680D91416882686E
:102F9000C368D0F810C044698569C669076AD0F86B
:102FA0002480D0F82890D0F82CA0D0F830B0D0F8F9
:102FB00034E068460E90C0F824E00D98DDF838E063
:102FC000CEF820B0CEF81CA0CEF81890CEF8148021
:102FD000CEF81070CEF80C60CEF80850CEF8044051
:102FE000CEF800C005F0DEFC40B1FFE715990220E5
:102FF00081F8BD0401208DF85B0010E015990020D8
:103000000B9081F838001599012081F8BD041598BE
:10301000006805F0B1FC0B988DF85B00FFE79DF8A8
:103020005B0017B0BDE8F08F80B58AB00990002032
:103030000890079006900590049009980068B0F1F8
:10304000A04F47D1FFE7FFE70020039043F6300091
:10305000C4F20200016841F001010160006800F063
:10306000010003900398FFE74FF4C0500490022042
:10307000059000200690032007900A200890002069
:10308000C4F2020004A9FEF789FCFFE743F634010D
:10309000C4F20201086840F080000860FFE70020E9
:1030A000029043F64400C4F20200016841F48041FA
:1030B0000160006800F4804002900298FFE7FFE79B
:1030C0004320019000221146FEF7F4FE0198FEF71E
:1030D000E7FEFFE70AB080BD80B582B00190012015
:1030E0008DF803000198C06820B9FFE700208DF833
:1030F00003000CE00198C068022804D1FFE701201A
:103100008DF8030002E0FEF725FAFFE7FFE70198DC
:10311000D0F808059DF8031004F0D2FC0198D0F80F
:10312000080504F04DFC02B080BD000080B582B0FF
:1031300001900198D0F8080504F090FC02B080BD21
:1031400080B582B001900198D0F8080504F098FC91
:1031500002B080BD80B584B002908DF80710FFE703
:10316000029890F8BC04012804D1FFE702208DF8F2
:103170000F001AE00299012081F8BC04FFE7FFE785
:103180009DF80700029981F83800029800689DF8C0
:10319000071006F09DFBFFE70299002081F8BC04B0
:1031A000FFE700208DF80F00FFE79DF80F0004B047
:1031B00080BD000080B582B001900199D1F808056A
:1031C00001F2C44104F0A6FC02B080BD80B584B019
:1031D0000290029800680190FFE7029890F8BC0402
:1031E000012804D1FFE702208DF80F0027E00299A3
:1031F000012081F8BC04FFE7FFE70298806A0128FC
:103200000BD1FFE702988069012806D0FFE70199FA
:10321000886B40F480308863FFE70298006806F00E
:103220005FF90298006805F091FBFFE70299002022
:1032300081F8BC04FFE700208DF80F00FFE79DF840
:103240000F0004B080BD000080B582B001900198ED
:10325000D0F8080504F0E0FC01980168D1F8000EF0
:1032600040F00100C1F8000E0198006A48B1FFE784
:103270004EF61051CEF20001086840F006000860DA
:10328000FFE702B080BD000080B584B002900191DC
:10329000029820B9FFE701208DF80F0021E1019885
:1032A00043F60041C4F20201096801F007018842B7
:1032B00012D9FFE7019943F60040C4F20200017001
:1032C000006800F007000199884204D0FFE7012060
:1032D0008DF80F0005E1FFE70298007880070028CD
:1032E0002AD5FFE7029800784007002809D5FFE7B4
:1032F00043F60801C4F20201086840F4E050086097
:10330000FFE7029800780007002809D5FFE743F699
:103310000801C4F20201086840F460400860FFE759
:1033200043F60801C4F20201086820F0F000029A96
:10333000926810430860FFE702980078C0070028F1
:103340006ED0FFE702984068012811D1FFE743F6ED
:103350000000C4F20200006800F400310020B0EB6D
:10336000514F04D1FFE701208DF80F00B9E02CE0A8
:1033700002984068022805D0FFE7029840680328B9
:1033800011D1FFE743F60000C4F20200006800F02C
:1033900000710020B0EB516F04D1FFE701208DF8E0
:1033A0000F009EE010E043F60000C4F20200006847
:1033B00000F002010020B0EB510F04D1FFE7012023
:1033C0008DF80F008DE0FFE7FFE743F60801C4F238
:1033D0000201086820F00300029A52681043086056
:1033E000FEF7D0FC0090FFE743F60800C4F20200AD
:1033F000006800F00C0002994968B0EB810F0ED014
:10340000FFE7FEF7BFFC0099401A41F2893188427C
:1034100004D3FFE703208DF80F0062E0E4E7FFE745
:10342000019843F60041C4F20201096801F0070166
:10343000884212D2FFE7019943F60040C4F202002D
:103440000170006800F007000199884204D0FFE78E
:1034500001208DF80F0044E0FFE702980078400754
:1034600000280CD5FFE743F60801C4F20201086802
:1034700020F4E050029AD26810430860FFE70298F7
:103480000078000700280DD5FFE743F60801C4F2D5
:103490000201086820F46040029A126940EAC20002
:1034A0000860FFE700F04CF843F60801C4F202019F
:1034B0000968C9B20A094AF2FA51C0F60001895CEA
:1034C000C84040F22401C2F20001086040F2F80056
:1034D000C2F200000068FEF785FC00208DF80F00A6
:1034E000FFE79DF80F0004B080BD000040F224000B
:1034F000C2F200000068704780B5FFF7F7FF43F69F
:103500000801C4F202010968C1F382224AF20A6189
:10351000C0F60001895CC84080BD000080B5FFF79F
:10352000E5FF43F60801C4F20201096889B24A0BBB
:103530004AF20A61C0F60001895CC84080BD000003
:1035400080B586B00020059004900390029043F669
:103550000800C4F20200006800F00C00014601916E
:1035600040B1FFE7019804280AD0FFE70198082836
:103570000CD04FE042F20040C0F2F40002904FE065
:1035800041F20020C0F27A00029049E043F60400C4
:10359000C4F20200016801F03F0105910068400299
:1035A000002813D5FFE743F60400C4F202000068C8
:1035B000C0F3881041F20021C0F27A01A0FB0101A2
:1035C000059A0023FCF7FCFD049012E043F604008A
:1035D000C4F202000068C0F3881042F20041C0F259
:1035E000F401A0FB0101059A0023FCF7E9FD04901A
:1035F000FFE743F60400C4F20200006800F4403123
:10360000022000EBD130039004980399B0FBF1F055
:10361000029005E042F20040C0F2F4000290FFE7A1
:10362000029806B080BD000080B586B00490049872
:1036300020B9FFE701208DF8170050E304980078C7
:10364000C007002800F0A580FFE743F60800C4F299
:103650000200006800F00C00042813D0FFE743F6D6
:103660000800C4F20200006800F00C0008281ED117
:10367000FFE743F60400C4F202000068400200289D
:1036800015D5FFE743F60000C4F20200006800F41D
:1036900000310020B0EB514F08D0FFE7049840689C
:1036A00020B9FFE701208DF8170018E370E0FFE76D
:1036B00004984068B0F5803F09D1FFE743F6000168
:1036C000C4F20201086840F48030086020E00498E9
:1036D0004068B0F5A02F0DD1FFE743F60001C4F21A
:1036E0000201086840F480200860086840F48030D7
:1036F00008600CE043F60001C4F20201086820F4FF
:1037000080300860086820F480200860FFE7FFE749
:10371000FFE704984068E8B1FFE7FEF733FB03904A
:10372000FFE743F60000C4F20200006800F4003135
:103730000020B0EB514F0CD1FFE7FEF723FB0399BC
:10374000401A652804D3FFE703208DF81700C6E26E
:10375000E7E71CE0FEF716FB0390FFE743F60000E7
:10376000C4F20200006800F400310020B0EB514FB9
:103770000CD0FFE7FEF706FB0399401A652804D337
:10378000FFE703208DF81700A9E2E7E7FFE7FFE76F
:10379000FFE7049800788007002840F19680FFE753
:1037A00043F60800C4F20200006810F00C0F13D0BA
:1037B000FFE743F60800C4F20200006800F00C00C6
:1037C00008282CD1FFE743F60400C4F20200006889
:1037D0004002002823D4FFE743F60000C4F20200B1
:1037E000006800F002010020B0EB510F09D0FFE7A4
:1037F0000498C068012804D0FFE701208DF8170065
:103800006DE243F60001C4F20201086820F0F800FE
:10381000049A126940EAC2000860FFE754E0049885
:10382000C06870B3FFE70021C4F24721012008609F
:10383000FEF7A8FA0390FFE743F60000C4F2020087
:10384000006800F002010020B0EB510F0CD1FFE73F
:10385000FEF798FA0399401A032804D3FFE70320E0
:103860008DF817003BE2E7E743F60001C4F20201DE
:10387000086820F0F800049A126940EAC200086063
:1038800021E00021C4F2472100200860FEF77AFA07
:103890000390FFE743F60000C4F20200006800F066
:1038A00002010020B0EB510F0CD0FFE7FEF76AFADF
:1038B0000399401A032804D3FFE703208DF817006B
:1038C0000DE2E7E7FFE7FFE7FFE70498007800076E
:1038D00000284BD5FFE70498406918B3FFE740F68E
:1038E0008061C4F2472101200860FEF74BFA039083
:1038F000FFE743F67400C4F20200006800F0020122
:103900000020B0EB510F0CD1FFE7FEF73BFA039913
:10391000401A032804D3FFE703208DF81700DEE1E7
:10392000E7E722E040F68061C4F24721002008600A
:10393000FEF728FA0390FFE743F67400C4F2020092
:10394000006800F002010020B0EB510F0CD0FFE73F
:10395000FEF718FA0399401A032804D3FFE703205F
:103960008DF81700BBE1E7E7FFE7FFE70498007871
:103970004007002840F1CE80FFE700208DF80700C7
:1039800043F64000C4F202000068C000002815D4CD
:10399000FFE7FFE70020009043F64000C4F202007A
:1039A000016841F080510160006800F08050009093
:1039B0000098FFE701208DF80700FFE747F20000BD
:1039C000C4F200000068C005002822D4FFE747F2D7
:1039D0000001C4F20001086840F480700860FEF73E
:1039E000D1F90390FFE747F20000C4F2000000683D
:1039F000C00500280CD4FFE7FEF7C4F90399401A6C
:103A0000032804D3FFE703208DF8170067E1EAE7F6
:103A1000FFE7FFE704988068012809D1FFE743F634
:103A20007001C4F20201086840F0010008601FE064
:103A30000498806805280DD1FFE743F67001C4F2B1
:103A40000201086840F004000860086840F00100C6
:103A500008600CE043F67001C4F20201086820F02F
:103A600001000860086820F004000860FFE7FFE735
:103A7000FFE704988068F8B1FFE7FEF783F9039049
:103A8000FFE743F67000C4F20200006800F0020194
:103A90000020B0EB510F0ED1FFE7FEF773F9039949
:103AA000401A41F28931884204D3FFE703208DF8A0
:103AB000170014E1E5E71EE0FEF764F90390FFE765
:103AC00043F67000C4F20200006800F0020100201A
:103AD000B0EB510F0ED0FFE7FEF754F90399401AEF
:103AE00041F28931884204D3FFE703208DF81700A3
:103AF000F5E0E5E7FFE79DF80700012809D1FFE7BA
:103B000043F64001C4F20201086820F080500860CA
:103B1000FFE7FFE704988069002800F0DC80FFE7FA
:103B200043F60800C4F20200006800F00C00082808
:103B300000F08580FFE70498806902285CD1FFE7E8
:103B40006021C4F2472100200860FEF71BF90390B2
:103B5000FFE743F60000C4F20200006800F00071C5
:103B60000020B0EB516F0CD0FFE7FEF70BF9039983
:103B7000401A032804D3FFE703208DF81700AEE0B6
:103B8000E7E70499C869D1F820C04B6A8A6A40EA1D
:103B90000C0040EA8310D2034FF6FF739A43A2F55C
:103BA00080321043C96A40EA016043F60401C4F25E
:103BB000020108606021C4F2472101200860FEF77D
:103BC000E1F80390FFE743F60000C4F2020000684A
:103BD00000F000710020B0EB516F0CD1FFE7FEF751
:103BE000D1F80399401A032804D3FFE703208DF886
:103BF000170074E0E7E721E06021C4F247210020CC
:103C00000860FEF7BFF80390FFE743F60000C4F238
:103C10000200006800F000710020B0EB516F0CD082
:103C2000FFE7FEF7AFF80399401A032804D3FFE734
:103C300003208DF8170052E0E7E7FFE74AE0049819
:103C40008069012804D1FFE701208DF8170046E0C4
:103C500043F60400C4F202000068029004988069F0
:103C6000012831D0FFE7029800F480000499C96967
:103C7000884229D1FFE7029800F03F000499096AC1
:103C8000884221D1FFE7029847F6C07108400499A5
:103C9000496AB0EB811F17D1FFE7029800F440306A
:103CA0000499896AC9034FF6FF729143A1F58031E7
:103CB000884209D1FFE7029800F070600499C96A50
:103CC000B0EB016F04D0FFE701208DF8170006E08C
:103CD000FFE7FFE7FFE700208DF81700FFE79DF8FB
:103CE000170006B080BD000080B584B00290029835
:103CF00020B9FFE701208DF80F0071E00298406ABB
:103D000060B9FFE702984068B0F5827F01D1FFE714
:103D100003E002990020C861FFE705E00299002056
:103D2000086102994861FFE70299002088620298C1
:103D300090F8510040B9FFE70299002081F8500047
:103D4000029800F051F8FFE70299022081F8510033
:103D500002980168086820F040000860029A019209
:103D600011685068D2F808C0D36800F482700CF46F
:103D7000044C604403F400631844136903F0020325
:103D80001844536903F001031844936903F4007362
:103D90001844D36903F038031844136A03F080030E
:103DA0001843926A02F4005210430860029A508B42
:103DB00000F004001168526A02F0100210444860DA
:103DC00002980168C86920F40060C8610299002067
:103DD0004865029A012182F851108DF80F00FFE723
:103DE0009DF80F0004B080BD80B58AB00990002016
:103DF000089007900690059004900998006843F297
:103E00000001C4F20101884233D1FFE7FFE700203F
:103E1000039043F64400C4F20200016841F480516B
:103E20000160006800F4805003900398FFE7FFE70B
:103E30000020029043F63000C4F20200016841F015
:103E400001010160006800F0010002900298FFE7A4
:103E5000E0200490022005900020069003200790A7
:103E6000052008900020C4F2020004A9FDF796FD89
:103E70003EE00998006843F60041C4F20001884220
:103E800035D1FFE7FFE70020019043F64000C4F280
:103E90000200016841F400410160006800F4004044
:103EA00001900198FFE7FFE70020009043F6300003
:103EB000C4F20200016841F004010160006800F0F2
:103EC000040000900098FFE74FF4E05004900220B7
:103ED000059000200690032007900620089040F6E9
:103EE0000000C4F2020004A9FDF758FDFFE7FFE758
:103EF0000AB080BD80B582B00190019801F026FC27
:103F000002B080BD85B003900291FFE7039890F85E
:103F10003C00012804D1FFE702208DF813007EE069
:103F20000399012081F83C00FFE7FFE70399022095
:103F300081F83D000398006840680190039800688C
:103F400080680090019820F070000190029801684C
:103F50000198084301900198039909684860039803
:103F600000680021C4F2010188423CD0FFE70398B9
:103F70000068B0F1804F36D0FFE70398006840F248
:103F80000041C4F2000188422DD0FFE70398006889
:103F900040F60001C4F20001884224D0FFE70398F4
:103FA000006840F60041C4F2000188421BD0FFE7E0
:103FB0000398006840F20041C4F20101884212D027
:103FC000FFE70398006844F20001C4F2010188424F
:103FD00009D0FFE70398006841F60001C4F2000130
:103FE00088420ED1FFE7009820F0800000900298F0
:103FF0004168009808430090009803990968886018
:10400000FFE70399012081F83D00FFE703990020B5
:1040100081F83C00FFE700208DF81300FFE79DF8D2
:10402000130005B07047000080B582B00090009882
:1040300020B9FFE701208DF807003FE0009890F8D5
:104040003D0040B9FFE70099002081F83C0000984E
:1040500000F038F8FFE70099022081F83D00009950
:1040600051F8040B01F008FC0099012081F846008A
:10407000FFE70099012081F83E00009981F83F0098
:10408000009981F84000009981F84100FFE7FFE7BF
:104090000099012081F84200009981F843000099BD
:1040A00081F84400009981F84500FFE7009901205C
:1040B00081F83D0000208DF80700FFE79DF807001C
:1040C00002B080BD82B0019001980068B0F1804FCD
:1040D00012D1FFE7FFE70020009043F64000C4F252
:1040E0000200016841F001010160006800F0010078
:1040F00000900098FFE7FFE702B0704780B586B0F8
:104100000490039100208DF80B00FFE7049890F8CD
:104110003C00012804D1FFE702208DF81700ABE036
:104120000499012081F83C00FFE7FFE70499022091
:1041300081F83D000498006880680190019820F0A3
:1041400077000190019820F47F4001900198049934
:1041500009688860039800680090002872D0FFE723
:10416000009810286ED0FFE7009820286AD0FFE75B
:104170000098302866D0FFE70098402855D0FFE728
:104180000098502837D0FFE70098602840D0FFE71C
:10419000009870280BD0FFE70098B0F5805F05D03D
:1041A000FFE70098B0F5005F16D052E055E00498A4
:1041B0000068039B5A689968DB6801F02BFC04983F
:1041C000006880680190019840F0770001900198A4
:1041D00004990968886040E004980068039B5A6865
:1041E0009968DB6801F016FC04980168886840F45F
:1041F0008040886031E004980068039A5168D26872
:1042000001F038FC04980068502101F01DFC24E006
:1042100004980068039A5168D26801F053FC04982E
:104220000068602101F010FC17E004980068039A10
:104230005168D26801F01EFC04980068402101F02A
:1042400003FC0AE0049800680399096801F0FCFB8C
:1042500003E001208DF80B00FFE70499012081F8AD
:104260003D00FFE70499002081F83C00FFE79DF83E
:104270000B008DF81700FFE79DF8170006B080BD12
:1042800082B00190ADF8021002B0704781B000908A
:1042900001B0704780B592B0119011980068006825
:1042A000109011980068C0680F90119800684069DC
:1042B0000E9000200D900C90109800F00F000D90C3
:1042C0000D9888B9FFE79DF84000800600280AD5C0
:1042D000FFE79DF83C008006002804D5FFE7119811
:1042E00001F088FCE3E1FFE70D98002800F0C280B0
:1042F000FFE79DF83800C00738B9FFE7BDF83C007C
:1043000010F4907F00F0B680FFE79DF84000C007F2
:1043100058B1FFE79DF83D00C00730B1FFE71199A4
:10432000086C40F001000864FFE79DF8400040077A
:1043300000280BD5FFE79DF83800C00730B1FFE734
:104340001199086C40F002000864FFE79DF84000F6
:10435000800700280BD5FFE79DF83800C00730B173
:10436000FFE71199086C40F004000864FFE79DF82E
:1043700040000007002811D5FFE79DF83C008006AB
:10438000002805D4FFE79DF83800C00730B1FFE7EB
:104390001199086C40F008000864FFE71198006C60
:1043A000002866D0FFE79DF84000800600280AD567
:1043B000FFE79DF83C008006002804D5FFE7119830
:1043C00001F018FCFFE7119800684069C0F3801005
:1043D0000C901198006C0007002804D4FFE70C989B
:1043E00000283ED0FFE7119801F0A6FB1198006865
:1043F0004069400600282FD5FFE7FFE7FFE7119847
:10440000006850E8050F20F040000B90FFE70B9983
:104410001198026842E805100028F0D1FFE7FFE795
:104420001198806B98B1FFE71198816B45F61930B0
:10443000C0F6000008651198806BFDF76BFA28B193
:10444000FFE71198806B016D8847FFE703E0119843
:10445000FFF71CFFFFE703E01198FFF717FFFFE7E7
:1044600006E01198FFF712FF119900200864FFE79A
:10447000FFE71CE11198006B012840F0F880FFE78E
:104480009DF84000C006002840F1F180FFE79DF84C
:104490003C00C006002840F1EA80FFE7FFE700206B
:1044A0000A901198006800680A90119800684068A6
:1044B0000A900A98FFE711980068406940060028B2
:1044C0007ED5FFE71198806B00684068ADF8260044
:1044D000BDF82600002872D0FFE7BDF8260011992C
:1044E000898D88426BDAFFE7BDF826001199C885EF
:1044F0001198806BC069B0F5807F58D0FFE7FFE767
:10450000FFE71198006850E8030F20F480700890CE
:10451000FFE708991198026842E803100028F0D1DB
:10452000FFE7FFE7FFE7FFE71198006850E8050F96
:1045300020F001000790FFE707991198026842E810
:1045400005100028F0D1FFE7FFE7FFE7FFE711982C
:10455000006850E8050F20F040000690FFE706993C
:104560001198026842E805100028F0D1FFE7FFE744
:104570001199202081F83E00119900200863FFE77F
:10458000FFE71198006850E8030F20F01000059035
:10459000FFE705991198026842E803100028F0D15E
:1045A000FFE7FFE71198806BFDF73EF9FFE71198F1
:1045B000818DC28D891A89B2FFF762FEFFE776E02E
:1045C0001199888DC98D401AADF812001198C08DCF
:1045D00000284BD0FFE7BDF81200002846D0FFE7C7
:1045E000FFE7FFE71198006850E8030F20F4907090
:1045F0000390FFE703991198026842E8031000282E
:10460000F0D1FFE7FFE7FFE7FFE71198006850E808
:10461000050F20F001000290FFE70299119802684F
:1046200042E805100028F0D1FFE7FFE711992020AC
:1046300081F83E00119900200863FFE7FFE7119819
:10464000006850E8030F20F010000190FFE7019987
:104650001198026842E803100028F0D1FFE7FFE755
:104660001198BDF81210FFF70BFEFFE71FE09DF851
:104670004000000600280AD5FFE79DF83C00000630
:10468000002804D5FFE7119801F03CFC0FE09DF8ED
:104690004000400600280AD5FFE79DF83C00400690
:1046A000002804D5FFE7119801F090FAFFE712B057
:1046B00080BD000080B582B00090009820B9FFE76F
:1046C00001208DF807003EE00098806908B1FFE7FF
:1046D00000E0FFE7009890F83D0040B9FFE700993F
:1046E000002081F83C00009800F032F8FFE70099C4
:1046F000242081F83D0000980168C86820F400502B
:10470000C860009801F028FB00980168086920F44F
:104710009040086100980168486920F02A004861CB
:1047200000980168C86840F40050C86000990020F3
:104730000864009A202182F83D10009A82F83E1009
:104740008DF80700FFE79DF8070002B080BD00006C
:1047500080B58AB0099000200890079006900590D7
:1047600004900998006841F20001C4F201018842F6
:104770003ED1FFE7FFE70020039043F64400C4F278
:104780000200016841F010010160006800F01000B3
:1047900003900398FFE7FFE70020029043F6300004
:1047A000C4F20200016841F002010160006800F0FB
:1047B000020002900298FFE7C020049002200590BA
:1047C000002000900690032007900720089040F2F8
:1047D0000040C4F2020004A9FDF7E0F8009A252089
:1047E00001901146FDF766FB0198FDF759FBFFE7C5
:1047F0000AB080BD80B584B002900191ADF802206E
:10480000029890F83E00202828D1FFE7019820B1B7
:10481000FFE7BDF8020020B9FFE701208DF80F0087
:1048200020E0FFE7029890F83C00012804D1FFE760
:1048300002208DF80F0015E00299012081F83C005C
:10484000FFE7FFE702990020086302980199BDF88D
:10485000022001F01FFB8DF80F0003E002208DF80D
:104860000F00FFE79DF80F0004B080BD80B582B057
:10487000019041F65E70C2F200000078D8B1FFE707
:104880000198006841F20001C4F20101884211D18F
:10489000FFE740F20010C2F200000090007800F044
:1048A0000DFF009941F6B460C2F200000122FFF74B
:1048B000A1FFFFE7FFE702B080BD000081B00090DC
:1048C00001B07047FFE7FEE783B0029001918DF8D9
:1048D000032000208DF802008DF80200FFE79DF80C
:1048E00002009DF80310884229DAFFE70298000FC2
:1048F000092809D8FFE70298000F303001999DF888
:10490000022001F8120009E00299372000EB117033
:1049100001999DF8022001F81200FFE702980001BA
:10492000029001989DF8021000EB410100204870B0
:10493000FFE79DF8020001308DF80200CFE703B0D9
:104940007047000080B582B001900198FBF77BFCB6
:10495000ADF802000020ADF80000FFE7BDF8000050
:10496000BDF8021088420DDAFFE70198BDF800108B
:10497000405C00F0A3FEFFE7BDF800000130ADF899
:104980000000EBE702B080BD80B582B041F6840044
:10499000C2F20000009046F20041C4F20001016042
:1049A00010214160002101918160C160016141617C
:1049B000017641768176C17601774177FCF7FCFD7F
:1049C00018B1FFE7FCF7C6FDFFE702B080BD0000AD
:1049D00080B59AB0002019901890179016901590F5
:1049E000FFE70020149043F63000C4F20200016893
:1049F00041F010010160006800F01000149014985C
:104A0000FFE7FFE70020139043F63000C4F20200F6
:104A1000016841F004010160006800F00400139097
:104A20001398FFE7FFE70020129043F63000C4F22E
:104A30000200016841F080010160006800F0800020
:104A400012901298FFE7FFE70020119043F6300024
:104A5000C4F20200016841F001010160006800F049
:104A6000010011901198FFE7FFE70020109043F636
:104A70003000C4F20200016841F0020101600068E8
:104A800000F0020010901098FFE7FFE700200F9061
:104A900043F63000C4F20200016841F008010160F1
:104AA000006800F008000F900F98FFE70020C4F2A4
:104AB000020002900B21019100220C92FDF74AF9AD
:104AC0000C9A40F60000C4F20200049030210391D9
:104AD000FDF740F90C9A40F20040C4F20200069043
:104AE00041F602010591FDF735F90C9A41F20000FB
:104AF000C4F2020008904BF280510791FDF72AF9A9
:104B00000C9A40F60040C4F202000D904FF4506140
:104B10000991FDF71FF908980C9944F67F22159228
:104B200003220B921692179115A90E91FCF736FFEE
:104B300004980B9B0C9A0E994EF2CF3CCDF854C0C2
:104B400016931792FCF72AFF019B02980C9A0E9974
:104B5000159301230A93169317921892FCF71EFFE0
:104B600002980B9B0C9A0E9948F2147CCDF854C015
:104B700016931792FCF712FFDDF80CC004980A9BFD
:104B80000C9A0E99CDF854C0169317921892FCF710
:104B900005FF06980B9B0C9A0E994EF23D7CCDF8C2
:104BA00054C016931792FCF7F9FEDDF814C006986E
:104BB0000A9B0C9A0E99CDF854C01693179218922E
:104BC000FCF7ECFEDDF81CC008980A9B0C9A0E99C5
:104BD000CDF854C0169317921892FCF7DFFEDDF85B
:104BE00024C00A9B0C9A0D980E99CDF854C01693C8
:104BF00017921892FCF7D2FE0B9B0C9A0D980E9907
:104C00004FF2FC2CCDF854C016931792FCF7C6FE59
:104C10001AB080BD80B582B041F6BC50C2F200002F
:104C2000009043F20001C4F2010101604FF482716F
:104C30004160002101918160C160016141614FF4D7
:104C400000728261C1610162416281620A21C162B6
:104C5000FFF74AF818B1FFE7FCF77CFCFFE702B06A
:104C600080BD000080B582B041F61460C2F2000041
:104C7000009043F60041C4F2000101604FF48271DC
:104C80004160002101918160C160016141614FF487
:104C900000728261C1610162416281620A21C16266
:104CA000FFF722F818B1FFE7FCF754FCFFE702B06A
:104CB00080BD000080B588B0002101910791069168
:104CC000059104910391029141F66C60C2F20000DB
:104CD0004FF080420260416081604FF0FF32C2605D
:104CE00001618161FFF7A0F918B1FFE7FCF732FC21
:104CF000FFE74FF48050049041F66C60C2F2000070
:104D000004A9FFF7FBF918B1FFE7FCF723FCFFE765
:104D100000200290039041F66C60C2F2000002A9EC
:104D2000FFF7F0F818B1FFE7FCF714FCFFE708B055
:104D300080BD000080B582B041F6B460C2F20000D0
:104D4000019041F20001C4F2010101604FF4E13130
:104D5000416000218160C16001610C22426181617A
:104D6000C161FFF7A7FC18B1FFE7FCF7F3FBFFE712
:104D700002B080BD80B541F2A850C2F2000040F2FE
:104D80000801C2F20001002202F0AAFA18B1FFE7FE
:104D9000FCF7E0FBFFE741F2A850C2F2000040F24E
:104DA0002801C2F2000102F09BFF18B1FFE7FCF7F7
:104DB000D1FBFFE741F2A850C2F2000040F2C4016B
:104DC000C2F2000101F0C6FC18B1FFE7FCF7C2FB1C
:104DD000FFE741F2A850C2F2000003F00BF918B14E
:104DE000FFE7FCF7B7FBFFE780BD0000FFE7FEE74A
:104DF00080B584B08DF80F008DF80E109DF80E0070
:104E0000002818BF01208DF80D009DF80F004138D3
:104E100001460191392800F25F800199DFE801F035
:104E20003B46515C5C5C5C5C5C5C5C5C5C5C5C5C04
:104E30005C5C5C5C5C5C5C1D26305C5C5C5C5C5C53
:104E40003B46515C5C5C5C5C5C5C5C5C5C5C5C5CE4
:104E50005C5C5C5C5C5C5C1D26309DF80D20002079
:104E6000C4F202000221FCF775FF35E09DF80D2029
:104E700040F60000C4F202002021FCF76BFF2BE09B
:104E80009DF80D2041F20000C4F202004FF4807141
:104E9000FCF760FF20E09DF80D2041F20000C4F215
:104EA00002004FF40051FCF755FF15E09DF80D206E
:104EB00040F20040C4F202004FF48051FCF74AFF78
:104EC0000AE09DF80D2040F60040C4F202004FF4C5
:104ED0000061FCF73FFFFFE700200290FFE7029828
:104EE000312806DCFFE700BFFFE70298013002909F
:104EF000F5E704B080BD000080B582B08DF80700F2
:104F00008DF806109DF80600B0FA80F040098DF883
:104F100005009DF80700413801460091392800F24C
:104F200054800099DFE801F0303B46515151515116
:104F30005151515151515151515151515151511D95
:104F40001D26515151515151303B465151515151F2
:104F50005151515151515151515151515151511D75
:104F60001D269DF805200020C4F202000821FCF750
:104F7000F1FE2AE09DF8052040F20040C4F2020054
:104F80000221FCF7E7FE20E09DF8052041F2000039
:104F9000C4F202004FF48061FCF7DCFE15E09DF8DE
:104FA000052041F20000C4F202004FF40041FCF77A
:104FB000D1FE0AE09DF8052040F60040C4F2020050
:104FC0004FF48071FCF7C6FEFFE702B080BD000021
:104FD00080B586B08DF817009DF81700413801465E
:104FE0000191392800F258800199DFE801F037413A
:104FF0004B5555555555555555555555555555556B
:1050000055555555551D252E555555555555374111
:105010004B5555555555555555555555555555554A
:1050200055555555551D252E0020C4F202000490FB
:105030000120ADF80E0030E040F60000C4F202009E
:1050400004901020ADF80E0027E041F20000C4F2F9
:10505000020004908020ADF80E001EE041F2000036
:10506000C4F2020004904FF48050ADF80E0014E03A
:1050700040F20040C4F2020004904FF40060ADF82A
:105080000E000AE040F60040C4F2020004904FF423
:105090008060ADF80E0000E019E00498BDF80E1035
:1050A0000122FCF757FE00200290FFE7029831280A
:1050B00006DCFFE700BFFFE7029801300290F5E74A
:1050C0000498BDF80E100022FCF744FEFFE706B07E
:1050D00080BD000080B58AB07A200590012107913B
:1050E000FFF70AFF4AF2FA60C0F6000004F0E4FDA0
:1050F00000F052FF41F288300690FCF72DFC059835
:105100000799FFF775FE4AF2AB60C0F6000004F0A5
:10511000D3FD00F041FF0698FCF71EFC4AF2E36065
:10512000C0F6000004F0C8FD00F036FF07980990B3
:10513000FFE70998B0F5C85F0BDAFFE77A20FFF7C1
:1051400047FF0120FCF708FCFFE7099801300990B0
:10515000EFE74AF2CD60C0F6000004F0ADFD00F0CC
:105160001BFF41F288300390FCF7F6FB7A20019098
:1051700000210291FFF7C0FE4AF2C060C0F60000B5
:1051800004F09AFD00F008FF0398FCF7E5FB019896
:1051900001210491FFF7B0FE4AF2FA60C0F6000068
:1051A00004F08AFD00F0F8FE0398FCF7D5FB0198A7
:1051B0000299FFF71DFE4AF29660C0F6000004F067
:1051C0007BFD00F0E9FE0398FCF7C6FB4AF2E360C2
:1051D000C0F6000004F070FD00F0DEFE04980890B8
:1051E000FFE70898B0F5C85F0BDAFFE77A20FFF712
:1051F000EFFE0120FCF7B0FBFFE7089801300890B4
:10520000EFE74AF2CD60C0F6000004F055FD00F073
:10521000C3FE41F288300090FCF79EFB7A2000210B
:10522000FFF76AFE4AF2C060C0F6000004F044FDD9
:1052300000F0B2FE0098FCF78FFB0AB080BD0000C2
:10524000FFE7FEE788B0079006910592079800F007
:10525000070004900498C0F10700052803D3FFE776
:105260000420019004E00498C0F107000190FFE7DA
:105270000198039004980430062803D8FFE7002023
:10528000009003E0049803380090FFE70098029034
:1052900006980399012202FA01F101390840029BA4
:1052A000984005999A40013A1140084308B0704768
:1052B00080B541F6B000C2F20000FDF721F980BDD3
:1052C00080B586B005900491059800680390039816
:1052D00002900398006C01900298049900EB411031
:1052E000D0F8080B0090019843F20B01C4F65471FA
:1052F00088420FD3FFE79DF801000006002809D57A
:10530000FFE70298049900EB41114FF40040C1F807
:10531000080BFFE70598FDF74DFF019843F20B01DD
:10532000C4F6547188420DD3FFE70598006901283F
:1053300008D1FFE70599086801F2C442012103F092
:1053400099FDFFE7002006B080BD000080B588B061
:1053500007900691079800680490049803900498B9
:10536000006C02900398069900EB4110D0F8080BEE
:10537000019007980069012840F08180FFE79DF8BF
:1053800004000007002818D5FFE7029843F20B013C
:10539000C4F6547188420FD3FFE79DF8050000065C
:1053A000002809D5FFE70398069900EB41114FF457
:1053B0000040C1F8080BFFE760E09DF8040080069C
:1053C000002808D5FFE70398069900EB411120203B
:1053D000C1F8080B51E09DF8040010F0280F4AD1E5
:1053E000FFE7029843F20B01C4F6547188420FD3D1
:1053F000FFE79DF805000006002809D5FFE70398A0
:10540000069900EB41114FF40040C1F8080B31E060
:105410000798069901EBC10100EB810000F51F70B0
:1054200005900598C0690399069A01EB4211D1F8DD
:10543000101B6FF3DF41401A05990862069898B96E
:10544000FFE70598806940B9FFE70799086801F20E
:10545000C442012103F00EFD05E0059908690A6ABE
:1054600010440861FFE7FFE707989DF81810FCF764
:10547000C1FDFFE700E0FFE7FFE7FFE747E0029835
:1054800043F20A11C4F65471884224D1FFE79DF813
:1054900005000006002809D5FFE70398069900EBF0
:1054A00041114FF40040C1F8080B13E09DF80400CF
:1054B0008006002808D5FFE70398069900EB411104
:1054C0002020C1F8080BFFE707989DF81810FCF79B
:1054D00091FDFFE71AE0069890B9FFE70798069953
:1054E00001EBC10100EB8100D0F8940240B9FFE765
:1054F0000799086801F2C442002103F0BBFCFFE7F2
:1055000007989DF81810FCF775FDFFE7FFE70020EE
:1055100008B080BD80B58CB00A9009910A980068E7
:105520000890089807900A98099901EBC10100EBCF
:1055300081003C30069006988169006A884204D94F
:10554000FFE701208DF82F0079E006998869096A44
:10555000401A059005980699C968884204D9FFE762
:105560000698C0680590FFE705980330800804900E
:10557000FFE70798099900EB4110D0F8180981B2AC
:10558000049A0020914202900FD3FFE706988269A7
:10559000016A00209142029007D2FFE706988069D5
:1055A000002818BF01200290FFE70298C00770B3DF
:1055B000FFE706998869096A401A059005980699D7
:1055C000C968884204D9FFE70698C0680590FFE7DC
:1055D00005980330800804900898069909699DF899
:1055E0002420BDF81430DDF828C09CF810C0EE4629
:1055F000CEF800C004F078FA059A069908691044BC
:105600000861059A0699086A10440862B1E706998C
:105610008869096A88420ED8FFE7099800F00F01EF
:10562000012088400390039A0799D1F834089043E9
:10563000C1F83408FFE700208DF82F00FFE79DF840
:105640002F000CB080BD00007047000080B583B013
:10565000019041F6F861C2F2000191F8600001305A
:1056600000F007008DF803009DF8030091F8611029
:10567000884204D1FFE700208DF80B001AE041F6C4
:10568000F861C2F2000191F8600000EB400E01EBFE
:105690008E02019BD3F800C058689B6841F82EC069
:1056A000936050609DF8030081F8600001208DF840
:1056B0000B00FFE79DF80B0003B080BD81B08DF8B3
:1056C000030041F6AC00C2F20000008801306FF325
:1056D0009F20ADF80000BDF8000041F65C71C2F2F9
:1056E00000010988884210D0FFE79DF8030041F6C9
:1056F000AC01C2F200010B8841F65F72C2F20002F7
:10570000D054BDF800000880FFE701B070470000EA
:105710007047000084B003900398009000980078D0
:10572000ADF8080000980130009000980078ADF8BE
:105730000600BDF80610BDF8080040EA0120ADF8EB
:105740000A00BDF80A0004B07047000080B582B0BE
:10575000009000980138B0F1807F03D3FFE701206B
:10576000019019E0009801384EF21401CEF20001C8
:1057700008604FF0FF300F2104F01AFA4EF21801C2
:10578000CEF20001002008604EF21002CEF20002BC
:10579000072111600190FFE7019802B080BD000071
:1057A00080B5FCF7F5FA80BD80B594B008A830212B
:1057B000FAF73EFD002007900690059004900390B4
:1057C000FFE70020029043F64000C4F202000168A7
:1057D00041F080510160006800F080500290029812
:1057E000FFE7FFE70020019047F20000C4F200004D
:1057F000016841F480410160006800F4804001903C
:105800000198FFE7012008904FF4803009900220B2
:105810000E904FF480010F9104211091A821119155
:1058200012900720139008A8FDF7FEFE18B1FFE7BD
:10583000FBF790FEFFE70F2003900220049000206A
:1058400005904FF4A05006904FF48050079003A8A5
:105850000521FDF719FD18B1FFE7FBF77BFEFFE718
:1058600014B080BD4EF68851CEF20001086840F4B5
:10587000700008607047000083B0029001910298A8
:105880000068009002980021C4F20101884225D0EE
:10589000FFE70298B0F1804F20D0FFE7029840F276
:1058A0000041C4F20001884218D0FFE7029840F698
:1058B0000001C4F20001884210D0FFE7029840F6D0
:1058C0000041C4F20001884208D0FFE7029840F28C
:1058D0000041C4F2010188420AD1FFE7009820F09C
:1058E0007000009001984168009808430090FFE71D
:1058F00002980021C4F20101884255D0FFE70298C6
:10590000B0F1804F50D0FFE7029840F20041C4F25E
:105910000001884248D0FFE7029840F60001C4F237
:105920000001884240D0FFE7029840F60041C4F2EF
:105930000001884238D0FFE7029840F20041C4F2EB
:105940000101884230D0FFE7029844F20001C4F21E
:105950000101884228D0FFE7029844F20041C4F2D6
:105960000101884220D0FFE7029844F60001C4F20A
:105970000101884218D0FFE7029841F60001C4F205
:105980000001884210D0FFE7029841F60041C4F2BE
:105990000001884208D0FFE7029842F20001C4F2F9
:1059A000000188420AD1FFE7009820F4407000907F
:1059B0000198C168009808430090FFE7009820F024
:1059C0008000019949690843009000980299086095
:1059D000019880680299C8620198006802998862FB
:1059E00002980021C4F20101884208D0FFE7029822
:1059F00040F20041C4F20101884205D1FFE701985D
:105A0000006902990863FFE702990120486103B029
:105A10007047000085B004900391029201930498AE
:105A200080680090009820F47F40009003980299CD
:105A3000019A41EA0221014300980843009000982E
:105A40000499886005B0704783B002900191029874
:105A500080680090009820F07000009001980099F4
:105A6000084340F00700009000980299886003B056
:105A70007047000085B00490039102920498006A78
:105A800000900499086A20F0010008620498806977
:105A90000190019820F0F00001900299019840EAED
:105AA00001100190009820F00A00009003990098DE
:105AB000084300900198049988610098049908624D
:105AC00005B0704785B00490039102920499086A6A
:105AD00020F0100008620498806901900498006A20
:105AE0000090019820F4704001900299019840EADA
:105AF00001300190009820F0A000009003990098D8
:105B000040EA011000900198049988610098049976
:105B1000086205B07047000080B582B0019001981E
:105B2000806B009000990020C8850099C884009877
:105B3000FEF7ACFB02B080BD84B00390FFE7FFE747
:105B40000398006850E8030F20F490700290FFE77C
:105B500002990398026842E803100028F0D1FFE799
:105B6000FFE7FFE7FFE70398006850E8050F20F024
:105B700001000190FFE701990398026842E80510CF
:105B80000028F0D1FFE7FFE70398006B012814D14C
:105B9000FFE7FFE7FFE70398006850E8030F20F0F6
:105BA00010000090FFE700990398026842E8031094
:105BB0000028F0D1FFE7FFE7FFE70399202081F8F5
:105BC0003E0003990020086304B0704780B582B09E
:105BD000019001980168C86820F04000C8600199F0
:105BE000202081F83D000198FEF768FE002002B0F9
:105BF00080BD000080B586B00490049890F83E0007
:105C0000222840F0A180FFE704988068B0F5805F0B
:105C100015D1FFE70498006988B9FFE700200390D9
:105C20000498806A02900498006840686FF35F20CF
:105C3000029908800499886A0230886225E00498F5
:105C4000806A03900020029004988068B0F5805F1D
:105C500008D0FFE70498806850B9FFE7049800690E
:105C600030B9FFE70498006840680399087007E0BE
:105C700004980068406800F07F0003990870FFE70F
:105C80000499886A01308862FFE70499C88D013859
:105C9000C8850004002853D1FFE704980168C8684C
:105CA00020F02000C86004980168C86820F4807063
:105CB000C86004980168486920F0010048610499AF
:105CC000202081F83E000498006B012830D1FFE7C6
:105CD000049900200863FFE7FFE70498006850E894
:105CE000030F20F010000190FFE70199049802686B
:105CF00042E803100028F0D1FFE7FFE704980068AE
:105D00000068C00600280ED5FFE7FFE700200090DE
:105D1000049800680068009004980068406800904B
:105D20000098FFE7FFE70498818DFEF7A9FA03E0EA
:105D30000498FEF79BFDFFE700208DF8170007E0B1
:105D400000208DF8170003E002208DF81700FFE710
:105D50009DF8170006B080BD80B586B00590059807
:105D60000068006920F44050059A1168D268104319
:105D70000861059988680B694A69C9691843104325
:105D80000843049005980068C06849F20C61884394
:105D90000499084305990968C86005980068406936
:105DA00020F44070059A1168926910434861059883
:105DB000006841F20001C4F20101884209D0FFE706
:105DC0000598006841F20041C4F20101884204D103
:105DD000FFE7FDF7A3FB039003E0FDF78DFB0390C6
:105DE000FFE70598C069B0F5004F29D1FFE7039898
:105DF0001921A0FB0101059A1368029353685A0008
:105E0000DB0FFAF7DDF90299864648F21F53C5F217
:105E1000EB13AEFB0320420910014FF0640C02FBB0
:105E20001CEC322202EBCC02A2FB0332F82303EA81
:105E3000521300EB4300C2F342121044886026E084
:105E400003981921A0FB0101059A13680193536877
:105E50009A009B0FFAF7B4F90199844648F21F5251
:105E6000C5F2EB12ACFB02304309642003FB10CCFB
:105E7000322000EB0C10A0FB0202F02000EA5210CE
:105E800000EB0310C2F3431210448860FFE706B032
:105E900080BD000083B002900191ADF8022001980E
:105EA00002998862BDF8020002998885BDF8020057
:105EB0000299C8850299002008640299222081F87D
:105EC0003E00FFE70299002081F83C00FFE70298BE
:105ED000006938B1FFE702980168C86840F4807033
:105EE000C860FFE702980168486940F00100486116
:105EF00002980168C86840F02000C860002003B024
:105F00007047000083B00190019890F83D0021286F
:105F10003AD1FFE701988068B0F5805F13D1FFE7C1
:105F20000198006978B9FFE70198006A009000982D
:105F300000886FF35F200199096848600199086A39
:105F40000230086208E0019A106A411C1162007870
:105F5000019909684860FFE70199C88C0138C88435
:105F6000000468B9FFE701980168C86820F0800064
:105F7000C86001980168C86840F04000C860FFE749
:105F800000208DF80B0003E002208DF80B00FFE7E6
:105F90009DF80B0003B0704780B584B041F2A85063
:105FA000C2F2000090F89C02032801D0FFE756E0FF
:105FB00000208DF80F0041F65C70C2F200000088EE
:105FC000ADF80C0041F6AC00C2F200000088ADF85C
:105FD0000A00FFE79DF80F1000203F29019009DC1F
:105FE000FFE7BDF80C00BDF80A10401A18BF0120E9
:105FF0000190FFE70198C007C8B1FFE7BDF80C109A
:1060000041F65F70C2F20000405C9DF80F20511C09
:106010008DF80F1040F20111C2F200018854BDF852
:106020000C0001306FF39F20ADF80C00D2E79DF813
:106030000F00012813DBFFE79DF80F1040F201105D
:10604000C2F20000FBF7D8F940B9FFE7BDF80C0039
:1060500041F65C71C2F200010880FFE7FFE704B07F
:1060600080BD000080B541F6B460C2F2000040F28D
:106070000011C2F200010122FEF7BCFB80BD00004E
:1060800080B541F6B460C2F20000FEF703F980BDAE
:1060900080B586B004908DF80F100498D0F8C8022F
:1060A00001900498D0F8D41200EB8100D0F8C0021F
:1060B00020B9FFE703208DF817005FE00498D0F8BF
:1060C000D41200EB8100D0F8C002029004989DF831
:1060D0000F1001F00F0101EB810100EB81008069DD
:1060E00040B3FFE704989DF80F1001F00F0101EB9A
:1060F000810200EB82008269019801EBC10100EB93
:106100008100816CB2FBF1F000FB112090B9FFE738
:1061100004989DF80F1001F00F0101EB810100EBD5
:1061200081000023836104989DF80F101A4601F046
:1061300083FD1FE002990020C1F814020498D0F8F2
:10614000D41200EB8100D0F8C402006988B1FFE7E7
:106150000498D0F8D41200EB8100D0F8C40203698F
:106160000299D1F8080201F504719DF80F209847B3
:10617000FFE7FFE700208DF81700FFE79DF8170005
:1061800006B080BD80B584B002908DF807100298EB
:10619000D0F8D41200EB8100D0F8C0020090029831
:1061A000D0F8D41200EB8100D0F8C00220B9FFE78C
:1061B00003208DF80F0019E002989DF8071001F0F8
:1061C000CBFA0099C1F80C020298D0F8D41200EB77
:1061D0008100D0F8C402C2680099D1F8040201F528
:1061E0000371904700208DF80F00FFE79DF80F0026
:1061F00004B080BD80B586B005908DF81310059869
:1062000040F20501C2F200010091097801F0BCF8EA
:1062100000990598097801F00F0101EB810100EB6D
:106220008101002003908884059840F20601C2F2A3
:1062300000010191097801F0A7F8019A03980599E6
:10624000127802F00F0202EB820201EB8201A1F848
:106250006401059840F20401C2F20001029109783C
:1062600001F092F8029A03980599137803F00F034E
:1062700003EB830301EB830188840599127802F014
:106280000F0202EB820201EB8201C8840598D0F86C
:10629000D41200EB8100D0F8C002F0B1FFE70598FE
:1062A000D0F8D41200EB8100D0F8C40240688047D7
:1062B0000598D0F8D41200EB8100D0F8C00202F0AB
:1062C00057F90598D0F8D41200EB81010020C1F8ED
:1062D000C0020599C1F8BC02FFE7002006B080BDEE
:1062E00080B584B002900298D0F8D41200EB8100FF
:1062F000D0F8C0020190019820B9FFE703208DF883
:106300000F0025E00298D0F8D41200EB8100D0F8FD
:10631000C402C8B1FFE7019890F80002FF2813D02B
:10632000FFE70298D0F8D41200EB8100D0F8C40245
:106330008368019991F8000291F801229847019928
:10634000FF2081F80002FFE700208DF80F00FFE733
:106350009DF80F0004B080BD81B0009000990A2024
:10636000088040F2A400C2F2000001B070470000B3
:1063700080B586B0059040F26000C2F20000019046
:10638000822100F09BFE014601980491012100F05A
:1063900095FE014601980391812100F08FFE029045
:1063A000049820B1FFE7049910208871FFE7039853
:1063B00020B1FFE7039940208880FFE7029820B1D1
:1063C000FFE7029940208880FFE705994320088075
:1063D00040F26000C2F2000006B080BD80B586B019
:1063E000059040F26000C2F200000190822100F0AE
:1063F00065FE014601980491012100F05FFE01460F
:1064000001980391812100F059FE0290049820B177
:10641000FFE7049910208871FFE7039828B1FFE790
:1064200003994FF400708880FFE7029828B1FFE7D6
:1064300002994FF400708880FFE705994320088097
:1064400040F26000C2F2000006B080BD80B586B0A8
:10645000059040F26000C2F200000190822100F03D
:106460002DFE014601980491012100F027FE01460E
:1064700001980391812100F021FE0290049820B13F
:10648000FFE7049910208871FFE7039820B1FFE728
:10649000039940208880FFE7029820B1FFE7029926
:1064A00040208880FFE705994320088040F2600083
:1064B000C2F2000006B080BD80B590B00E908DF89D
:1064C00037104FF4077002F057F80C900C9860B931
:1064D000FFE70E98D0F8D41200EB81010020C1F83C
:1064E000C00202208DF83F00F0E00C984FF40771D5
:1064F000F9F79EFE0C980E99D1F8D42201EB820197
:10650000C1F8C0020E99D1F8D40201EB8000D0F896
:10651000C002C1F8BC020E98007C002840D1FFE701
:106520000E9840F20501C2F200010791097802229B
:1065300008924FF40073099301F0FAF90799089A49
:10654000099B0E98097801F00F0101EB810100EB26
:10655000810101200B9088840E9840F20601C2F25E
:1065600000010A91097801F0E3F90A9A0B980E9953
:10657000127802F00F0202EB820201EB8201A1F815
:1065800064010E9840F20401C2F20001097801F0A2
:106590000F0101EB810100EB81011020C8843EE076
:1065A0000E9840F20501C2F2000102910978022220
:1065B00003924023049301F0BBF90299039A049BD0
:1065C0000E98097801F00F0101EB810100EB8101C8
:1065D0000120069088840E9840F20601C2F2000164
:1065E0000591097801F0A4F9059A06980E99127898
:1065F00002F00F0202EB820201EB8201A1F86401BA
:106600000E9840F20401C2F20001097801F00F0176
:1066100001EB810100EB81011020C884FFE70E9897
:1066200040F20401C2F2000100910978032208231C
:1066300001F07EF900990E98097801F00F0101EB45
:10664000810100EB8101012088840C9900200190D8
:10665000C1F804020E98D0F8D41200EB8100D0F8F3
:10666000C4020068804701980C99C1F814020C9983
:10667000C1F818020C98D0F8040220B9FFE70220F4
:106680008DF83F0022E00E98007C70B9FFE70E986D
:1066900040F20601C2F2000109780C9AD2F80422F5
:1066A0004FF4007301F06AF90CE00E9840F2060115
:1066B000C2F2000109780C9AD2F80422402301F0BA
:1066C0005DF9FFE700208DF83F00FFE79DF83F00F0
:1066D00010B080BD80B584B002900298D0F8D4127A
:1066E00000EB8100D0F8C00201900298D0F8D412DB
:1066F00000EB8100D0F8C00220B9FFE703208DF83D
:106700000F0022E00298007C70B9FFE7029840F287
:106710000601C2F200010978019AD2F804224FF46E
:10672000007301F02BF90CE0029840F20601C2F26E
:1067300000010978019AD2F80422402301F01EF9E1
:10674000FFE700208DF80F00FFE79DF80F0004B071
:1067500080BD000083B001900091009820B9FFE750
:1067600003208DF80B000BE000980199D1F8D4229A
:1067700001EB8201C1F8C40200208DF80B00FFE795
:106780009DF80B0003B0704784B00290019102980D
:10679000D0F8D41200EB8100D0F8C002009000982D
:1067A00020B9FFE703208DF80F0007E0019800995A
:1067B000C1F8040200208DF80F00FFE79DF80F00DC
:1067C00004B0704785B00390029101920398D0F80D
:1067D000D41200EB8100D0F8C0020090009820B9DC
:1067E000FFE703208DF813000BE002980099C1F831
:1067F000080201980099C1F8100200208DF81300DA
:10680000FFE79DF8130005B07047000080B58AB01F
:10681000089007910898D0F8D41200EB8100D0F8C6
:10682000C002069000208DF81500ADF812008DF81A
:106830001100069820B9FFE703208DF82700C7E074
:106840000798007800F060000146039100285ED0B0
:10685000FFE70398202840F0AE80FFE70798C08844
:10686000002846D0FFE7079800780006002823D5C7
:10687000FFE70898D0F8D41200EB8100D0F8C402EA
:106880008368079A50780699D28898470798C088F5
:10689000082803D3FFE70720029003E00798C08889
:1068A0000290FFE70298ADF8160008980699BDF827
:1068B000162000F081F91BE007984078069981F8CE
:1068C00000020798C0883F2804D8FFE70798C088CF
:1068D000019002E040200190FFE70198069981F8BD
:1068E00001020898069991F8012200F037F9FFE7B4
:1068F0000CE00898D0F8D41200EB8100D0F8C40264
:1069000083680799487800229847FFE75BE007987B
:106910004078014600910B2844D80099DFE801F047
:10692000064142424242424242421C32089890F89A
:106930009C02032807D1FFE708980DF112010222FB
:1069400000F03AF907E00898079900F0F9F80320F9
:106950008DF81100FFE72DE0089890F89C020328BD
:1069600007D1FFE708980DF11501012200F024F985
:1069700007E00898079900F0E3F803208DF811006C
:10698000FFE717E0089890F89C02032808D0FFE77B
:106990000898079900F0D4F803208DF81100FFE75C
:1069A00008E007E00898079900F0CAF803208DF87E
:1069B0001100FFE707E00898079900F0C1F80320ED
:1069C0008DF81100FFE79DF811008DF82700FFE713
:1069D0009DF827000AB080BD80B584B0029002986F
:1069E000D0F8D41200EB8100D0F8C0020190012051
:1069F0008DF803000298D0F8D41200EB8100D0F893
:106A0000C00220B9FFE703208DF80F002AE00198AB
:106A1000D0F8140208BBFFE701990120C1F8140265
:106A20000198D0F81002029A40F20501C2F200016A
:106A30000B7803F00F0303EB830302EB83029061F7
:106A400002980978019BD3F80822D3F8103201F09C
:106A5000F3F800208DF80300FFE79DF803008DF8A0
:106A60000F00FFE79DF80F0004B080BD80B582B035
:106A700001908DF8031000208DF802000198D0F8E5
:106A8000B8124A689DF80310904720B1FFE7032031
:106A90008DF80200FFE79DF8020002B080BD000003
:106AA00080B582B001900091019890F89C02013865
:106AB00002280ED8FFE700984088012808D1FFE798
:106AC00001990020C1F8A402019800F08FF8FFE7B7
:106AD00004E00198009900F033F8FFE702B080BDB0
:106AE00082B001908DF80310002002B070470000C2
:106AF00082B001908DF80310002002B070470000B2
:106B000080B584B00390029101920398029A019B90
:106B10000021009100F032FF009804B080BD000019
:106B200080B584B00390029101920398029A019B70
:106B30000021009101F080F8009804B080BD0000B1
:106B400080B582B0019000910198802101F02CF86D
:106B50000198002101F028F802B080BD80B584B012
:106B600003900291019203990320C1F894020198C5
:106B70000399C1F8580101980399C1F85C01039881
:106B8000029A019B0021009100F0F8FE009804B0E9
:106B900080BD000080B582B0019001990520C1F848
:106BA000940201980023009319461A4600F0E6FE6D
:106BB000009802B080BD000080B584B003900291BF
:106BC000019203990220C1F8940201980399886107
:106BD00001980399C8610398029A019B00210091D2
:106BE00001F02AF8009804B080BD000080B582B0A2
:106BF000019001990420C1F89402019800230093A8
:106C000019461A4601F018F8009802B080BD00003D
:106C100080B582B08DF8070000919DF8070060B93B
:106C2000FFE7009A4AF23460C0F6000040F24411D7
:106C3000C2F2000100F0DEFA0BE0009A4AF2346082
:106C4000C0F6000040F24411C2F2000100F0D2FA96
:106C5000FFE740F24410C2F2000002B080BD000025
:106C600082B08DF80700009100991220088040F250
:106C7000B000C2F2000002B07047000080B582B0E0
:106C80008DF8070000919DF8070060B9FFE7009AB2
:106C90004AF22660C0F6000040F24411C2F2000140
:106CA00000F0A8FA0BE0009A4AF22660C0F6000055
:106CB00040F24411C2F2000100F09CFAFFE740F2FA
:106CC0004410C2F2000002B080BD000082B08DF816
:106CD0000700009100990420088040F2D800C2F219
:106CE000000002B07047000080B584B08DF80F003E
:106CF0000291029A4AF23F60C0F6000040F244114D
:106D0000C2F20001019100F075FA019804B080BD53
:106D100080B582B08DF8070000919DF8070060B93A
:106D2000FFE7009A4AF25260C0F6000040F24411B8
:106D3000C2F2000100F05EFA0BE0009A4AF25260E3
:106D4000C0F6000040F24411C2F2000100F052FA15
:106D5000FFE740F24410C2F2000002B080BD000024
:106D600080B582B08DF80700009100991A20088044
:106D7000FAF7F4FB40F2DC00C2F2000002B080BD82
:106D800080B584B0039002910298C088012805D094
:106D9000FFE703980299FFF7D3FE21E0039890F8EC
:106DA0009C12481E0191022804D3FFE70198032892
:106DB0000AD00FE0039900208860039800F10801D1
:106DC0000122FFF7F9FE0AE00398011D0122FFF7F7
:106DD000F3FE04E003980299FFF7B2FEFFE7FFE736
:106DE00004B080BD80B588B0079006910020ADF852
:106DF000160004908DF80F000698C07801380146FF
:106E00000291062800F21E810299DFE811F00700C6
:106E100011002E001B011B01E80000010798D0F8AB
:106E2000B4120A68007C0DF116019047049013E13A
:106E30000798007C60B9FFE70798D0F8B802816A2C
:106E40000DF11600884704900499022048700BE069
:106E50000798D0F8B802C16A0DF11600884704906F
:106E6000049902204870FFE7F6E006988078014612
:106E70000191052800F2A8800199DFE801F0031EC6
:106E800039546F8A0798D0F8B402406850B1FFE7D0
:106E90000798D0F8B4124A68007C0DF116019047AB
:106EA000049009E007980699FFF74AFE9DF80F0045
:106EB00001308DF80F00FFE790E00798D0F8B4029A
:106EC000806850B1FFE70798D0F8B4128A68007C58
:106ED0000DF116019047049009E007980699FFF715
:106EE0002FFE9DF80F0001308DF80F00FFE775E0D1
:106EF0000798D0F8B402C06850B1FFE70798D0F8FF
:106F0000B412CA68007C0DF116019047049009E0A4
:106F100007980699FFF714FE9DF80F0001308DF8D1
:106F20000F00FFE75AE00798D0F8B402006950B1AB
:106F3000FFE70798D0F8B4120A69007C0DF116013A
:106F40009047049009E007980699FFF7F9FD9DF82E
:106F50000F0001308DF80F00FFE73FE00798D0F8F1
:106F6000B402406950B1FFE70798D0F8B4124A69FB
:106F7000007C0DF116019047049009E007980699EE
:106F8000FFF7DEFD9DF80F0001308DF80F00FFE7E1
:106F900024E00798D0F8B402806950B1FFE7079861
:106FA000D0F8B4128A69007C0DF116019047049064
:106FB00009E007980699FFF7C3FD9DF80F0001301F
:106FC0008DF80F00FFE709E007980699FFF7B8FD75
:106FD0009DF80F0001308DF80F00FFE73CE00798A7
:106FE000007C48B9FFE70798D0F8B802416B0DF173
:106FF00016008847049009E007980699FFF7A0FD5E
:107000009DF80F0001308DF80F00FFE724E007988E
:10701000007C60B9FFE70798D0F8B802016B0DF16A
:1070200016008847049004990720487009E00798E3
:107030000699FFF785FD9DF80F0001308DF80F00D0
:10704000FFE709E007980699FFF77AFD9DF80F0022
:1070500001308DF80F00FFE79DF80F0008B1FFE742
:107060002AE00698C08818B3FFE7BDF81600C8B13B
:10707000FFE7BDF816000699C988884204DAFFE7E1
:10708000BDF81600009003E00698C0880090FFE766
:107090000098ADF8160007980499BDF81620FFF780
:1070A0008BFD04E007980699FFF74AFDFFE703E030
:1070B0000798FFF79BFDFFE708B080BD80B586B05D
:1070C00005908DF813100598039005980290002004
:1070D0000190029948880978884227DDFFE70298E5
:1070E0000078ADF80200FFE7BDF802000299498878
:1070F00088421ADAFFE703980DF1020100F034F834
:1071000003900398407805280ED1FFE7039801907B
:10711000019880789DF81310884201D1FFE704E0C0
:1071200000200190FFE7FFE7DEE7FFE7019806B0E8
:1071300080BD000083B0029000208DF80700029807
:107140000090FFE70098007848B1FFE79DF807003E
:1071500001308DF80700009801300090F2E79DF8AB
:10716000070003B07047000083B0029001910298BD
:1071700000900098027801990888104408800298CD
:107180000099097808440090009803B07047000007
:1071900080B582B001900091019890F89C0201386E
:1071A00002281FD8FFE70098C088022805D0FFE713
:1071B00001980099FFF7C4FC19E001990120C8600B
:1071C0000198D0F8A40230B1FFE70199C86840F0F7
:1071D0000200C860FFE7019800F10C010222FFF7EE
:1071E000EBFC04E001980099FFF7AAFCFFE702B06E
:1071F00080BD000080B586B0059004910392002008
:107200008DF80B00059808B9FFE73DE0059801905F
:107210000198FFF78FFF0146022000EB4100039920
:1072200008800398007804999DF80B2088549DF8F5
:107230000B0001308DF80B0004999DF80B20032002
:1072400088549DF80B0001308DF80B00FFE7019882
:107250000078C8B1FFE70198007804999DF80B20E9
:1072600088540198013001909DF80B0001308DF891
:107270000B0004999DF80B20002088549DF80B000A
:1072800001308DF80B00E2E706B080BD82B08DF8CA
:10729000070000208DF806009DF8070001460091C8
:1072A000032814D80099DFE801F002060A0E002036
:1072B0008DF806000FE003208DF806000BE001209A
:1072C0008DF8060007E003208DF8060003E0032098
:1072D0008DF80600FFE79DF8060002B07047000039
:1072E00080B584B0029001918DF80320029820B9F6
:1072F000FFE703208DF80F0023E002990020C1F87A
:10730000B8020299C1F8C4020299C1F8D0020198EA
:1073100028B1FFE701980299C1F8B402FFE702998A
:10732000012081F89C029DF80300029908700298E0
:1073300000F020FA8DF802009DF802008DF80F0091
:10734000FFE79DF80F0004B080BD000080B582B05B
:1073500001908DF8031000208DF802008DF80100D7
:107360000198D0F8C8029DF80310FAF7E5FE8DF8F1
:1073700002009DF80200FFF789FF8DF801009DF8DB
:10738000010002B080BD000080B582B001908DF890
:10739000031000208DF802008DF801000198D0F84C
:1073A000C8029DF80310FAF773FE8DF802009DF8ED
:1073B0000200FFF76BFF8DF801009DF8010002B09D
:1073C00080BD000080B588B006908DF8171004923B
:1073D0009DF81700002875D1FFE706981430039038
:1073E0000698D0F8940202285DD1FFE703998868D7
:1073F000C968884212D9FFE703998868CA68801A69
:10740000886006980499039A9268FFF789FB0698AA
:10741000002319461A4600F0B1FA43E00398816848
:10742000C06888421ED1FFE703994868C96888424E
:1074300018D3FFE7039840680699D1F8981288425C
:1074400010D2FFE70698002201921146FFF768FB71
:10745000019B0698C0F89832069819461A4600F023
:107460008DFA1EE0069890F89C02032811D1FFE7E0
:107470000698D0F8B802C06850B1FFE7069900201E
:10748000C1F8D4020698D0F8B812C9688847FFE757
:10749000FFE70698802100F087FB0698FFF77AFB4C
:1074A000FFE7FFE700E0FFE7069890F8A00240B191
:1074B000FFE7069800F04EFC0699002081F8A00234
:1074C000FFE740E006989DF8171041F08001FFF7B4
:1074D00007FB8DF80A009DF80A00FF2832D0FFE76D
:1074E0009DF80A0070BBFFE7069890F89C020328FD
:1074F00027D1FFE706989DF80A1000EB8100D0F82D
:10750000B8024069E0B1FFE79DF80A000699C1F8AA
:10751000D40206989DF80A1000EB8101D1F8B81248
:107520004A699DF8171090478DF80B009DF80B00E5
:1075300028B1FFE79DF80B008DF81F0007E0FFE77B
:10754000FFE7FFE7FFE700208DF81F00FFE79DF84A
:107550001F0008B080BD000080B58AB008908DF88B
:107560001F10069200208DF813009DF81F000028C0
:1075700040F08380FFE7089800F5AA70059008980E
:10758000D0F89402032876D1FFE705998868C96886
:1075900088421DD9FFE705998868CA68801A886003
:1075A000089802900698039005998868C9688842EF
:1075B00004D2FFE705988068019003E00598C06851
:1075C0000190FFE703990298019AFFF799FA51E0B9
:1075D000089890F8AA0200F01F000146009140B1FF
:1075E000FFE70098012808D0FFE7009802280CD098
:1075F00013E000208DF8120013E0089890F8AE1206
:10760000FFF776FA8DF812000BE0089890F8AE12AA
:10761000FFF766FA8DF8120003E000208DF81200E3
:10762000FFE79DF8120008BBFFE7089890F89C025E
:1076300003281AD1FFE708989DF8121000EB81008B
:10764000D0F8B802006978B1FFE79DF812000899F8
:10765000C1F8D40208989DF8121000EB8101D1F80E
:10766000B81209698847FFE7FFE7FFE70898FFF7C7
:10767000BDFAFFE700E0FFE740E008989DF81F1023
:1076800001F07F01FFF72CFA8DF812009DF812002F
:10769000FF2832D0FFE79DF8120070BBFFE7089883
:1076A00090F89C0203281ED1FFE708989DF812105D
:1076B00000EB8100D0F8B802806998B1FFE79DF82F
:1076C00012000899C1F8D40208989DF8121000EB36
:1076D0008101D1F8B8128A699DF81F1090478DF882
:1076E0001300FFE7FFE79DF8130028B1FFE79DF8BF
:1076F00013008DF8270005E0FFE7FFE700208DF875
:107700002700FFE79DF827000AB080BD81B00090F8
:10771000002001B07047000080B582B001900020C9
:107720008DF803000199012081F89C020198D0F89E
:10773000B80268B1FFE70198D0F8B8124A68017939
:10774000904720B1FFE703208DF80300FFE7FFE734
:107750009DF8030002B080BD80B582B001908DF825
:1077600003100198D0F8C8029DF80310FAF748FDFD
:1077700002B080BD80B584B0039003980078A8BBA8
:10778000FFE7039941F6B000C2F200000290C0F892
:1077900008150399C1F8C8024FF0A0410160042107
:1077A00041600222C260002101618261C161016207
:1077B0004162C1620163FBF7DDFA18B1FFE7F9F737
:1077C000C9FEFFE741F6B000C2F20000019080213F
:1077D0000091FAF797FB019800214022FAF79EFBEF
:1077E000009A01980121FAF799FBFFE7002004B005
:1077F00080BD000084B002908DF807100298D0F888
:10780000C80200909DF80700000600280ED5FFE78B
:1078100000989DF8071001F07F0101EBC10100EB1A
:10782000810090F83E008DF80F000DE000989DF863
:10783000071001F07F0101EBC10100EB810090F81E
:107840007E028DF80F00FFE79DF80F0004B070472F
:1078500080B584B002908DF807100298D0F8D41249
:1078600000EB8100D0F8B80220B9FFE703208DF8C3
:107870000F0020E0029890F89C02032817D1FFE740
:107880000298D0F8D41200EB8100D0F8B802006A58
:1078900060B1FFE70298D0F8D41200EB8101D1F873
:1078A000B8120A6A9DF807109047FFE7FFE700202B
:1078B0008DF80F00FFE79DF80F0004B080BD0000B9
:1078C00080B584B002908DF807100298D0F8D412D9
:1078D00000EB8100D0F8B80220B9FFE703208DF853
:1078E0000F0020E0029890F89C02032817D1FFE7D0
:1078F0000298D0F8D41200EB8100D0F8B802406AA8
:1079000060B1FFE70298D0F8D41200EB8101D1F802
:10791000B8124A6A9DF807109047FFE7FFE700207A
:107920008DF80F00FFE79DF80F0004B080BD000048
:1079300080B584B003908DF80B108DF80A20ADF857
:10794000083000208DF807008DF806000398D0F865
:10795000C8029DF80B10BDF808209DF80A30FAF710
:1079600061FC8DF807009DF80700FFF78FFC8DF88C
:1079700006009DF8060004B080BD000080B586B00A
:1079800005908DF813100392029300208DF80700E4
:107990008DF806000598D0F8C8029DF81310039AD8
:1079A000029BFAF7B5FC8DF807009DF80700FFF77A
:1079B0006DFC8DF806009DF8060006B080BD000045
:1079C00080B586B0059000208DF81300059A01213E
:1079D00082F89C120599C1F89402059948600599AE
:1079E000C1F8A402059981F8A0020598D0F8B80260
:1079F000A0B1FFE70598D0F8B802406868B1FFE78A
:107A00000598D0F8B8124A680179904720B1FFE78D
:107A100003208DF81300FFE7FFE7FFE7059800223A
:107A20000192402303931146FFF782FF019A039BC3
:107A3000059901200290A1F864010598C0F8603111
:107A400005988021FFF774FF02990398059A9184A5
:107A5000059908629DF8130006B080BD81B00090C2
:107A6000009890F89C02042807D1FFE7009890F84E
:107A70009D02009981F89C02FFE7002001B0704749
:107A800080B582B00190019890F89C02032813D130
:107A9000FFE70198D0F8B80268B1FFE70198D0F885
:107AA000B802C06930B1FFE70198D0F8B812C969CF
:107AB0008847FFE7FFE7FFE7002002B080BD000036
:107AC00082B001908DF803109DF8030001990874AD
:107AD000002002B07047000080B582B001908DF8A0
:107AE000031000208DF802008DF801000198D0F8F5
:107AF000C8029DF80310FBF72DFB8DF802009DF8DE
:107B00000200FFF7C3FB8DF801009DF8010002B0F1
:107B100080BD000080B584B003900291039800F20C
:107B2000AA20029900F0AAF803990120C1F8940252
:107B30000399B1F8B002C1F89802039890F8AA022C
:107B400000F01F000146009140B1FFE700980128B6
:107B50000CD0FFE70098022810D017E0039800F23D
:107B6000AA2100F04FFA8DF8070019E0039800F2FF
:107B7000AA2100F083FC8DF8070011E0039800F2C1
:107B8000AA2100F0A5FA8DF8070009E0039890F803
:107B9000AA1201F0800100F007F88DF80700FFE756
:107BA0009DF8070004B080BD80B582B001908DF8CB
:107BB000031000208DF802008DF801000198D0F824
:107BC000C8029DF80310FAF7E7FB8DF802009DF854
:107BD0000200FFF75BFB8DF801009DF8010002B089
:107BE00080BD000080B582B0019000208DF80300B8
:107BF0008DF802000198D0F8C802FBF7E7FA8DF87B
:107C000003009DF80300FFF741FB8DF802009DF88B
:107C1000020002B080BD000081B00090009890F892
:107C20009C02009981F89D020099042081F89C0231
:107C3000002001B07047000080B586B005908DF837
:107C400013100392029300208DF807008DF80600B0
:107C50000598D0F8C8029DF81310039A029BFAF712
:107C60000BFC8DF807009DF80700FFF70FFB8DF860
:107C700006009DF8060006B080BD000080B584B007
:107C8000039002910298019001980078039908707E
:107C9000019801300190019800780399487001988B
:107CA000013001900198FDF735FD03994880019856
:107CB000013001900198013001900198FDF72AFDF3
:107CC000039988800198013001900198013001905A
:107CD0000198FDF71FFD0399C88004B080BD000026
:107CE00080B584B0029001910020ADF802000198A7
:107CF00020B9FFE703208DF80F0026E001980299D4
:107D0000C1F8B8020298D0F8D41200EB8100D0F884
:107D1000B802C06A78B1FFE70298D0F8D41200EB3D
:107D20008100D0F8B802C16A0DF1020088470299BB
:107D3000C1F8D002FFE70299D1F8D8020130C1F8AA
:107D4000D80200208DF80F00FFE79DF80F0004B067
:107D500080BD000081B00090002001B0704700009D
:107D600080B584B00390029102988088B8BBFFE789
:107D70000298C08898BBFFE7029840887F282ED8D9
:107D8000FFE70298807800F07F008DF807000398E5
:107D900090F89C02032805D1FFE703980299FEF7AB
:107DA000CFFE1BE09DF80700039981F89E0203981F
:107DB0009DF80710FFF790FE0398FEF717FF9DF858
:107DC000070028B1FFE70399022081F89C0204E034
:107DD0000399012081F89C02FFE7FFE704E0039884
:107DE0000299FEF7ADFEFFE704B080BD80B582B01A
:107DF00001908DF8031000208DF802000198D0F852
:107E0000B80250B1FFE70198D0F8B8120A689DF89F
:107E1000031090478DF80200FFE79DF8020002B0C2
:107E200080BD000080B586B00490039100208DF8DD
:107E30000B000398817840F24110C2F200000170FB
:107E40000078022808D3FFE704980399FEF778FE2C
:107E500003208DF81700A0E0049890F89C020146DA
:107E60000191022804D0FFE7019803282FD07FE07A
:107E700040F24110C2F20000007818B3FFE740F270
:107E80004111C2F200010878049A50600498097800
:107E9000FFF7ACFF8DF80B009DF80B0048B1FFE732
:107EA00004980399FEF74CFE0499022081F89C0285
:107EB00007E00498FEF79AFE0499032081F89C02DB
:107EC000FFE703E00498FEF791FEFFE760E040F271
:107ED0004110C2F20000007898B9FFE7049902202F
:107EE00081F89C0240F24111C2F200010878049A24
:107EF000506004980978FEF7B9FD0498FEF776FE05
:107F000035E040F24110C2F200000078049949685F
:107F1000884227D0FFE704980179FEF7A7FD40F2D9
:107F20004111C2F200010878049A5060049809785F
:107F3000FFF75CFF8DF80B009DF80B0068B1FFE7C1
:107F400004980399FEF7FCFD04980179FEF78EFD75
:107F50000499022081F89C0203E00498FEF746FE93
:107F6000FFE703E00498FEF741FEFFE7FFE70FE0BD
:107F700004980399FEF7E4FD049840F24111C2F21F
:107F800000010978FEF772FD03208DF80B00FFE772
:107F90009DF80B008DF81700FFE79DF8170006B05D
:107FA00080BD000080B582B00190009100984088AB
:107FB000012808D1FFE701990120C1F8A402019826
:107FC000FEF714FE13E000984088022809D1FFE76D
:107FD00000984079019981F8A0020198FEF706FE09
:107FE00004E001980099FEF7ABFDFFE7FFE702B060
:107FF00080BD000080B582B001900198FFF7F2FDCE
:1080000002B080BD80B586B00590049100208DF847
:108010000F000498007800F0600001460291A8B1BA
:10802000FFE70298202804D0FFE70298402846D1B5
:10803000FFE70598D0F8D41200EB8101D1F8B8120F
:108040008A68049990478DF80F003DE004984078C5
:108050000146019109282CD80199DFE801F01B2580
:108060002A202A0A052A160F05980499FEF7BAFE57
:1080700024E005980499FFF773FE1FE00598049922
:10808000FFF7D0FE8DF80F0018E005980499FEF771
:1080900077FE13E005980499FFF77AF80EE005984B
:1080A0000499FFF77FFF09E005980499FEF7F8FCB3
:1080B00004E005980499FEF743FDFFE704E0059806
:1080C0000499FEF73DFDFFE79DF80F0006B080BD67
:1080D00080B58CB00B900A9100208DF821000A9891
:1080E00080888DF823000A98007800F0600001462F
:1080F0000791B8B3FFE70798202805D0FFE7079856
:10810000402840F0B281FFE70B989DF82310FEF75E
:10811000E7FC8DF822009DF82200FF2821D0FFE720
:108120009DF82200E8B9FFE79DF822000B99C1F8FD
:10813000D4020B989DF8221000EB8100D0F8B80211
:10814000806868B1FFE70B989DF8221000EB810171
:10815000D1F8B8128A680A9990478DF82100FFE794
:10816000FFE787E10A98407801460691002800F071
:10817000BD80FFE7069801284CD0FFE7069803284A
:1081800040F06D81FFE70B9890F89C020146059145
:10819000022804D0FFE70598032819D034E09DF8A1
:1081A000230078B1FFE79DF8230080280AD0FFE77D
:1081B0000B989DF82310FFF7F7FC0B988021FFF731
:1081C000F3FC04E00B980A99FEF7BAFCFFE720E005
:1081D0000A984088A0B9FFE79DF8230078B1FFE72F
:1081E0009DF8230080280AD0FFE70A98C08830B99C
:1081F000FFE70B989DF82310FFF7D6FCFFE7FFE79A
:108200000B98FEF7F3FC04E00B980A99FEF798FC34
:10821000FFE729E10B9890F89C020146049102289F
:1082200004D0FFE70498032819D059E09DF82300F3
:1082300078B1FFE79DF8230080280AD0FFE70B986C
:108240009DF82310FFF7B0FC0B988021FFF7ACFCE2
:1082500004E00B980A99FEF773FCFFE745E00A98E3
:108260004088E0BBFFE79DF82300400630B1FFE700
:108270000B989DF82310FFF769F8FFE70B98FEF7BE
:10828000B5FC0B989DF82310FEF72AFC8DF8220010
:108290009DF82200FF2821D0FFE79DF82200E8B9D1
:1082A000FFE79DF822000B99C1F8D4020B989DF8C6
:1082B000221000EB8100D0F8B802806868B1FFE7B7
:1082C0000B989DF8221000EB8101D1F8B8128A6852
:1082D0000A9990478DF82100FFE7FFE7FFE704E0E8
:1082E0000B980A99FEF72CFCFFE7BDE00B9890F87D
:1082F0009C0201460391022804D0FFE7039803285B
:1083000038D0A6E09DF8230050B1FFE79DF8230088
:10831000802805D0FFE70B980A99FEF711FC9DE035
:108320009DF82300000600280CD5FFE70B989DF868
:10833000231001F07F0101EB810100EB810014307B
:1083400002900CE00B989DF8231001F07F0101EBE7
:10835000810100EB810000F5AA700290FFE702980E
:1083600009900999002008600B9809990222FEF7EC
:1083700023FC73E09DF823000006002812D5FFE7D8
:108380000B989DF8231001F00F0101EB810100EB28
:108390008100808C28B9FFE70B980A99FEF7D0FB83
:1083A0005CE012E00B989DF8231001F00F0101EB47
:1083B000810100EB8100B0F8640128B9FFE70B9858
:1083C0000A99FEF7BDFB49E0FFE79DF82300000690
:1083D00000280CD5FFE70B989DF8231001F07F01D2
:1083E00001EB810100EB8100143001900CE00B984F
:1083F0009DF8231001F07F0101EB810100EB81006A
:1084000000F5AA700190FFE7019809909DF82300FC
:1084100028B1FFE79DF82300802804D1FFE70999E0
:10842000002008600FE00B989DF82310FFF7E2F999
:1084300020B1FFE709990120086003E009990020B5
:108440000860FFE7FFE70B9809990222FEF7B4FBEB
:1084500004E00B980A99FEF773FBFFE704E00B9822
:108460000A99FEF76DFBFFE704E00B980A99FEF707
:1084700067FBFFE79DF821000CB080BD80B584B09C
:108480000390029100208DF807000298007800F018
:1084900060000146009140B1FFE70098202804D019
:1084A000FFE7009840285AD1FFE7039890F89C0214
:1084B000013802284DD8FFE702980079012842D8F8
:1084C000FFE7039802990979FEF712FB8DF8060081
:1084D0009DF80600FF2825D0FFE79DF8060008BBA1
:1084E000FFE703989DF8061000EB8100D0F8B80272
:1084F000806890B1FFE79DF806000399C1F8D402A7
:1085000003989DF8061000EB8101D1F8B8128A6833
:10851000029990478DF8070003E003208DF80700CB
:10852000FFE703E003208DF80700FFE70298C0880B
:1085300040B9FFE79DF8070020B9FFE70398FEF771
:1085400055FBFFE704E003980299FEF7F9FAFFE70D
:1085500004E003980299FEF7F3FAFFE704E00398BA
:108560000299FEF7EDFAFFE79DF8070004B080BD21
:1085700081B0009001B0704781B0009040F244306B
:10858000C2F2000001B0704784B0039002910398DA
:10859000019002980078009002984078012830D12C
:1085A000FFE70298007800F00F01012000FA01F2C5
:1085B0000199D1F81C081043C1F81C0801980099D2
:1085C00000EB4110D0F800090004002818D4FFE7A0
:1085D0000299C8686FF3DF20097940EA8140009A68
:1085E00040EA8250019901EB4211D1F80029104371
:1085F00048F20002C1F200021043C1F80009FFE78F
:108600002EE00298007800F00F01012000FA01F23C
:108610000199D1F81C0840EA0240C1F81C080198F1
:10862000009900EB4110D0F8000B0004002816D48C
:10863000FFE70299C8686FF3DF20097940EA8140BB
:108640000199009A01EB4211D1F8002B104348F236
:108650000002C1F200021043C1F8000BFFE7FFE780
:10866000002004B07047000082B001900198009093
:108670000099D1F8000940F2FF729043C1F8000957
:108680000099D1F8040840F48070C1F80408002073
:1086900002B070472DE9F04F91B00191DDF88CB038
:1086A000DDF888A0DDF88490DDF880801F9F1E9E95
:1086B0001D9D1C9CDDF86CE0DDF868C001990199F6
:1086C000CDF840B0CDF83CA0CDF83890CDF834804E
:1086D0000C970B960A950994CDF820E0CDF81CC0B4
:1086E00006930592049103900998012822D1FFE78F
:1086F0000399886B20F4803088630399C8684FF62B
:10870000BF72CFF6BD721040C8600399C86820F4EC
:108710004010C8601098012806D1FFE70399C86887
:1087200040F48010C860FFE7039800F031F88DF83E
:108730000B0019E00399C86840F04000C860039836
:1087400000F026F88DF80B000D9830B9FFE703997B
:10875000886B40F48030886305E00399886B20F4CF
:1087600080308863FFE7FFE7079801280BD1FFE718
:108770000399886840F0060088600399886840F093
:1087800020008860FFE79DF80B0011B0BDE8F08F76
:1087900083B0019000200090FFE700980130009026
:1087A000009840F64151C0F20301884204D3FFE72C
:1087B00003208DF80B0028E0FFE701980069C00F47
:1087C0000028EAD0FFE7002000900199086940F0F6
:1087D00001000861FFE7009801300090009840F622
:1087E0004151C0F20301884204D3FFE703208DF812
:1087F0000B000AE0FFE701980069C0070028EAD1F2
:10880000FFE700208DF80B00FFE79DF80B0003B099
:108810007047000084B00390029103980190029881
:108820000078009002984078012845D1FFE7019830
:10883000009900EB4110D0F80009C00FA8B1FFE784
:108840000198009900EB4111D1F8000940F0006057
:10885000C1F800090198009900EB4111D1F8000915
:1088600040F08040C1F80009FFE70298007800F06E
:108870000F01012000FA01F3019AD2F83C18994344
:10888000C2F83C180299097801F00F0100FA01F2D0
:108890000199D1F81C089043C1F81C08019800996F
:1088A00000EB4111D1F8000947F60002CEF6334241
:1088B0001040C1F8000946E00198009900EB411012
:1088C000D0F8000BC00FA8B1FFE70198009900EBAA
:1088D0004111D1F8000B40F00060C1F8000B019885
:1088E000009900EB4111D1F8000B40F08040C1F835
:1088F000000BFFE70298007800F00F01012000FA5A
:1089000001F3019AD2F83C1821EA0341C2F83C185D
:108910000299097801F00F0100FA01F20199D1F8EA
:108920001C0820EA0240C1F81C080198009900EBDD
:108930004111D1F8000B47F60002CEF6F372104059
:10894000C1F8000BFFE7002004B0704782B001902F
:10895000019800900099D1F8000E20F00300C1F8B2
:10896000000E0099D1F8040820F00200C1F80408B4
:10897000002002B07047000082B001900198009082
:108980000099D1F8000E20F00300C1F8000E009904
:10899000D1F8040840F00200C1F80408002002B039
:1089A000704700002DE9F04F93B00191DDF894B0CD
:1089B000DDF890A0DDF88C90DDF88880219F209E66
:1089C0001F9D1E9CDDF874E0DDF870C001990199CF
:1089D000CDF848B0CDF844A0CDF84090CDF83C801B
:1089E0000E970D960C950B94CDF828E0CDF824C089
:1089F000089307920691059000208DF813000599C1
:108A000003910290FFE702980E280CD8FFE7059823
:108A1000029900EB81010020C1F80401FFE70298F0
:108A200001300290EFE71098B8B9FFE70399D1F849
:108A3000040840F00200C1F804080599886B40F46E
:108A4000001088630599886B20F4002088630599DD
:108A5000886B20F4802088630AE00599886B20F4F5
:108A6000001088630599886B40F400208863FFE755
:108A700003990020C1F8000E0399D1F80008C1F84D
:108A800000080B9801280ED1FFE7089828B9FFE7E6
:108A90000598002100F038FF04E00598012100F05E
:108AA00033FFFFE704E00598032100F02DFFFFE707
:108AB0000598102100F05EFD20B1FFE701208DF840
:108AC0001300FFE7059800F015FD20B1FFE7012036
:108AD0008DF81300FFE703990020C1F810080399EF
:108AE000C1F814080399C1F81C080290FFE7029826
:108AF000069988423BD2FFE70398029900EB4110A8
:108B0000D0F80009C00FB0B1FFE7029848B9FFE7FD
:108B10000398029900EB41114FF00060C1F8000981
:108B200008E00398029900EB41114FF09040C1F822
:108B30000009FFE707E00398029900EB41110020CC
:108B4000C1F80009FFE70398029900EB41110020EA
:108B5000C1F810090398029900EB41114FF67F30DC
:108B6000C1F80809FFE7029801300290BFE7002032
:108B70000290FFE70298069988423BD2FFE70398EC
:108B8000029900EB4110D0F8000BC00FB0B1FFE725
:108B9000029848B9FFE70398029900EB41114FF0A2
:108BA0000060C1F8000B08E00398029900EB411146
:108BB0004FF09040C1F8000BFFE707E003980299DF
:108BC00000EB41110020C1F8000BFFE70398029968
:108BD00000EB41110020C1F8100B0398029900EB43
:108BE00041114FF67F30C1F8080BFFE702980130C2
:108BF0000290BFE70399D1F8100820F48070C1F803
:108C0000100805990020886105996FF0804048613F
:108C1000099830B9FFE70599886940F0100088612C
:108C2000FFE70599886943F60002C8F23C02104349
:108C300088610C9830B1FFE70599886940F0080019
:108C40008861FFE71098012808D1FFE70599886936
:108C50000422C4F2000210438861FFE79DF813006C
:108C600013B0BDE8F08F000081B0009000998868D3
:108C700020F001008860002001B0704785B00490AA
:108C800003918DF80B2004980190039800780090D0
:108C900003984078012840F09580FFE703988069A9
:108CA000F8B9FFE70198009900EB4111D1F81009DC
:108CB0006FF3DC40C1F810090198009900EB4111F5
:108CC000D1F8100940F40020C1F81009019800996A
:108CD00000EB4111D1F810096FF31200C1F810092F
:108CE00035E00198009900EB4111D1F810096FF3BC
:108CF0001200C1F810090198009900EB4111D1F858
:108D000010096FF3DC40C1F810090398C16880694D
:108D1000884204D9FFE70399C8688861FFE7019892
:108D2000009900EB4111D1F8100940F40020C1F87E
:108D30001009039882696FF3DF420198009900EBF4
:108D40004111D1F810091043C1F81009FFE79DF84F
:108D50000B00012818D1FFE70398406948B1FFE7ED
:108D6000039840690199009A01EB4211C1F8140976
:108D7000FFE70198009900EB4111D1F8000940F09C
:108D80000440C1F800091CE00198009900EB411172
:108D9000D1F8000940F00440C1F800090398806947
:108DA00070B1FFE70398007800F00F01012000FA8E
:108DB00001F20199D1F834081043C1F83408FFE7F3
:108DC000FFE753E00198009900EB4111D1F8100B37
:108DD0006FF31200C1F8100B0198009900EB4111DC
:108DE000D1F8100B6FF3DC40C1F8100B03988069C9
:108DF00020B1FFE70399C8688861FFE70399C86855
:108E0000C8610198009900EB4111D1F8100B40F4B2
:108E10000020C1F8100B0398C2696FF3DF4201987C
:108E2000009900EB4111D1F8100B1043C1F8100B61
:108E30009DF80B0001280ED1FFE70398006948B1A7
:108E4000FFE7039800690199009A01EB4211C1F80C
:108E5000140BFFE7FFE70198009900EB4111D1F8EF
:108E6000000B40F00440C1F8000BFFE7002005B004
:108E70007047000086B004908DF80F10029204989D
:108E800001900498006C0090009843F20B01C4F626
:108E9000547188420BD3FFE70198D0F8000BC00F44
:108EA00020B1FFE700208DF817002EE0FFE70199C1
:108EB0000020C1F8100B0199D1F8100B40F40020EC
:108EC000C1F8100B0199D1F8100B40F01800C1F84F
:108ED000100B0199D1F8100B40F0C040C1F8100BF5
:108EE0009DF80F0001280CD1FFE702980199C1F805
:108EF000140B0199D1F8000B40F08020C1F8000B51
:108F0000FFE700208DF81700FFE79DF8170006B077
:108F10007047000084B0039002910398019002987A
:108F20000078009002984078012820D1FFE701984E
:108F3000009900EB4111D1F8000920F40010C1F8AC
:108F4000000902980079032805D0FFE7029800790C
:108F500002280BD1FFE70198009900EB4111D1F8ED
:108F6000000940F08050C1F80009FFE71FE00198B8
:108F7000009900EB4111D1F8000B20F40010C1F86A
:108F8000000B02980079032805D0FFE702980079CA
:108F900002280BD1FFE70198009900EB4111D1F8AD
:108FA000000B40F08050C1F8000BFFE7FFE7002006
:108FB00004B0704784B00390029103980190029826
:108FC0000078009002984078012822D1FFE70198AC
:108FD000009900EB4110D0F80009C00F70B9FFE70D
:108FE000009858B1FFE70198009900EB4111D1F8C2
:108FF000000920F08040C1F80009FFE701980099BE
:1090000000EB4111D1F8000940F40010C1F800094B
:1090100021E00198009900EB4110D0F8000BC00F3F
:1090200070B9FFE7009858B1FFE70198009900EB8D
:109030004111D1F8000B20F08040C1F8000BFFE790
:109040000198009900EB4111D1F8000B40F4001099
:10905000C1F8000BFFE7002004B0704780B588B06E
:10906000079006918DF817200798049006980078CD
:10907000039006984078012840F00381FFE70698A6
:109080008069F8B9FFE70498039900EB4111D1F822
:1090900010096FF3DC40C1F810090498039900EB44
:1090A0004111D1F8100940F40020C1F810090498CA
:1090B000039900EB4111D1F810096FF31200C1F8C8
:1090C000100950E00498039900EB4111D1F8100900
:1090D0006FF31200C1F810090498039900EB4111D5
:1090E000D1F810096FF3DC40C1F810090698C16887
:1090F000806908440138B0FBF1F10020C1F6F87036
:1091000000EAC1420498039900EB4111D1F810091B
:109110001043C1F81009069882696FF3DF42049882
:10912000039900EB4111D1F810091043C1F810095F
:1091300006980079012815D1FFE70498039900EB00
:109140004111D1F8100920F0C040C1F8100904986D
:10915000039900EB4111D1F8100940F00050C1F81B
:109160001009FFE7FFE79DF8170001283BD1FFE753
:109170000698406948B1FFE7069840690499039A48
:1091800001EB4211C1F81409FFE7069800790128A4
:109190001ED1FFE70498D0F80808C00500280BD4BA
:1091A000FFE70498039900EB4111D1F8000940F062
:1091B0000050C1F800090AE00498039900EB41113E
:1091C000D1F8000940F08050C1F80009FFE7FFE73F
:1091D0000498039900EB4111D1F8000940F00440D4
:1091E000C1F800094CE00498039900EB4111D1F853
:1091F000000940F00440C1F80009069800790128F0
:1092000013D0FFE70698806970B1FFE706980078F1
:1092100000F00F01012000FA01F20499D1F834089E
:109220001043C1F83408FFE729E00498D0F8080893
:10923000C00500280BD4FFE70498039900EB411107
:10924000D1F8000940F00050C1F800090AE0049884
:10925000039900EB4111D1F8000940F08050C1F8AA
:109260000009FFE70798069B19691A781B8B9DF880
:1092700017C0EE46CEF800C000F036FCFFE7FFE76F
:109280009DE00498039900EB4111D1F8100B6FF3A6
:109290001200C1F8100B0498039900EB4111D1F8AA
:1092A000100B6FF3DC40C1F8100B06988069C0B951
:1092B000FFE70698C2686FF3DF420498039900EB5A
:1092C0004111D1F8100B1043C1F8100B0498039909
:1092D00000EB4111D1F8100B40F40020C1F8100B45
:1092E0002CE00698C168806908440138B0FBF1F0B1
:1092F000ADF80A000699C868BDF80A205043C86155
:10930000BDF80A100020C1F6F87000EAC1420498C6
:10931000039900EB4111D1F8100B1043C1F8100B69
:109320000698C2696FF3DF420498039900EB41117C
:10933000D1F8100B1043C1F8100BFFE79DF8170090
:1093400001280ED1FFE70698006948B1FFE70698AB
:1093500000690499039A01EB4211C1F8140BFFE76D
:10936000FFE70698007901281ED1FFE70498D0F89E
:109370000808C00500280BD4FFE70498039900EB08
:109380004111D1F8000B40F00050C1F8000B0AE089
:109390000498039900EB4111D1F8000B40F0805084
:1093A000C1F8000BFFE7FFE70498039900EB4111B8
:1093B000D1F8000B40F00440C1F8000BFFE700209B
:1093C00008B080BD85B004900391002002908DF814
:1093D0000700049800900398407801283ED1FFE7E9
:1093E00000980399097800EB4110D0F80009C00FEC
:1093F00098B3FFE700980399097800EB4111D1F881
:10940000000940F00060C1F800090098039909784C
:1094100000EB4111D1F8000940F08040C1F800098B
:10942000FFE7029801300290029842F211718842DF
:1094300004D3FFE701208DF807000DE0FFE7009857
:109440000399097800EB4110D0F8000900F00040C2
:10945000B0F1004FE5D0FFE7FFE73DE0009803994A
:10946000097800EB4110D0F8000BC00F98B3FFE76C
:1094700000980399097800EB4111D1F8000B40F0F6
:109480000060C1F8000B00980399097800EB4111C6
:10949000D1F8000B40F08040C1F8000BFFE70298C4
:1094A00001300290029842F21171884204D3FFE722
:1094B00001208DF807000DE0FFE700980399097877
:1094C00000EB4110D0F8000B00F00040B0F1004F6D
:1094D000E5D0FFE7FFE7FFE79DF8070005B070471D
:1094E00081B000900099886840F0010088600020F9
:1094F00001B0704783B0019000200090FFE7009812
:1095000001300090009840F64151C0F203018842BA
:1095100004D3FFE703208DF80B0027E0FFE7019855
:109520000069C00F0028EAD0FFE7002000900199F1
:1095300010200861FFE7009801300090009840F685
:109540004151C0F20301884204D3FFE703208DF8A4
:109550000B000BE0FFE70198006900F010001028F5
:10956000E9D0FFE700208DF80B00FFE79DF80B0026
:1095700003B0704784B00290019100200090FFE793
:10958000009801300090009840F64151C0F203016C
:10959000884204D3FFE703208DF80F0029E0FFE79E
:1095A00002980069C00F0028EAD0FFE70020009071
:1095B00001988001203002990861FFE7009801308E
:1095C0000090009840F64151C0F20301884204D354
:1095D000FFE703208DF80F000BE0FFE7029800691A
:1095E00000F020002028E9D0FFE700208DF80F00D0
:1095F000FFE79DF80F0004B07047000084B00390AF
:10960000039802900298D0F8080800F00600009035
:10961000009820B9FFE700208DF8070010E00098BF
:10962000022804D0FFE70098062804D1FFE70220B3
:109630008DF8070003E00F208DF80700FFE7FFE734
:109640009DF8070004B0704781B000900098406911
:1096500000F0010001B0704783B0029002980190C1
:109660000198D0F8180800900198D0F81C180098BC
:1096700008400090BDF8000003B0704783B002902E
:10968000029801900198D0F8180800900198D0F83D
:109690001C18009808400090BDF8020003B0704705
:1096A00086B005908DF81310059803900398D0F8B4
:1096B000100801900398D0F83408009000989DF8A5
:1096C000131001F00F01C84000F00101019840EAB9
:1096D000C110019003989DF8131000EB4110D0F8D1
:1096E0000809019908400290029806B070470000EE
:1096F00084B003908DF80B100398019001989DF8A9
:109700000B1000EB4110D0F8080B00900198D0F836
:109710001418009808400090009804B070470000AA
:1097200082B0019001984069009001988169009889
:1097300008400090009802B07047000089B008907F
:109740000791ADF81A200898059007980490BDF885
:109750001A0080080190BDF81A0000F00300ADF86F
:10976000020000200290FFE702980199884217D278
:10977000FFE705984FF48051405804990860049819
:109780000130049004980130049004980130049052
:10979000049801300490FFE7029801300290E3E75B
:1097A000BDF8020008B3FFE70020029005984FF4CF
:1097B000805140580390FFE703989DF80810C900B6
:1097C000C840049908700298013002900498013052
:1097D0000490BDF802000138ADF80200FFE7BDF8C3
:1097E00002000028E8D1FFE7FFE7049809B07047BE
:1097F00080B586B004908DF80F1000200290049977
:10980000C86820F0C040C8609DF80F00012823D12F
:10981000FFE70499C86840F00050C860FFE70120E6
:10982000F8F79AF8029801300290FFE70498FFF7E2
:109830000BFF014600200129019007D0FFE70299A4
:109840000020322938BF01200190FFE70198C007AE
:109850000028E4D1FFE72AE09DF80F0010BBFFE7E6
:109860000499C86840F08040C860FFE70120F8F71D
:1098700073F8029801300290FFE70498FFF7E4FEC6
:1098800001460020009039B1FFE7029900203229FB
:1098900038BF01200090FFE70098C0070028E5D1FD
:1098A000FFE703E001208DF817000CE0FFE70298C6
:1098B000322804D1FFE701208DF8170003E00020D3
:1098C0008DF81700FFE79DF8170006B080BD000077
:1098D00083B002908DF80710029800900099D1F89B
:1098E000000820F4FE60C1F800089DF8070000F0B1
:1098F0007F020099D1F8000840EA0210C1F8000880
:10990000002003B07047000083B002908DF807106C
:10991000029800909DF807200099D1F800081043A4
:10992000C1F80008002003B07047000084B0039025
:1099300002918DF807209DF80700022840F0B880BA
:10994000FFE702984AF6C041C0F2D80188420BD323
:10995000FFE702984EF2BF11C0F2E401884203D83B
:10996000FFE70F200090A2E002984EF2C011C0F273
:10997000E40188420BD3FFE7029842F2FF31C0F2C4
:10998000F401884203D8FFE70E2000908EE0029891
:1099900042F20041C0F2F40188420BD3FFE7029883
:1099A00047F27F31C0F20611884203D8FFE70D204D
:1099B00000907AE0029847F28031C0F206118842A6
:1099C0000BD3FFE7029844F69F11C0F21A118842A8
:1099D00003D8FFE70C20009066E0029844F6A0113F
:1099E000C0F21A1188420BD3FFE7029842F6FF41FA
:1099F000C0F23111884203D8FFE70B20009052E0FB
:109A0000029842F60051C0F2311188420BD3FFE7B1
:109A100002984AF23F41C0F24C11884203D8FFE756
:109A20000A2000903EE002984AF24041C0F24C11F8
:109A300088420BD3FFE7029843F2FF51C0F26E1148
:109A4000884203D8FFE7092000902AE0029843F2F9
:109A50000061C0F26E1188420BD3FFE702984AF60C
:109A60001F31C0F2A611884203D8FFE708200090FA
:109A700016E002984AF62031C0F2A61188420BD3B4
:109A8000FFE7029844F2FF71C0F2E811884203D860
:109A9000FFE70720009002E006200090FFE7FFE7C5
:109AA000FFE7FFE7FFE7FFE7FFE7FFE7FFE70AE082
:109AB0009DF8070018B9FFE70920009002E009208F
:109AC0000090FFE7FFE70399C86820F47050C86072
:109AD000009800F00F020399C86840EA8220C8602D
:109AE000002004B07047000080B588B084460A9812
:109AF000CDF81CC006918DF81720ADF814308DF804
:109B0000130007980390069802909DF8130048BB35
:109B1000FFE7BDF81400033080080190002000909A
:109B2000FFE70098019988421BD2FFE7029800687E
:109B300003999DF8172001EB02314FF480528850B1
:109B40000298013002900298013002900298013090
:109B50000290029801300290FFE7009801300090D7
:109B6000DFE7FFE7002008B080BD0000FFE7FEE769
:109B700081B08DF803009DF9030000280ED4FFE7A3
:109B80009DF9031001F01F02012090404A094EF296
:109B90000011CEF2000141F82200FFE701B070474A
:109BA0004EF60C50CEF200000068C0F30220704761
:109BB00082B08DF8070000919DF9070000280AD4B3
:109BC000FFE7009800019DF907104EF20042CEF227
:109BD000000288540BE0009800019DF8071001F086
:109BE0000F014EF61452CEF200028854FFE702B085
:109BF0007047000083B00290029800F007000090C8
:109C00004EF60C51CEF200010868019001984FF613
:109C1000FF02104001900198009A40EA02200022C1
:109C2000C0F2FA52104301900198086003B07047E7
:109C300080B582B0019000919DF80400FBF73EFDD5
:109C4000019802B080BD000080B582B00020009075
:109C50000190F8F7ABF8FBF7A7FDFAF7B9FEFBF7B1
:109C600089F8FBF767F8FBF725F8FAF78DFEFAF7A6
:109C7000D1FFFAF7F7FF009B40F20000C2F20000AC
:109C80004FF4806219464FF0FF30FCF7EBF94FF4C8
:109C90007A70F7F761FE4AF21260C0F6000000F039
:109CA0000BF8009841F65E71C2F200010870FFE700
:109CB000FBF710FAFCE700000FB4054B10B503A941
:109CC000044A029800F0E2F810BC5DF814FB0000B2
:109CD000319C00080000002002E008C8121F08C1E3
:109CE000002AFAD170477047002001E001C1121F1D
:109CF000002AFBD1704700002DE9FF5F82B00021F0
:109D0000DDE90430020DDDF840B0034318D044F61D
:109D10001050A2F2FF3242431514119801281FD0AF
:109D2000A5EB0B00401C5FEA000A4FF000064E4F07
:109D3000DFF83891B046504615D5CAF1000413E05B
:109D4000119801244AA3012801D16FEA0B0102985E
:109D5000119AC0E90031C0E9024206B0BDE8F09FA7
:109D6000CBF10000DFE704460021404A491842EBEE
:109D70000450CDE9001012E0E00707D032463B4620
:109D800040464946F6F703FF8046894632463B4641
:109D900010461946F6F7FBFE06460F466410002CE7
:109DA000EAD1DDE90401DDE90023BAF1000F06DAAA
:109DB000F6F7EDFE42464B46F6F7E9FE05E0F6F70C
:109DC00058FF42464B46F6F754FF04460E46002223
:109DD000284BF6F7D5FF03D84FF0FF30014607E0D8
:109DE0000022254B20463146F6F72AFEF6F7B0FF53
:109DF000102409E0002C0ADB0A220023F6F7E0F920
:109E0000039B30321A55641E50EA0102F2D1641CE1
:109E1000039AC4F111031444119A012A03D00122B8
:109E200008430DD10AE0084304D000204FF0110B85
:109E3000119072E7A3EB0B056D1E0DE05B4504DD91
:109E40004FF0000205F1010504E003DA4FF00002D3
:109E5000A5F10105002AECD002981199C0E9023160
:109E6000C0E9004579E70000000014400000F03F21
:109E7000300000000000F0430000E03F30380A28C6
:109E800001D2012070470020704700002DE9FF4FEC
:109E900095B09B468946064600250FE2252877D1D6
:109EA00000242746F84A0121059400E0044316F8EF
:109EB000013F203B01FA03F01042F7D130782A2805
:109EC00011D06FF02F033078A0F13002092A16D894
:109ED000059A44F0020402EB820203EB42021044B2
:109EE000761C0590EFE759F8042B0592002A03DA57
:109EF000504244F40054059044F00204761C30783B
:109F00002E2816D116F8010F44F004042A280DD08B
:109F10006FF02F023078A0F13003092B09D807EB3E
:109F2000870302EB4303C718761CF3E759F8047B59
:109F3000761C30786C280FD006DC4C2817D06828A7
:109F40000DD06A2814D104E0742810D07A280FD1DB
:109F50000DE044F400140AE044F4801401E044F4F9
:109F600040147278824202D104F58014761C761C6B
:109F7000307866280BD013DC582877D009DC00280D
:109F800075D04528F6D04628F4D047281AD19DE14F
:109F900018E0632835D0642879D0652812D195E17E
:109FA000702873D008DC6728F1D069286FD06E283C
:109FB0000DD06F2806D1B5E073282CD0752875D048
:109FC000782874D05A46179990476D1C75E1C4F3F0
:109FD0000250022809D003280DD0D9F80010042817
:109FE0000DD00D6009F1040967E1D9F80010EA17F6
:109FF000C1E90052F6E7D9F800100D80F2E70D70C4
:10A00000F0E719F8041B8DF8001000208DF801000E
:10A01000EA46012003E059F804AB4FF0FF30610736
:10A020004FF0000102D40DE008F101018846B94269
:10A030000FDA8045F8DB1AF808100029F4D108E09F
:10A0400008F1010188468142FADB1AF8081000295C
:10A05000F6D105985B46A0EB080721463846179ACB
:10A0600000F094FA284400EB080507E04DE029E1F0
:10A070000DE01AF8010B5A4617999047B8F10108FC
:10A08000F7D25B4621463846179A13E142E00A228E
:10A090000092C4F302524FF0000A022A08D059F885
:10A0A00004CB032A4FEAEC710AD00DE029E02AE044
:10A0B00009F1070121F00702F2E802C1914609E027
:10A0C0000FFA8CFC4FEAEC71042A03D14FFA8CFC96
:10A0D0004FEAEC71002907DA0A460021DCF1000C96
:10A0E00061EB02012D2202E0220504D52B228DF81E
:10A0F0000420012203E0E20701D02022F7E7904686
:10A1000059E00A2102E010220DE010214FF0000A70
:10A1100000910BE010224FF0000A44F004040827DD
:10A12000009203E008224FF0000A0092C4F30252AA
:10A13000022A05D059F804CB0021032A08D009E0EF
:10A1400009F1070121F00702F2E802C1914605E09A
:10A150001FFA8CFC042A01D10CF0FF0C4FF0000810
:10A16000220728D5702806D0009B83F0100353EAFD
:10A170000A0305D00EE040228DF80420012208E0F9
:10A180005CEA010206D030228DF804208DF805002B
:10A1900002229046009B83F0080353EA0A030AD187
:10A1A0005CEA010201D1620705D530228DF8042056
:10A1B0004FF001087F1E582804D034A003900EA849
:10A1C00002900DE036A0F9E753466046009AF5F795
:10A1D000F7FF84460398825C0298401E029002704A
:10A1E0005CEA0100F0D1029806A9081A00F1200AE1
:10A1F000600702D524F4803400E00127574502DDD2
:10A20000A7EB0A0000E0002000EB0A01009005988F
:10A210004144401A0590E00306D45B462146179A54
:10A22000059800F0B3F90544002706E001A85A4656
:10A23000C05D179990476D1C7F1C4745F6DBE00316
:10A240000CD55B462146179A059800F09FF9054406
:10A2500004E030205A46179990476D1C0099481E1B
:10A2600000900029F5DC08E0029802995A4600782F
:10A27000491C0291179990476D1CBAF10001AAF18F
:10A28000010AF1DC65E100000928010030313233B8
:10A290003435363738396162636465660000000022
:10A2A000303132333435363738394142434445460C
:10A2B0000000000000F058F90544761C30780028B2
:10A2C0007FF4ECAD19B02846BDE8F08F620700D4EA
:10A2D000062709F1070222F0070CFCE80223E146F9
:10A2E00003F000485FEA080C02D00FF2702C0DE07A
:10A2F0005FEA045C02D50FF2682C07E05FEAC47CD9
:10A3000002D00FF2602C01E0AFF2700C4FF0FF387A
:10A3100023F00043CDF850C065280CD006DC45285A
:10A3200009D046281DD047283DD13DE0662818D0E9
:10A3300067287ED138E00021112F01DB112000E0D9
:10A34000781CCDE9000106A90EA8FFF7D5FCDDE9D0
:10A350000F010E9A03910021009207F1010A049166
:10A360004DE04FF000400097CDE9011006A90EA87E
:10A37000FFF7C2FCDDE90F0203920E9B1199002248
:10A38000DDF80CA00093049211B9791C00EB010ACE
:10A39000B7EB0A0004D4C0F1FF3007F1010A0490C2
:10A3A000AAEB0700019044E0012F00DA0127002109
:10A3B000112F01DD112000E03846CDE9000106A98A
:10A3C0000EA8FFF799FCDDE90F010E9A0391002119
:10A3D00004910092BA4621070CD40399514500DA42
:10A3E0008A46BAF1010F05DD009AAAF10101515C1C
:10A3F000302908D0B84202DA10F1040F06DA012140
:10A40000CDE9011015E0AAF10101E9E7002805DC1A
:10A41000049901440491AAEB000102E0411C51455A
:10A4200000DD8A460499401A401C01904FF000401C
:10A430000290200704D40198504501DBCDF8048038
:10A4400000208DF84F0002980DF14F07B0F1004F3A
:10A4500025D02B200E9002984FF0020800280CDA2D
:10A46000404202902D200E9007E00A210298F5F755
:10A470000DFF3031029007F8011DB8F10001A8F17D
:10A480000108F2DC02980028EFD1791E0E980870BE
:10A49000307800F0200040F0450007F8020D12A8C7
:10A4A000C01B00F107081498007800B1012000EBF0
:10A4B0000A01019801EBE07105984144401A401EE1
:10A4C0000590E00306D45B462146179A059800F0F4
:10A4D0005DF805441498007818B15A4617999047CA
:10A4E0006D1CE00324D55B462146179A059800F0C1
:10A4F0004DF805441CE00498002807DBDDE9030162
:10A50000884203DD0098405C179901E017993020DC
:10A510005A469047049805F10105401C04900198A3
:10A52000401E019004D12E205A46179990476D1C69
:10A53000BAF10001AAF1010ADDDC05E017F8010B10
:10A540005A46179990476D1CB8F10001A8F101080F
:10A55000F4DC5B462146179A0598ABE62D00000017
:10A560002B000000200000002DE9F04104460025EA
:10A570001E461746880404D405E039462020B0471B
:10A580006D1C641EF9D52846BDE8F0812DE9F04127
:10A59000044600251E469046C80301D5302700E03A
:10A5A0002027880404D505E041463846B0476D1C95
:10A5B000641EF9D52846BDE8F081DDDDDDDDDCBBBC
:10A5C000BBDDDDDDDDDDDDDDDDDD988888888888CB
:10A5D000888877777777778888888555555666662F
:10A5E00066666666666666688888833333322222CA
:10A5F0002222222222222228888D00000000000030
:10A60000000001020304060708090000000001021F
:10A610000304696E6974207375637373657366757B
:10A620006C6C20210A0043444320496E74657266B5
:10A630006163650043444320436F6E66696700535E
:10A64000544D6963726F656C656374726F6E696394
:10A65000730053544D3332205669727475616C2007
:10A66000436F6D506F7274004F4B0D0A004261646E
:10A6700020436F6D6D616E640D0A005175657565DF
:10A680002046756C6C0D0A00256320257520257504
:10A690002025686875006D6F746F7220646972653B
:10A6A0006374696F6E203020210A006D6F746F72C1
:10A6B00020646972656374696F6E203120210A001D
:10A6C0006D6F746F72206F666620210A006D6F7463
:10A6D0006F722073746F70207475726E696E67206C
:10A6E000210A006D6F746F7220737461727420742C
:10A6F00075726E696E6720210A006D6F746F72202B
:10A700006F6E20210A00000028A70008000000202A
:10A7100000010000D89C000828A8000800010020C3
:10A7200068280000E89C0008000000008281010009
:10A73000616C0008CD6C0008E96C0008116D000820
:10A74000616D0008116C00087D6C00080024F400A5
:10A75000B9640008F56100080D68000800000000F9
:10A76000E1620008916000088561000800000000B7
:10A770000000000000000000DD63000871630008B5
:10A780004D6400085963000809024300020100C03B
:10A790003209040000010202010005240010010535
:10A7A0002401000104240202052406000107058299
:10A7B0000308001009040100020A00000007050157
:10A7C0000240000007058102400000000A06000266
:10A7D00000000040010000001201000202020040DF
:10A7E00083044057000201020301000061130008C6
:10A7F0005D1300080113000895130008E113000819
:10A80000040309041A030000000000000000000017
:10A810000000000000000000000000000000010037
:08A82000100000000000000020
:040000050800018965
:00000001FF
